{
  "features": [
    {
      "geometry": {
        "coordinates": [
          116.32502,
          40.05214
        ],
        "type": "Point"
      },
      "id": "OSM-NODE-10067965827-DAILY_LIFE",
      "properties": {
        "access": "yes",
        "amenity": "toilets",
        "evidence_status": "contextual",
        "id": "OSM-NODE-10067965827-DAILY_LIFE",
        "layer": "daily_life",
        "name": "运输七厂门口",
        "osm_id": 10067965827,
        "osm_type": "node"
      },
      "type": "Feature"
    },
    {
      "geometry": {
        "coordinates": [
          116.306203,
          39.986916
        ],
        "type": "Point"
      },
      "id": "OSM-NODE-10082171457-DAILY_LIFE",
      "properties": {
        "amenity": "toilets",
        "evidence_status": "contextual",
        "id": "OSM-NODE-10082171457-DAILY_LIFE",
        "layer": "daily_life",
        "osm_id": 10082171457,
        "osm_type": "node"
      },
      "type": "Feature"
    },
    {
      "geometry": {
        "coordinates": [
          116.348859,
          39.98037
        ],
        "type": "Point"
      },
      "id": "OSM-NODE-10120300296-DAILY_LIFE",
      "properties": {
        "amenity": "hospital",
        "evidence_status": "contextual",
        "id": "OSM-NODE-10120300296-DAILY_LIFE",
        "layer": "daily_life",
        "name": "北医三院生殖门诊",
        "name:zh": "北医三院生殖门诊",
        "osm_id": 10120300296,
        "osm_type": "node"
      },
      "type": "Feature"
    },
    {
      "geometry": {
        "coordinates": [
          116.38199,
          39.955369
        ],
        "type": "Point"
      },
      "id": "OSM-NODE-10137766051-DAILY_LIFE",
      "properties": {
        "access": "yes",
        "amenity": "toilets",
        "evidence_status": "contextual",
        "id": "OSM-NODE-10137766051-DAILY_LIFE",
        "layer": "daily_life",
        "name": "安德里北街36号楼旁",
        "opening_hours": "24/7",
        "operator": "北京环雅丽都投资有限公司西城第一环卫分公司",
        "osm_id": 10137766051,
        "osm_type": "node",
        "wheelchair": "yes"
      },
      "type": "Feature"
    },
    {
      "geometry": {
        "coordinates": [
          116.380969,
          39.958181
        ],
        "type": "Point"
      },
      "id": "OSM-NODE-10137766053-DAILY_LIFE",
      "properties": {
        "access": "yes",
        "amenity": "toilets",
        "evidence_status": "contextual",
        "id": "OSM-NODE-10137766053-DAILY_LIFE",
        "layer": "daily_life",
        "name": "人定湖北巷",
        "opening_hours": "24/7",
        "operator": "北京环雅丽都投资有限公司西城第一环卫分公司",
        "osm_id": 10137766053,
        "osm_type": "node"
      },
      "type": "Feature"
    },
    {
      "geometry": {
        "coordinates": [
          116.387395,
          39.95503
        ],
        "type": "Point"
      },
      "id": "OSM-NODE-10137803560-DAILY_LIFE",
      "properties": {
        "access": "yes",
        "amenity": "toilets",
        "evidence_status": "contextual",
        "id": "OSM-NODE-10137803560-DAILY_LIFE",
        "layer": "daily_life",
        "name": "黄寺60路总站",
        "opening_hours": "24/7",
        "operator": "北京市东城区环境卫生服务中心七所",
        "osm_id": 10137803560,
        "osm_type": "node"
      },
      "type": "Feature"
    },
    {
      "geometry": {
        "coordinates": [
          116.33294,
          40.00448
        ],
        "type": "Point"
      },
      "id": "OSM-NODE-10140152081-DAILY_LIFE",
      "properties": {
        "amenity": "toilets",
        "evidence_status": "contextual",
        "id": "OSM-NODE-10140152081-DAILY_LIFE",
        "layer": "daily_life",
        "name": "八家村委员东",
        "name:zh": "八家村委员东",
        "opening_hours": "24/7",
        "operator": "北京海淀生态环保有限公司",
        "osm_id": 10140152081,
        "osm_type": "node"
      },
      "type": "Feature"
    },
    {
      "geometry": {
        "coordinates": [
          116.36435,
          39.94655
        ],
        "type": "Point"
      },
      "id": "OSM-NODE-10150958830-DAILY_LIFE",
      "properties": {
        "access": "yes",
        "amenity": "toilets",
        "evidence_status": "contextual",
        "id": "OSM-NODE-10150958830-DAILY_LIFE",
        "layer": "daily_life",
        "name": "后坑胡同移动（免冲）",
        "opening_hours": "24/7",
        "operator": "北京环雅丽都投资有限公司西城第三环卫分公司",
        "osm_id": 10150958830,
        "osm_type": "node"
      },
      "type": "Feature"
    },
    {
      "geometry": {
        "coordinates": [
          116.372198,
          39.949516
        ],
        "type": "Point"
      },
      "id": "OSM-NODE-10151272499-DAILY_LIFE",
      "properties": {
        "amenity": "toilets",
        "evidence_status": "contextual",
        "id": "OSM-NODE-10151272499-DAILY_LIFE",
        "layer": "daily_life",
        "osm_id": 10151272499,
        "osm_type": "node"
      },
      "type": "Feature"
    },
    {
      "geometry": {
        "coordinates": [
          116.312168,
          40.001588
        ],
        "type": "Point"
      },
      "id": "OSM-NODE-10161910483-DAILY_LIFE",
      "properties": {
        "amenity": "hospital",
        "evidence_status": "contextual",
        "id": "OSM-NODE-10161910483-DAILY_LIFE",
        "layer": "daily_life",
        "name": "校医院",
        "name:en": "University Hospital",
        "name:zh": "校医院",
        "operator": "清华大学",
        "osm_id": 10161910483,
        "osm_type": "node",
        "wheelchair": "yes"
      },
      "type": "Feature"
    },
    {
      "geometry": {
        "coordinates": [
          116.37466,
          39.97337
        ],
        "type": "Point"
      },
      "id": "OSM-NODE-10169064181-DAILY_LIFE",
      "properties": {
        "amenity": "toilets",
        "evidence_status": "contextual",
        "id": "OSM-NODE-10169064181-DAILY_LIFE",
        "layer": "daily_life",
        "name": "土城松林",
        "opening_hours": "24/7",
        "operator": "北京海淀生态环保有限公司",
        "osm_id": 10169064181,
        "osm_type": "node"
      },
      "type": "Feature"
    },
    {
      "geometry": {
        "coordinates": [
          116.302108,
          39.989308
        ],
        "type": "Point"
      },
      "id": "OSM-NODE-10170365382-DAILY_LIFE",
      "properties": {
        "amenity": "hospital",
        "evidence_status": "contextual",
        "id": "OSM-NODE-10170365382-DAILY_LIFE",
        "layer": "daily_life",
        "operator": "北京大学",
        "osm_id": 10170365382,
        "osm_type": "node",
        "wheelchair": "yes"
      },
      "type": "Feature"
    },
    {
      "geometry": {
        "coordinates": [
          116.318192,
          39.9993
        ],
        "type": "Point"
      },
      "id": "OSM-NODE-10188901409-DAILY_LIFE",
      "properties": {
        "amenity": "toilets",
        "evidence_status": "contextual",
        "id": "OSM-NODE-10188901409-DAILY_LIFE",
        "layer": "daily_life",
        "osm_id": 10188901409,
        "osm_type": "node"
      },
      "type": "Feature"
    },
    {
      "geometry": {
        "coordinates": [
          116.317559,
          40.001979
        ],
        "type": "Point"
      },
      "id": "OSM-NODE-10188911947-DAILY_LIFE",
      "properties": {
        "amenity": "toilets",
        "evidence_status": "contextual",
        "id": "OSM-NODE-10188911947-DAILY_LIFE",
        "layer": "daily_life",
        "osm_id": 10188911947,
        "osm_type": "node"
      },
      "type": "Feature"
    },
    {
      "geometry": {
        "coordinates": [
          116.323317,
          40.000223
        ],
        "type": "Point"
      },
      "id": "OSM-NODE-10188911992-DAILY_LIFE",
      "properties": {
        "amenity": "theatre",
        "evidence_status": "contextual",
        "id": "OSM-NODE-10188911992-DAILY_LIFE",
        "layer": "daily_life",
        "name": "新清华学堂实验剧场",
        "operator": "清华大学",
        "osm_id": 10188911992,
        "osm_type": "node",
        "wheelchair": "yes"
      },
      "type": "Feature"
    },
    {
      "geometry": {
        "coordinates": [
          116.324127,
          40.004283
        ],
        "type": "Point"
      },
      "id": "OSM-NODE-10188912115-DAILY_LIFE",
      "properties": {
        "amenity": "community_centre",
        "evidence_status": "contextual",
        "id": "OSM-NODE-10188912115-DAILY_LIFE",
        "layer": "daily_life",
        "name": "南区学生活动中心",
        "osm_id": 10188912115,
        "osm_type": "node"
      },
      "type": "Feature"
    },
    {
      "geometry": {
        "coordinates": [
          116.321955,
          40.007391
        ],
        "type": "Point"
      },
      "id": "OSM-NODE-10188912116-DAILY_LIFE",
      "properties": {
        "amenity": "community_centre",
        "evidence_status": "contextual",
        "id": "OSM-NODE-10188912116-DAILY_LIFE",
        "layer": "daily_life",
        "name": "学生社区活动中心",
        "name:zh": "学生社区活动中心",
        "operator": "清华大学",
        "osm_id": 10188912116,
        "osm_type": "node",
        "wheelchair": "yes"
      },
      "type": "Feature"
    },
    {
      "geometry": {
        "coordinates": [
          116.319071,
          39.998464
        ],
        "type": "Point"
      },
      "id": "OSM-NODE-10198894136-DAILY_LIFE",
      "properties": {
        "amenity": "social_facility",
        "evidence_status": "contextual",
        "id": "OSM-NODE-10198894136-DAILY_LIFE",
        "layer": "daily_life",
        "name": "敬老公寓",
        "name:zh": "敬老公寓",
        "osm_id": 10198894136,
        "osm_type": "node"
      },
      "type": "Feature"
    },
    {
      "geometry": {
        "coordinates": [
          116.321005,
          39.99839
        ],
        "type": "Point"
      },
      "id": "OSM-NODE-10198894138-DAILY_LIFE",
      "properties": {
        "amenity": "university",
        "evidence_status": "contextual",
        "id": "OSM-NODE-10198894138-DAILY_LIFE",
        "layer": "daily_life",
        "name": "清华园老龄大学",
        "name:zh": "清华园老龄大学",
        "osm_id": 10198894138,
        "osm_type": "node",
        "wheelchair": "yes"
      },
      "type": "Feature"
    },
    {
      "geometry": {
        "coordinates": [
          116.318743,
          39.97648
        ],
        "type": "Point"
      },
      "id": "OSM-NODE-10219130496-DAILY_LIFE",
      "properties": {
        "amenity": "post_office",
        "evidence_status": "contextual",
        "id": "OSM-NODE-10219130496-DAILY_LIFE",
        "layer": "daily_life",
        "name": "中国邮政",
        "name:en": "China Post",
        "name:zh": "中国邮政",
        "osm_id": 10219130496,
        "osm_type": "node"
      },
      "type": "Feature"
    },
    {
      "geometry": {
        "coordinates": [
          116.318662,
          39.97732
        ],
        "type": "Point"
      },
      "id": "OSM-NODE-10219130498-DAILY_LIFE",
      "properties": {
        "amenity": "pharmacy",
        "evidence_status": "contextual",
        "id": "OSM-NODE-10219130498-DAILY_LIFE",
        "layer": "daily_life",
        "name": "百康药房",
        "osm_id": 10219130498,
        "osm_type": "node"
      },
      "type": "Feature"
    },
    {
      "geometry": {
        "coordinates": [
          116.390483,
          39.970452
        ],
        "type": "Point"
      },
      "id": "OSM-NODE-10232002626-DAILY_LIFE",
      "properties": {
        "amenity": "toilets",
        "evidence_status": "contextual",
        "id": "OSM-NODE-10232002626-DAILY_LIFE",
        "layer": "daily_life",
        "osm_id": 10232002626,
        "osm_type": "node"
      },
      "type": "Feature"
    },
    {
      "geometry": {
        "coordinates": [
          116.393201,
          39.975226
        ],
        "type": "Point"
      },
      "id": "OSM-NODE-10232002632-DAILY_LIFE",
      "properties": {
        "amenity": "toilets",
        "evidence_status": "contextual",
        "id": "OSM-NODE-10232002632-DAILY_LIFE",
        "layer": "daily_life",
        "osm_id": 10232002632,
        "osm_type": "node"
      },
      "type": "Feature"
    },
    {
      "geometry": {
        "coordinates": [
          116.39339,
          39.971296
        ],
        "type": "Point"
      },
      "id": "OSM-NODE-10232002635-DAILY_LIFE",
      "properties": {
        "amenity": "toilets",
        "evidence_status": "contextual",
        "id": "OSM-NODE-10232002635-DAILY_LIFE",
        "layer": "daily_life",
        "osm_id": 10232002635,
        "osm_type": "node"
      },
      "type": "Feature"
    },
    {
      "geometry": {
        "coordinates": [
          116.388817,
          39.971104
        ],
        "type": "Point"
      },
      "id": "OSM-NODE-10239164518-DAILY_LIFE",
      "properties": {
        "amenity": "post_office",
        "evidence_status": "contextual",
        "id": "OSM-NODE-10239164518-DAILY_LIFE",
        "layer": "daily_life",
        "name": "中国邮政",
        "name:en": "China Post",
        "name:zh": "中国邮政",
        "osm_id": 10239164518,
        "osm_type": "node"
      },
      "type": "Feature"
    },
    {
      "geometry": {
        "coordinates": [
          116.392595,
          39.968904
        ],
        "type": "Point"
      },
      "id": "OSM-NODE-10239183182-DAILY_LIFE",
      "properties": {
        "amenity": "pharmacy",
        "evidence_status": "contextual",
        "id": "OSM-NODE-10239183182-DAILY_LIFE",
        "layer": "daily_life",
        "name": "无忧大药房",
        "osm_id": 10239183182,
        "osm_type": "node"
      },
      "type": "Feature"
    },
    {
      "geometry": {
        "coordinates": [
          116.308345,
          39.935132
        ],
        "type": "Point"
      },
      "id": "OSM-NODE-10557002789-DAILY_LIFE",
      "properties": {
        "amenity": "toilets",
        "evidence_status": "contextual",
        "id": "OSM-NODE-10557002789-DAILY_LIFE",
        "layer": "daily_life",
        "name": "三虎桥南路8号院外",
        "opening_hours": "24/7",
        "operator": "北京海淀生态环保有限公司",
        "osm_id": 10557002789,
        "osm_type": "node"
      },
      "type": "Feature"
    },
    {
      "geometry": {
        "coordinates": [
          116.36124,
          39.939703
        ],
        "type": "Point"
      },
      "id": "OSM-NODE-10691739011-DAILY_LIFE",
      "properties": {
        "amenity": "pharmacy",
        "evidence_status": "contextual",
        "id": "OSM-NODE-10691739011-DAILY_LIFE",
        "layer": "daily_life",
        "name": "金象大药房",
        "osm_id": 10691739011,
        "osm_type": "node"
      },
      "type": "Feature"
    },
    {
      "geometry": {
        "coordinates": [
          116.336601,
          40.0368
        ],
        "type": "Point"
      },
      "id": "OSM-NODE-10704498831-DAILY_LIFE",
      "properties": {
        "amenity": "toilets",
        "evidence_status": "contextual",
        "id": "OSM-NODE-10704498831-DAILY_LIFE",
        "layer": "daily_life",
        "name": "小营建材城",
        "opening_hours": "24/7",
        "operator": "北京海淀生态环保有限公司",
        "osm_id": 10704498831,
        "osm_type": "node",
        "wheelchair": "yes"
      },
      "type": "Feature"
    },
    {
      "geometry": {
        "coordinates": [
          116.342273,
          40.02952
        ],
        "type": "Point"
      },
      "id": "OSM-NODE-10704498884-DAILY_LIFE",
      "properties": {
        "amenity": "toilets",
        "evidence_status": "contextual",
        "id": "OSM-NODE-10704498884-DAILY_LIFE",
        "layer": "daily_life",
        "name": "清河车站",
        "opening_hours": "24/7",
        "operator": "北京海淀生态环保有限公司",
        "osm_id": 10704498884,
        "osm_type": "node",
        "wheelchair": "yes"
      },
      "type": "Feature"
    },
    {
      "geometry": {
        "coordinates": [
          116.36054,
          40.03877
        ],
        "type": "Point"
      },
      "id": "OSM-NODE-10704579666-DAILY_LIFE",
      "properties": {
        "amenity": "toilets",
        "evidence_status": "contextual",
        "id": "OSM-NODE-10704579666-DAILY_LIFE",
        "layer": "daily_life",
        "name": "永泰生态园",
        "opening_hours": "24/7",
        "operator": "北京海淀生态环保有限公司",
        "osm_id": 10704579666,
        "osm_type": "node",
        "wheelchair": "yes"
      },
      "type": "Feature"
    },
    {
      "geometry": {
        "coordinates": [
          116.361814,
          40.040486
        ],
        "type": "Point"
      },
      "id": "OSM-NODE-10704591976-DAILY_LIFE",
      "properties": {
        "amenity": "toilets",
        "evidence_status": "contextual",
        "id": "OSM-NODE-10704591976-DAILY_LIFE",
        "layer": "daily_life",
        "name": "卫生间2",
        "osm_id": 10704591976,
        "osm_type": "node",
        "wheelchair": "yes"
      },
      "type": "Feature"
    },
    {
      "geometry": {
        "coordinates": [
          116.36123,
          40.039624
        ],
        "type": "Point"
      },
      "id": "OSM-NODE-10704591977-DAILY_LIFE",
      "properties": {
        "amenity": "toilets",
        "evidence_status": "contextual",
        "id": "OSM-NODE-10704591977-DAILY_LIFE",
        "layer": "daily_life",
        "name": "卫生间1",
        "osm_id": 10704591977,
        "osm_type": "node"
      },
      "type": "Feature"
    },
    {
      "geometry": {
        "coordinates": [
          116.363061,
          40.041849
        ],
        "type": "Point"
      },
      "id": "OSM-NODE-10704612216-DAILY_LIFE",
      "properties": {
        "amenity": "toilets",
        "evidence_status": "contextual",
        "id": "OSM-NODE-10704612216-DAILY_LIFE",
        "layer": "daily_life",
        "name": "黑泉路",
        "opening_hours": "24/7",
        "operator": "北京海淀生态环保有限公司",
        "osm_id": 10704612216,
        "osm_type": "node",
        "wheelchair": "yes"
      },
      "type": "Feature"
    },
    {
      "geometry": {
        "coordinates": [
          116.335766,
          40.006619
        ],
        "type": "Point"
      },
      "id": "OSM-NODE-10707011275-DAILY_LIFE",
      "properties": {
        "amenity": "toilets",
        "evidence_status": "contextual",
        "id": "OSM-NODE-10707011275-DAILY_LIFE",
        "layer": "daily_life",
        "osm_id": 10707011275,
        "osm_type": "node"
      },
      "type": "Feature"
    },
    {
      "geometry": {
        "coordinates": [
          116.38488,
          39.94628
        ],
        "type": "Point"
      },
      "id": "OSM-NODE-10727042678-DAILY_LIFE",
      "properties": {
        "amenity": "toilets",
        "evidence_status": "contextual",
        "id": "OSM-NODE-10727042678-DAILY_LIFE",
        "layer": "daily_life",
        "name": "西绦南巷12号旁",
        "opening_hours": "24/7",
        "operator": "北京环雅丽都投资有限公司西城第一环卫分公司",
        "osm_id": 10727042678,
        "osm_type": "node"
      },
      "type": "Feature"
    },
    {
      "geometry": {
        "coordinates": [
          116.38079,
          39.943201
        ],
        "type": "Point"
      },
      "id": "OSM-NODE-10727042679-DAILY_LIFE",
      "properties": {
        "amenity": "toilets",
        "evidence_status": "contextual",
        "id": "OSM-NODE-10727042679-DAILY_LIFE",
        "layer": "daily_life",
        "name": "鼓西大街184号旁",
        "opening_hours": "24/7",
        "operator": "北京环雅丽都投资有限公司西城第一环卫分公司",
        "osm_id": 10727042679,
        "osm_type": "node",
        "wheelchair": "yes"
      },
      "type": "Feature"
    },
    {
      "geometry": {
        "coordinates": [
          116.38361,
          39.941391
        ],
        "type": "Point"
      },
      "id": "OSM-NODE-10727042680-DAILY_LIFE",
      "properties": {
        "amenity": "toilets",
        "evidence_status": "contextual",
        "id": "OSM-NODE-10727042680-DAILY_LIFE",
        "layer": "daily_life",
        "name": "鼓西104号旁",
        "opening_hours": "24/7",
        "operator": "北京环雅丽都投资有限公司西城第一环卫分公司",
        "osm_id": 10727042680,
        "osm_type": "node",
        "wheelchair": "yes"
      },
      "type": "Feature"
    },
    {
      "geometry": {
        "coordinates": [
          116.38652,
          39.93971
        ],
        "type": "Point"
      },
      "id": "OSM-NODE-10727042681-DAILY_LIFE",
      "properties": {
        "amenity": "toilets",
        "evidence_status": "contextual",
        "id": "OSM-NODE-10727042681-DAILY_LIFE",
        "layer": "daily_life",
        "name": "鼓西39号旁",
        "opening_hours": "24/7",
        "operator": "北京环雅丽都投资有限公司西城第一环卫分公司",
        "osm_id": 10727042681,
        "osm_type": "node",
        "wheelchair": "yes"
      },
      "type": "Feature"
    },
    {
      "geometry": {
        "coordinates": [
          116.309809,
          39.98191
        ],
        "type": "Point"
      },
      "id": "OSM-NODE-10798288373-DAILY_LIFE",
      "properties": {
        "amenity": "police",
        "evidence_status": "contextual",
        "id": "OSM-NODE-10798288373-DAILY_LIFE",
        "layer": "daily_life",
        "osm_id": 10798288373,
        "osm_type": "node"
      },
      "type": "Feature"
    },
    {
      "geometry": {
        "coordinates": [
          116.344448,
          39.968882
        ],
        "type": "Point"
      },
      "id": "OSM-NODE-10862402779-DAILY_LIFE",
      "properties": {
        "amenity": "hospital",
        "evidence_status": "contextual",
        "id": "OSM-NODE-10862402779-DAILY_LIFE",
        "layer": "daily_life",
        "name": "蓟门里社区卫生服务中心",
        "osm_id": 10862402779,
        "osm_type": "node"
      },
      "type": "Feature"
    },
    {
      "geometry": {
        "coordinates": [
          116.315775,
          39.966107
        ],
        "type": "Point"
      },
      "id": "OSM-NODE-10877255253-DAILY_LIFE",
      "properties": {
        "amenity": "police",
        "evidence_status": "contextual",
        "id": "OSM-NODE-10877255253-DAILY_LIFE",
        "layer": "daily_life",
        "name": "北京市公安局海淀分局双榆树派出所巡逻警务站",
        "operator": "北京市公安局海淀分局双榆树派出所",
        "osm_id": 10877255253,
        "osm_type": "node"
      },
      "type": "Feature"
    },
    {
      "geometry": {
        "coordinates": [
          116.359372,
          39.999516
        ],
        "type": "Point"
      },
      "id": "OSM-NODE-10888543690-DAILY_LIFE",
      "properties": {
        "amenity": "toilets",
        "evidence_status": "contextual",
        "id": "OSM-NODE-10888543690-DAILY_LIFE",
        "layer": "daily_life",
        "name": "二里庄车站",
        "opening_hours": "24/7",
        "operator": "北京海淀生态环保有限公司",
        "osm_id": 10888543690,
        "osm_type": "node",
        "wheelchair": "yes"
      },
      "type": "Feature"
    },
    {
      "geometry": {
        "coordinates": [
          116.377756,
          40.01363
        ],
        "type": "Point"
      },
      "id": "OSM-NODE-10899456996-DAILY_LIFE",
      "properties": {
        "amenity": "toilets",
        "evidence_status": "contextual",
        "id": "OSM-NODE-10899456996-DAILY_LIFE",
        "layer": "daily_life",
        "osm_id": 10899456996,
        "osm_type": "node"
      },
      "type": "Feature"
    },
    {
      "geometry": {
        "coordinates": [
          116.303273,
          39.986926
        ],
        "type": "Point"
      },
      "id": "OSM-NODE-10983578005-DAILY_LIFE",
      "properties": {
        "amenity": "fire_station",
        "evidence_status": "contextual",
        "id": "OSM-NODE-10983578005-DAILY_LIFE",
        "layer": "daily_life",
        "name": "微型消防站",
        "osm_id": 10983578005,
        "osm_type": "node"
      },
      "type": "Feature"
    },
    {
      "geometry": {
        "coordinates": [
          116.305572,
          40.041581
        ],
        "type": "Point"
      },
      "id": "OSM-NODE-11018014767-DAILY_LIFE",
      "properties": {
        "amenity": "toilets",
        "evidence_status": "contextual",
        "id": "OSM-NODE-11018014767-DAILY_LIFE",
        "layer": "daily_life",
        "osm_id": 11018014767,
        "osm_type": "node"
      },
      "type": "Feature"
    },
    {
      "geometry": {
        "coordinates": [
          116.328901,
          39.998517
        ],
        "type": "Point"
      },
      "id": "OSM-NODE-11106067177-DAILY_LIFE",
      "properties": {
        "amenity": "library",
        "evidence_status": "contextual",
        "id": "OSM-NODE-11106067177-DAILY_LIFE",
        "layer": "daily_life",
        "name": "美术学院图书馆",
        "osm_id": 11106067177,
        "osm_type": "node"
      },
      "type": "Feature"
    },
    {
      "geometry": {
        "coordinates": [
          116.306011,
          39.988582
        ],
        "type": "Point"
      },
      "id": "OSM-NODE-11135733624-DAILY_LIFE",
      "properties": {
        "amenity": "college",
        "evidence_status": "contextual",
        "id": "OSM-NODE-11135733624-DAILY_LIFE",
        "layer": "daily_life",
        "name": "数学科学学院",
        "osm_id": 11135733624,
        "osm_type": "node"
      },
      "type": "Feature"
    },
    {
      "geometry": {
        "coordinates": [
          116.30923,
          39.986597
        ],
        "type": "Point"
      },
      "id": "OSM-NODE-11270757354-DAILY_LIFE",
      "properties": {
        "amenity": "police",
        "evidence_status": "contextual",
        "id": "OSM-NODE-11270757354-DAILY_LIFE",
        "layer": "daily_life",
        "name": "燕园派出所",
        "osm_id": 11270757354,
        "osm_type": "node"
      },
      "type": "Feature"
    },
    {
      "geometry": {
        "coordinates": [
          116.338691,
          39.983857
        ],
        "type": "Point"
      },
      "id": "OSM-NODE-11277366076-DAILY_LIFE",
      "properties": {
        "amenity": "toilets",
        "evidence_status": "contextual",
        "id": "OSM-NODE-11277366076-DAILY_LIFE",
        "layer": "daily_life",
        "osm_id": 11277366076,
        "osm_type": "node"
      },
      "type": "Feature"
    },
    {
      "geometry": {
        "coordinates": [
          116.305426,
          40.01251
        ],
        "type": "Point"
      },
      "id": "OSM-NODE-11659683133-DAILY_LIFE",
      "properties": {
        "amenity": "toilets",
        "evidence_status": "contextual",
        "id": "OSM-NODE-11659683133-DAILY_LIFE",
        "layer": "daily_life",
        "osm_id": 11659683133,
        "osm_type": "node"
      },
      "type": "Feature"
    },
    {
      "geometry": {
        "coordinates": [
          116.3459,
          39.999294
        ],
        "type": "Point"
      },
      "id": "OSM-NODE-11799850931-DAILY_LIFE",
      "properties": {
        "amenity": "toilets",
        "evidence_status": "contextual",
        "id": "OSM-NODE-11799850931-DAILY_LIFE",
        "layer": "daily_life",
        "name": "六道口岗楼",
        "opening_hours": "24/7",
        "operator": "北京海淀生态环保有限公司",
        "osm_id": 11799850931,
        "osm_type": "node"
      },
      "type": "Feature"
    },
    {
      "geometry": {
        "coordinates": [
          116.392934,
          39.988369
        ],
        "type": "Point"
      },
      "id": "OSM-NODE-11832091569-DAILY_LIFE",
      "properties": {
        "amenity": "toilets",
        "evidence_status": "contextual",
        "id": "OSM-NODE-11832091569-DAILY_LIFE",
        "layer": "daily_life",
        "osm_id": 11832091569,
        "osm_type": "node"
      },
      "type": "Feature"
    },
    {
      "geometry": {
        "coordinates": [
          116.352219,
          39.963548
        ],
        "type": "Point"
      },
      "id": "OSM-NODE-11834538799-DAILY_LIFE",
      "properties": {
        "amenity": "post_office",
        "evidence_status": "contextual",
        "id": "OSM-NODE-11834538799-DAILY_LIFE",
        "layer": "daily_life",
        "name": "京东物流",
        "name:en": "JD Logistics",
        "name:zh": "京东物流",
        "opening_hours": "Mo-Su 09:00-20:00",
        "osm_id": 11834538799,
        "osm_type": "node"
      },
      "type": "Feature"
    },
    {
      "geometry": {
        "coordinates": [
          116.328726,
          39.991265
        ],
        "type": "Point"
      },
      "id": "OSM-NODE-11918053395-DAILY_LIFE",
      "properties": {
        "amenity": "social_facility",
        "evidence_status": "contextual",
        "id": "OSM-NODE-11918053395-DAILY_LIFE",
        "layer": "daily_life",
        "name": "工会驿站",
        "osm_id": 11918053395,
        "osm_type": "node"
      },
      "type": "Feature"
    },
    {
      "geometry": {
        "coordinates": [
          116.331226,
          40.02927
        ],
        "type": "Point"
      },
      "id": "OSM-NODE-11967048513-DAILY_LIFE",
      "properties": {
        "amenity": "toilets",
        "evidence_status": "contextual",
        "id": "OSM-NODE-11967048513-DAILY_LIFE",
        "layer": "daily_life",
        "name": "毛纺厂东门",
        "osm_id": 11967048513,
        "osm_type": "node",
        "wheelchair": "yes"
      },
      "type": "Feature"
    },
    {
      "geometry": {
        "coordinates": [
          116.343209,
          40.038795
        ],
        "type": "Point"
      },
      "id": "OSM-NODE-11994713727-DAILY_LIFE",
      "properties": {
        "amenity": "pharmacy",
        "evidence_status": "contextual",
        "id": "OSM-NODE-11994713727-DAILY_LIFE",
        "layer": "daily_life",
        "name": "清河大药房",
        "osm_id": 11994713727,
        "osm_type": "node"
      },
      "type": "Feature"
    },
    {
      "geometry": {
        "coordinates": [
          116.37208,
          39.948956
        ],
        "type": "Point"
      },
      "id": "OSM-NODE-12011168693-DAILY_LIFE",
      "properties": {
        "amenity": "toilets",
        "evidence_status": "contextual",
        "id": "OSM-NODE-12011168693-DAILY_LIFE",
        "layer": "daily_life",
        "osm_id": 12011168693,
        "osm_type": "node"
      },
      "type": "Feature"
    },
    {
      "geometry": {
        "coordinates": [
          116.309709,
          39.980114
        ],
        "type": "Point"
      },
      "id": "OSM-NODE-12072887206-DAILY_LIFE",
      "properties": {
        "amenity": "clinic",
        "evidence_status": "contextual",
        "id": "OSM-NODE-12072887206-DAILY_LIFE",
        "layer": "daily_life",
        "name": "新中关宜和门诊部",
        "osm_id": 12072887206,
        "osm_type": "node"
      },
      "type": "Feature"
    },
    {
      "geometry": {
        "coordinates": [
          116.309873,
          39.980805
        ],
        "type": "Point"
      },
      "id": "OSM-NODE-12072887208-DAILY_LIFE",
      "properties": {
        "amenity": "post_office",
        "evidence_status": "contextual",
        "id": "OSM-NODE-12072887208-DAILY_LIFE",
        "layer": "daily_life",
        "name": "中国邮政中关村大街邮政支局",
        "osm_id": 12072887208,
        "osm_type": "node"
      },
      "type": "Feature"
    },
    {
      "geometry": {
        "coordinates": [
          116.349665,
          40.033966
        ],
        "type": "Point"
      },
      "id": "OSM-NODE-12078261691-DAILY_LIFE",
      "properties": {
        "amenity": "pharmacy",
        "evidence_status": "contextual",
        "id": "OSM-NODE-12078261691-DAILY_LIFE",
        "layer": "daily_life",
        "name": "国大药房",
        "osm_id": 12078261691,
        "osm_type": "node"
      },
      "type": "Feature"
    },
    {
      "geometry": {
        "coordinates": [
          116.348551,
          40.040623
        ],
        "type": "Point"
      },
      "id": "OSM-NODE-12153780066-DAILY_LIFE",
      "properties": {
        "amenity": "post_office",
        "evidence_status": "contextual",
        "id": "OSM-NODE-12153780066-DAILY_LIFE",
        "layer": "daily_life",
        "name": "顺丰速运",
        "name:en": "SF Express",
        "name:zh": "顺丰速运",
        "osm_id": 12153780066,
        "osm_type": "node"
      },
      "type": "Feature"
    },
    {
      "geometry": {
        "coordinates": [
          116.348702,
          39.981164
        ],
        "type": "Point"
      },
      "id": "OSM-NODE-12171070459-DAILY_LIFE",
      "properties": {
        "amenity": "college",
        "evidence_status": "contextual",
        "id": "OSM-NODE-12171070459-DAILY_LIFE",
        "layer": "daily_life",
        "name": "公共卫生学院",
        "osm_id": 12171070459,
        "osm_type": "node"
      },
      "type": "Feature"
    },
    {
      "geometry": {
        "coordinates": [
          116.348677,
          39.981778
        ],
        "type": "Point"
      },
      "id": "OSM-NODE-12171070460-DAILY_LIFE",
      "properties": {
        "amenity": "college",
        "evidence_status": "contextual",
        "id": "OSM-NODE-12171070460-DAILY_LIFE",
        "layer": "daily_life",
        "name": "护理学院",
        "osm_id": 12171070460,
        "osm_type": "node"
      },
      "type": "Feature"
    },
    {
      "geometry": {
        "coordinates": [
          116.352461,
          39.982945
        ],
        "type": "Point"
      },
      "id": "OSM-NODE-12172339777-DAILY_LIFE",
      "properties": {
        "amenity": "college",
        "evidence_status": "contextual",
        "id": "OSM-NODE-12172339777-DAILY_LIFE",
        "layer": "daily_life",
        "name": "医学人文学院",
        "osm_id": 12172339777,
        "osm_type": "node"
      },
      "type": "Feature"
    },
    {
      "geometry": {
        "coordinates": [
          116.351631,
          39.982277
        ],
        "type": "Point"
      },
      "id": "OSM-NODE-12172339778-DAILY_LIFE",
      "properties": {
        "amenity": "college",
        "evidence_status": "contextual",
        "id": "OSM-NODE-12172339778-DAILY_LIFE",
        "layer": "daily_life",
        "name": "药学院",
        "osm_id": 12172339778,
        "osm_type": "node"
      },
      "type": "Feature"
    },
    {
      "geometry": {
        "coordinates": [
          116.353558,
          39.987292
        ],
        "type": "Point"
      },
      "id": "OSM-NODE-12206359129-DAILY_LIFE",
      "properties": {
        "amenity": "community_centre",
        "evidence_status": "contextual",
        "id": "OSM-NODE-12206359129-DAILY_LIFE",
        "layer": "daily_life",
        "name": "学生活动中心",
        "operator": "北京科技大学",
        "osm_id": 12206359129,
        "osm_type": "node"
      },
      "type": "Feature"
    },
    {
      "geometry": {
        "coordinates": [
          116.305787,
          40.017628
        ],
        "type": "Point"
      },
      "id": "OSM-NODE-12235752036-DAILY_LIFE",
      "properties": {
        "amenity": "toilets",
        "evidence_status": "contextual",
        "id": "OSM-NODE-12235752036-DAILY_LIFE",
        "layer": "daily_life",
        "osm_id": 12235752036,
        "osm_type": "node"
      },
      "type": "Feature"
    },
    {
      "geometry": {
        "coordinates": [
          116.310991,
          40.018164
        ],
        "type": "Point"
      },
      "id": "OSM-NODE-12235752037-DAILY_LIFE",
      "properties": {
        "amenity": "toilets",
        "evidence_status": "contextual",
        "id": "OSM-NODE-12235752037-DAILY_LIFE",
        "layer": "daily_life",
        "osm_id": 12235752037,
        "osm_type": "node"
      },
      "type": "Feature"
    },
    {
      "geometry": {
        "coordinates": [
          116.342848,
          39.941559
        ],
        "type": "Point"
      },
      "id": "OSM-NODE-12307252527-DAILY_LIFE",
      "properties": {
        "amenity": "toilets",
        "evidence_status": "contextual",
        "id": "OSM-NODE-12307252527-DAILY_LIFE",
        "layer": "daily_life",
        "osm_id": 12307252527,
        "osm_type": "node"
      },
      "type": "Feature"
    },
    {
      "geometry": {
        "coordinates": [
          116.337459,
          39.940539
        ],
        "type": "Point"
      },
      "id": "OSM-NODE-12307252528-DAILY_LIFE",
      "properties": {
        "amenity": "toilets",
        "evidence_status": "contextual",
        "id": "OSM-NODE-12307252528-DAILY_LIFE",
        "layer": "daily_life",
        "osm_id": 12307252528,
        "osm_type": "node"
      },
      "type": "Feature"
    },
    {
      "geometry": {
        "coordinates": [
          116.326566,
          39.970559
        ],
        "type": "Point"
      },
      "id": "OSM-NODE-12350722757-DAILY_LIFE",
      "properties": {
        "amenity": "police",
        "evidence_status": "contextual",
        "id": "OSM-NODE-12350722757-DAILY_LIFE",
        "layer": "daily_life",
        "name": "双榆树派出所",
        "osm_id": 12350722757,
        "osm_type": "node"
      },
      "type": "Feature"
    },
    {
      "geometry": {
        "coordinates": [
          116.325237,
          39.971583
        ],
        "type": "Point"
      },
      "id": "OSM-NODE-12350722758-DAILY_LIFE",
      "properties": {
        "amenity": "community_centre",
        "evidence_status": "contextual",
        "id": "OSM-NODE-12350722758-DAILY_LIFE",
        "layer": "daily_life",
        "name": "白塔庵社区居委会",
        "osm_id": 12350722758,
        "osm_type": "node"
      },
      "type": "Feature"
    },
    {
      "geometry": {
        "coordinates": [
          116.37409,
          39.97038
        ],
        "type": "Point"
      },
      "id": "OSM-NODE-12433635793-DAILY_LIFE",
      "properties": {
        "amenity": "toilets",
        "evidence_status": "contextual",
        "id": "OSM-NODE-12433635793-DAILY_LIFE",
        "layer": "daily_life",
        "opening_hours": "24/7",
        "operator": "北京海淀生态环保有限公司",
        "osm_id": 12433635793,
        "osm_type": "node",
        "wheelchair": "yes"
      },
      "type": "Feature"
    },
    {
      "geometry": {
        "coordinates": [
          116.317626,
          39.993521
        ],
        "type": "Point"
      },
      "id": "OSM-NODE-12441654735-DAILY_LIFE",
      "properties": {
        "amenity": "library",
        "evidence_status": "contextual",
        "id": "OSM-NODE-12441654735-DAILY_LIFE",
        "layer": "daily_life",
        "name": "清华附小图书馆",
        "osm_id": 12441654735,
        "osm_type": "node"
      },
      "type": "Feature"
    },
    {
      "geometry": {
        "coordinates": [
          116.317296,
          39.994222
        ],
        "type": "Point"
      },
      "id": "OSM-NODE-12441654742-DAILY_LIFE",
      "properties": {
        "amenity": "arts_centre",
        "evidence_status": "contextual",
        "id": "OSM-NODE-12441654742-DAILY_LIFE",
        "layer": "daily_life",
        "name": "舞蹈教室",
        "osm_id": 12441654742,
        "osm_type": "node"
      },
      "type": "Feature"
    },
    {
      "geometry": {
        "coordinates": [
          116.366349,
          39.945229
        ],
        "type": "Point"
      },
      "id": "OSM-NODE-12459281836-DAILY_LIFE",
      "properties": {
        "amenity": "toilets",
        "evidence_status": "contextual",
        "id": "OSM-NODE-12459281836-DAILY_LIFE",
        "layer": "daily_life",
        "osm_id": 12459281836,
        "osm_type": "node"
      },
      "type": "Feature"
    },
    {
      "geometry": {
        "coordinates": [
          116.393694,
          39.938715
        ],
        "type": "Point"
      },
      "id": "OSM-NODE-12465076638-DAILY_LIFE",
      "properties": {
        "amenity": "toilets",
        "evidence_status": "contextual",
        "id": "OSM-NODE-12465076638-DAILY_LIFE",
        "layer": "daily_life",
        "osm_id": 12465076638,
        "osm_type": "node"
      },
      "type": "Feature"
    },
    {
      "geometry": {
        "coordinates": [
          116.390107,
          39.940706
        ],
        "type": "Point"
      },
      "id": "OSM-NODE-12497630726-DAILY_LIFE",
      "properties": {
        "amenity": "toilets",
        "evidence_status": "contextual",
        "id": "OSM-NODE-12497630726-DAILY_LIFE",
        "layer": "daily_life",
        "osm_id": 12497630726,
        "osm_type": "node"
      },
      "type": "Feature"
    },
    {
      "geometry": {
        "coordinates": [
          116.369285,
          39.993726
        ],
        "type": "Point"
      },
      "id": "OSM-NODE-12522522638-DAILY_LIFE",
      "properties": {
        "amenity": "hospital",
        "evidence_status": "contextual",
        "id": "OSM-NODE-12522522638-DAILY_LIFE",
        "layer": "daily_life",
        "name": "战略支援部队特色医学中心生殖医学中心",
        "osm_id": 12522522638,
        "osm_type": "node"
      },
      "type": "Feature"
    },
    {
      "geometry": {
        "coordinates": [
          116.312756,
          40.003589
        ],
        "type": "Point"
      },
      "id": "OSM-NODE-12587542272-DAILY_LIFE",
      "properties": {
        "amenity": "theatre",
        "evidence_status": "contextual",
        "id": "OSM-NODE-12587542272-DAILY_LIFE",
        "layer": "daily_life",
        "name": "理学院报告厅",
        "osm_id": 12587542272,
        "osm_type": "node"
      },
      "type": "Feature"
    },
    {
      "geometry": {
        "coordinates": [
          116.334043,
          40.009186
        ],
        "type": "Point"
      },
      "id": "OSM-NODE-12610171692-DAILY_LIFE",
      "properties": {
        "amenity": "university",
        "evidence_status": "contextual",
        "id": "OSM-NODE-12610171692-DAILY_LIFE",
        "layer": "daily_life",
        "name": "明志斋",
        "name:en": "Mingzhizhai",
        "name:zh": "明志斋",
        "operator": "清华大学求真书院",
        "osm_id": 12610171692,
        "osm_type": "node"
      },
      "type": "Feature"
    },
    {
      "geometry": {
        "coordinates": [
          116.334012,
          40.00912
        ],
        "type": "Point"
      },
      "id": "OSM-NODE-12610171693-DAILY_LIFE",
      "properties": {
        "amenity": "university",
        "evidence_status": "contextual",
        "id": "OSM-NODE-12610171693-DAILY_LIFE",
        "layer": "daily_life",
        "name": "清华大学继续教育学院（双清综合楼）",
        "operator": "清华大学",
        "osm_id": 12610171693,
        "osm_type": "node"
      },
      "type": "Feature"
    },
    {
      "geometry": {
        "coordinates": [
          116.309715,
          40.009326
        ],
        "type": "Point"
      },
      "id": "OSM-NODE-12614692553-DAILY_LIFE",
      "properties": {
        "amenity": "toilets",
        "evidence_status": "contextual",
        "id": "OSM-NODE-12614692553-DAILY_LIFE",
        "layer": "daily_life",
        "osm_id": 12614692553,
        "osm_type": "node"
      },
      "type": "Feature"
    },
    {
      "geometry": {
        "coordinates": [
          116.381696,
          40.00216
        ],
        "type": "Point"
      },
      "id": "OSM-NODE-12618114121-DAILY_LIFE",
      "properties": {
        "amenity": "cinema",
        "evidence_status": "contextual",
        "id": "OSM-NODE-12618114121-DAILY_LIFE",
        "layer": "daily_life",
        "name": "华夏电影中心",
        "osm_id": 12618114121,
        "osm_type": "node"
      },
      "type": "Feature"
    },
    {
      "geometry": {
        "coordinates": [
          116.315973,
          40.00666
        ],
        "type": "Point"
      },
      "id": "OSM-NODE-12713761330-DAILY_LIFE",
      "properties": {
        "amenity": "college",
        "evidence_status": "contextual",
        "id": "OSM-NODE-12713761330-DAILY_LIFE",
        "layer": "daily_life",
        "name": "清华大学天文系",
        "osm_id": 12713761330,
        "osm_type": "node"
      },
      "type": "Feature"
    },
    {
      "geometry": {
        "coordinates": [
          116.351893,
          39.961741
        ],
        "type": "Point"
      },
      "id": "OSM-NODE-12735976944-DAILY_LIFE",
      "properties": {
        "amenity": "library",
        "evidence_status": "contextual",
        "id": "OSM-NODE-12735976944-DAILY_LIFE",
        "layer": "daily_life",
        "name": "档案馆",
        "osm_id": 12735976944,
        "osm_type": "node"
      },
      "type": "Feature"
    },
    {
      "geometry": {
        "coordinates": [
          116.352128,
          39.963548
        ],
        "type": "Point"
      },
      "id": "OSM-NODE-12735976945-DAILY_LIFE",
      "properties": {
        "amenity": "post_office",
        "evidence_status": "contextual",
        "id": "OSM-NODE-12735976945-DAILY_LIFE",
        "layer": "daily_life",
        "name": "顺丰快递",
        "name:en": "SF Express",
        "name:zh": "顺丰速运",
        "opening_hours": "Mo-Su 09:00-20:00",
        "osm_id": 12735976945,
        "osm_type": "node"
      },
      "type": "Feature"
    },
    {
      "geometry": {
        "coordinates": [
          116.349183,
          39.960408
        ],
        "type": "Point"
      },
      "id": "OSM-NODE-12741379590-DAILY_LIFE",
      "properties": {
        "amenity": "post_office",
        "evidence_status": "contextual",
        "id": "OSM-NODE-12741379590-DAILY_LIFE",
        "layer": "daily_life",
        "name": "中国邮政",
        "name:en": "China Post",
        "name:zh": "中国邮政",
        "osm_id": 12741379590,
        "osm_type": "node"
      },
      "type": "Feature"
    },
    {
      "geometry": {
        "coordinates": [
          116.37866,
          40.003028
        ],
        "type": "Point"
      },
      "id": "OSM-NODE-12745364374-DAILY_LIFE",
      "properties": {
        "amenity": "library",
        "evidence_status": "contextual",
        "id": "OSM-NODE-12745364374-DAILY_LIFE",
        "layer": "daily_life",
        "osm_id": 12745364374,
        "osm_type": "node"
      },
      "type": "Feature"
    },
    {
      "geometry": {
        "coordinates": [
          116.320917,
          39.998391
        ],
        "type": "Point"
      },
      "id": "OSM-NODE-12759368450-DAILY_LIFE",
      "properties": {
        "amenity": "community_centre",
        "evidence_status": "contextual",
        "id": "OSM-NODE-12759368450-DAILY_LIFE",
        "layer": "daily_life",
        "name": "清华园社区服务中心",
        "osm_id": 12759368450,
        "osm_type": "node"
      },
      "type": "Feature"
    },
    {
      "geometry": {
        "coordinates": [
          116.3153,
          40.003
        ],
        "type": "Point"
      },
      "id": "OSM-NODE-12766396513-DAILY_LIFE",
      "properties": {
        "amenity": "theatre",
        "evidence_status": "contextual",
        "id": "OSM-NODE-12766396513-DAILY_LIFE",
        "layer": "daily_life",
        "name": "二楼多功能厅",
        "osm_id": 12766396513,
        "osm_type": "node"
      },
      "type": "Feature"
    },
    {
      "geometry": {
        "coordinates": [
          116.315356,
          40.006624
        ],
        "type": "Point"
      },
      "id": "OSM-NODE-12767920012-DAILY_LIFE",
      "properties": {
        "amenity": "college",
        "evidence_status": "contextual",
        "id": "OSM-NODE-12767920012-DAILY_LIFE",
        "layer": "daily_life",
        "name": "清华大学物理系",
        "osm_id": 12767920012,
        "osm_type": "node"
      },
      "type": "Feature"
    },
    {
      "geometry": {
        "coordinates": [
          116.335527,
          40.029629
        ],
        "type": "Point"
      },
      "id": "OSM-NODE-12803679927-DAILY_LIFE",
      "properties": {
        "amenity": "post_office",
        "evidence_status": "contextual",
        "id": "OSM-NODE-12803679927-DAILY_LIFE",
        "layer": "daily_life",
        "name": "清河邮局",
        "osm_id": 12803679927,
        "osm_type": "node"
      },
      "type": "Feature"
    },
    {
      "geometry": {
        "coordinates": [
          116.361496,
          39.960059
        ],
        "type": "Point"
      },
      "id": "OSM-NODE-12865883372-DAILY_LIFE",
      "properties": {
        "amenity": "college",
        "evidence_status": "contextual",
        "id": "OSM-NODE-12865883372-DAILY_LIFE",
        "layer": "daily_life",
        "name": "人工智能学院",
        "osm_id": 12865883372,
        "osm_type": "node"
      },
      "type": "Feature"
    },
    {
      "geometry": {
        "coordinates": [
          116.345681,
          39.991343
        ],
        "type": "Point"
      },
      "id": "OSM-NODE-12969535579-DAILY_LIFE",
      "properties": {
        "amenity": "school",
        "evidence_status": "contextual",
        "id": "OSM-NODE-12969535579-DAILY_LIFE",
        "layer": "daily_life",
        "name": "水资源与环境学院",
        "osm_id": 12969535579,
        "osm_type": "node"
      },
      "type": "Feature"
    },
    {
      "geometry": {
        "coordinates": [
          116.388344,
          39.937727
        ],
        "type": "Point"
      },
      "id": "OSM-NODE-12998385701-DAILY_LIFE",
      "properties": {
        "amenity": "post_office",
        "evidence_status": "contextual",
        "id": "OSM-NODE-12998385701-DAILY_LIFE",
        "layer": "daily_life",
        "name": "什刹海邮政所",
        "name:en": "Shichahai Post Office",
        "name:zh": "什刹海邮政所",
        "opening_hours": "Mo-Su 10:00-18:00",
        "osm_id": 12998385701,
        "osm_type": "node"
      },
      "type": "Feature"
    },
    {
      "geometry": {
        "coordinates": [
          116.320374,
          39.982796
        ],
        "type": "Point"
      },
      "id": "OSM-NODE-13013470547-DAILY_LIFE",
      "properties": {
        "amenity": "toilets",
        "evidence_status": "contextual",
        "id": "OSM-NODE-13013470547-DAILY_LIFE",
        "layer": "daily_life",
        "osm_id": 13013470547,
        "osm_type": "node"
      },
      "type": "Feature"
    },
    {
      "geometry": {
        "coordinates": [
          116.38348,
          40.006184
        ],
        "type": "Point"
      },
      "id": "OSM-NODE-13036589701-DAILY_LIFE",
      "properties": {
        "amenity": "library",
        "evidence_status": "contextual",
        "id": "OSM-NODE-13036589701-DAILY_LIFE",
        "layer": "daily_life",
        "name": "国图书店(亚洲金融大厦店)",
        "opening_hours": "Mo-Su 09:00-20:00",
        "osm_id": 13036589701,
        "osm_type": "node"
      },
      "type": "Feature"
    },
    {
      "geometry": {
        "coordinates": [
          116.359755,
          39.935455
        ],
        "type": "Point"
      },
      "id": "OSM-NODE-13086220701-DAILY_LIFE",
      "properties": {
        "amenity": "place_of_worship",
        "evidence_status": "contextual",
        "id": "OSM-NODE-13086220701-DAILY_LIFE",
        "layer": "daily_life",
        "name": "正源清真寺",
        "osm_id": 13086220701,
        "osm_type": "node"
      },
      "type": "Feature"
    },
    {
      "geometry": {
        "coordinates": [
          116.363767,
          39.941194
        ],
        "type": "Point"
      },
      "id": "OSM-NODE-13086220801-DAILY_LIFE",
      "properties": {
        "amenity": "school",
        "evidence_status": "contextual",
        "id": "OSM-NODE-13086220801-DAILY_LIFE",
        "layer": "daily_life",
        "name": "西城区志成小学(北址)",
        "osm_id": 13086220801,
        "osm_type": "node"
      },
      "type": "Feature"
    },
    {
      "geometry": {
        "coordinates": [
          116.357413,
          39.935614
        ],
        "type": "Point"
      },
      "id": "OSM-NODE-13091759901-DAILY_LIFE",
      "properties": {
        "amenity": "kindergarten",
        "evidence_status": "contextual",
        "id": "OSM-NODE-13091759901-DAILY_LIFE",
        "layer": "daily_life",
        "name": "北京市西城区曙光幼儿园",
        "osm_id": 13091759901,
        "osm_type": "node"
      },
      "type": "Feature"
    },
    {
      "geometry": {
        "coordinates": [
          116.357705,
          39.936161
        ],
        "type": "Point"
      },
      "id": "OSM-NODE-13091760001-DAILY_LIFE",
      "properties": {
        "amenity": "school",
        "evidence_status": "contextual",
        "id": "OSM-NODE-13091760001-DAILY_LIFE",
        "layer": "daily_life",
        "name": "北京市西城经济科学大学",
        "osm_id": 13091760001,
        "osm_type": "node"
      },
      "type": "Feature"
    },
    {
      "geometry": {
        "coordinates": [
          116.358277,
          39.937498
        ],
        "type": "Point"
      },
      "id": "OSM-NODE-13091760101-DAILY_LIFE",
      "properties": {
        "amenity": "school",
        "evidence_status": "contextual",
        "id": "OSM-NODE-13091760101-DAILY_LIFE",
        "layer": "daily_life",
        "name": "北京市西城区经济科学大学",
        "osm_id": 13091760101,
        "osm_type": "node"
      },
      "type": "Feature"
    },
    {
      "geometry": {
        "coordinates": [
          116.358481,
          39.937074
        ],
        "type": "Point"
      },
      "id": "OSM-NODE-13091760201-DAILY_LIFE",
      "properties": {
        "amenity": "police",
        "evidence_status": "contextual",
        "id": "OSM-NODE-13091760201-DAILY_LIFE",
        "layer": "daily_life",
        "name": "新街口派出所",
        "osm_id": 13091760201,
        "osm_type": "node"
      },
      "type": "Feature"
    },
    {
      "geometry": {
        "coordinates": [
          116.343432,
          39.965381
        ],
        "type": "Point"
      },
      "id": "OSM-NODE-13094881806-DAILY_LIFE",
      "properties": {
        "amenity": "college",
        "evidence_status": "contextual",
        "id": "OSM-NODE-13094881806-DAILY_LIFE",
        "layer": "daily_life",
        "name": "中国政法大学研究生院",
        "osm_id": 13094881806,
        "osm_type": "node"
      },
      "type": "Feature"
    },
    {
      "geometry": {
        "coordinates": [
          116.343538,
          39.965382
        ],
        "type": "Point"
      },
      "id": "OSM-NODE-13094881807-DAILY_LIFE",
      "properties": {
        "amenity": "college",
        "evidence_status": "contextual",
        "id": "OSM-NODE-13094881807-DAILY_LIFE",
        "layer": "daily_life",
        "name": "中国政法大学博士后流动站",
        "osm_id": 13094881807,
        "osm_type": "node"
      },
      "type": "Feature"
    },
    {
      "geometry": {
        "coordinates": [
          116.343564,
          39.96506
        ],
        "type": "Point"
      },
      "id": "OSM-NODE-13094881808-DAILY_LIFE",
      "properties": {
        "amenity": "college",
        "evidence_status": "contextual",
        "id": "OSM-NODE-13094881808-DAILY_LIFE",
        "layer": "daily_life",
        "name": "司法考试学院",
        "osm_id": 13094881808,
        "osm_type": "node"
      },
      "type": "Feature"
    },
    {
      "geometry": {
        "coordinates": [
          116.343618,
          39.965073
        ],
        "type": "Point"
      },
      "id": "OSM-NODE-13094881833-DAILY_LIFE",
      "properties": {
        "amenity": "college",
        "evidence_status": "contextual",
        "id": "OSM-NODE-13094881833-DAILY_LIFE",
        "layer": "daily_life",
        "name": "网络教育学院",
        "osm_id": 13094881833,
        "osm_type": "node"
      },
      "type": "Feature"
    },
    {
      "geometry": {
        "coordinates": [
          116.344774,
          39.964479
        ],
        "type": "Point"
      },
      "id": "OSM-NODE-13094881858-DAILY_LIFE",
      "properties": {
        "amenity": "college",
        "evidence_status": "contextual",
        "id": "OSM-NODE-13094881858-DAILY_LIFE",
        "layer": "daily_life",
        "name": "社会学院",
        "osm_id": 13094881858,
        "osm_type": "node"
      },
      "type": "Feature"
    },
    {
      "geometry": {
        "coordinates": [
          116.388602,
          39.937839
        ],
        "type": "Point"
      },
      "id": "OSM-NODE-13239711360-DAILY_LIFE",
      "properties": {
        "amenity": "place_of_worship",
        "evidence_status": "contextual",
        "id": "OSM-NODE-13239711360-DAILY_LIFE",
        "layer": "daily_life",
        "name": "广福观",
        "name:en": "Guangfu Tempel",
        "name:zh": "广福观",
        "osm_id": 13239711360,
        "osm_type": "node"
      },
      "type": "Feature"
    },
    {
      "geometry": {
        "coordinates": [
          116.383065,
          39.938172
        ],
        "type": "Point"
      },
      "id": "OSM-NODE-13245233901-DAILY_LIFE",
      "properties": {
        "amenity": "toilets",
        "evidence_status": "contextual",
        "id": "OSM-NODE-13245233901-DAILY_LIFE",
        "layer": "daily_life",
        "osm_id": 13245233901,
        "osm_type": "node"
      },
      "type": "Feature"
    },
    {
      "geometry": {
        "coordinates": [
          116.302167,
          39.972606
        ],
        "type": "Point"
      },
      "id": "OSM-NODE-13296153141-DAILY_LIFE",
      "properties": {
        "amenity": "community_centre",
        "evidence_status": "contextual",
        "id": "OSM-NODE-13296153141-DAILY_LIFE",
        "layer": "daily_life",
        "name": "象雄文化院",
        "osm_id": 13296153141,
        "osm_type": "node"
      },
      "type": "Feature"
    },
    {
      "geometry": {
        "coordinates": [
          116.389072,
          40.01782
        ],
        "type": "Point"
      },
      "id": "OSM-NODE-13431612833-DAILY_LIFE",
      "properties": {
        "amenity": "toilets",
        "evidence_status": "contextual",
        "id": "OSM-NODE-13431612833-DAILY_LIFE",
        "layer": "daily_life",
        "osm_id": 13431612833,
        "osm_type": "node"
      },
      "type": "Feature"
    },
    {
      "geometry": {
        "coordinates": [
          116.384229,
          40.017525
        ],
        "type": "Point"
      },
      "id": "OSM-NODE-1350157807-DAILY_LIFE",
      "properties": {
        "amenity": "toilets",
        "evidence_status": "contextual",
        "id": "OSM-NODE-1350157807-DAILY_LIFE",
        "layer": "daily_life",
        "osm_id": 1350157807,
        "osm_type": "node"
      },
      "type": "Feature"
    },
    {
      "geometry": {
        "coordinates": [
          116.385141,
          40.028549
        ],
        "type": "Point"
      },
      "id": "OSM-NODE-1350262215-DAILY_LIFE",
      "properties": {
        "amenity": "toilets",
        "evidence_status": "contextual",
        "id": "OSM-NODE-1350262215-DAILY_LIFE",
        "layer": "daily_life",
        "osm_id": 1350262215,
        "osm_type": "node"
      },
      "type": "Feature"
    },
    {
      "geometry": {
        "coordinates": [
          116.337766,
          40.050978
        ],
        "type": "Point"
      },
      "id": "OSM-NODE-13634310575-DAILY_LIFE",
      "properties": {
        "amenity": "toilets",
        "evidence_status": "contextual",
        "id": "OSM-NODE-13634310575-DAILY_LIFE",
        "layer": "daily_life",
        "osm_id": 13634310575,
        "osm_type": "node"
      },
      "type": "Feature"
    },
    {
      "geometry": {
        "coordinates": [
          116.373819,
          39.949204
        ],
        "type": "Point"
      },
      "id": "OSM-NODE-1365119926-DAILY_LIFE",
      "properties": {
        "amenity": "toilets",
        "evidence_status": "contextual",
        "id": "OSM-NODE-1365119926-DAILY_LIFE",
        "layer": "daily_life",
        "name": "德胜门城楼下",
        "operator": "北京市西城区环境卫生服务中心",
        "osm_id": 1365119926,
        "osm_type": "node"
      },
      "type": "Feature"
    },
    {
      "geometry": {
        "coordinates": [
          116.325252,
          39.990211
        ],
        "type": "Point"
      },
      "id": "OSM-NODE-1365191799-DAILY_LIFE",
      "properties": {
        "amenity": "toilets",
        "evidence_status": "contextual",
        "id": "OSM-NODE-1365191799-DAILY_LIFE",
        "layer": "daily_life",
        "osm_id": 1365191799,
        "osm_type": "node"
      },
      "type": "Feature"
    },
    {
      "geometry": {
        "coordinates": [
          116.323488,
          39.990323
        ],
        "type": "Point"
      },
      "id": "OSM-NODE-1365191805-DAILY_LIFE",
      "properties": {
        "amenity": "toilets",
        "evidence_status": "contextual",
        "id": "OSM-NODE-1365191805-DAILY_LIFE",
        "layer": "daily_life",
        "osm_id": 1365191805,
        "osm_type": "node"
      },
      "type": "Feature"
    },
    {
      "geometry": {
        "coordinates": [
          116.312194,
          39.945881
        ],
        "type": "Point"
      },
      "id": "OSM-NODE-13653908498-DAILY_LIFE",
      "properties": {
        "amenity": "school",
        "evidence_status": "contextual",
        "id": "OSM-NODE-13653908498-DAILY_LIFE",
        "layer": "daily_life",
        "name": "北舞附中",
        "osm_id": 13653908498,
        "osm_type": "node"
      },
      "type": "Feature"
    },
    {
      "geometry": {
        "coordinates": [
          116.313581,
          39.946103
        ],
        "type": "Point"
      },
      "id": "OSM-NODE-13657438806-DAILY_LIFE",
      "properties": {
        "amenity": "library",
        "evidence_status": "contextual",
        "id": "OSM-NODE-13657438806-DAILY_LIFE",
        "layer": "daily_life",
        "name": "北京舞蹈学院图书馆",
        "osm_id": 13657438806,
        "osm_type": "node"
      },
      "type": "Feature"
    },
    {
      "geometry": {
        "coordinates": [
          116.338391,
          39.98586
        ],
        "type": "Point"
      },
      "id": "OSM-NODE-1367428477-DAILY_LIFE",
      "properties": {
        "amenity": "college",
        "evidence_status": "contextual",
        "id": "OSM-NODE-1367428477-DAILY_LIFE",
        "layer": "daily_life",
        "name": "北京市海淀区职业学校",
        "name:zh": "北京市海淀区职业学校",
        "osm_id": 1367428477,
        "osm_type": "node"
      },
      "type": "Feature"
    },
    {
      "geometry": {
        "coordinates": [
          116.302633,
          40.010019
        ],
        "type": "Point"
      },
      "id": "OSM-NODE-13860000001-DAILY_LIFE",
      "properties": {
        "amenity": "toilets",
        "evidence_status": "contextual",
        "id": "OSM-NODE-13860000001-DAILY_LIFE",
        "layer": "daily_life",
        "osm_id": 13860000001,
        "osm_type": "node"
      },
      "type": "Feature"
    },
    {
      "geometry": {
        "coordinates": [
          116.385323,
          39.938836
        ],
        "type": "Point"
      },
      "id": "OSM-NODE-13898429782-DAILY_LIFE",
      "properties": {
        "amenity": "police",
        "evidence_status": "contextual",
        "id": "OSM-NODE-13898429782-DAILY_LIFE",
        "layer": "daily_life",
        "name": "Community Police",
        "osm_id": 13898429782,
        "osm_type": "node"
      },
      "type": "Feature"
    },
    {
      "geometry": {
        "coordinates": [
          116.380287,
          39.997073
        ],
        "type": "Point"
      },
      "id": "OSM-NODE-13913706347-DAILY_LIFE",
      "properties": {
        "access": "yes",
        "amenity": "toilets",
        "evidence_status": "contextual",
        "id": "OSM-NODE-13913706347-DAILY_LIFE",
        "layer": "daily_life",
        "osm_id": 13913706347,
        "osm_type": "node"
      },
      "type": "Feature"
    },
    {
      "geometry": {
        "coordinates": [
          116.380443,
          39.94178
        ],
        "type": "Point"
      },
      "id": "OSM-NODE-13953209556-DAILY_LIFE",
      "properties": {
        "amenity": "toilets",
        "evidence_status": "contextual",
        "id": "OSM-NODE-13953209556-DAILY_LIFE",
        "layer": "daily_life",
        "osm_id": 13953209556,
        "osm_type": "node"
      },
      "type": "Feature"
    },
    {
      "geometry": {
        "coordinates": [
          116.377755,
          39.99623
        ],
        "type": "Point"
      },
      "id": "OSM-NODE-13982873139-DAILY_LIFE",
      "properties": {
        "amenity": "community_centre",
        "evidence_status": "contextual",
        "id": "OSM-NODE-13982873139-DAILY_LIFE",
        "layer": "daily_life",
        "name": "中科生活为老服务科学园站",
        "osm_id": 13982873139,
        "osm_type": "node"
      },
      "type": "Feature"
    },
    {
      "geometry": {
        "coordinates": [
          116.377485,
          39.996222
        ],
        "type": "Point"
      },
      "id": "OSM-NODE-13982873285-DAILY_LIFE",
      "properties": {
        "amenity": "hospital",
        "evidence_status": "contextual",
        "id": "OSM-NODE-13982873285-DAILY_LIFE",
        "layer": "daily_life",
        "name": "科学园南里社区卫生服务站",
        "osm_id": 13982873285,
        "osm_type": "node"
      },
      "type": "Feature"
    },
    {
      "geometry": {
        "coordinates": [
          116.37898,
          39.996209
        ],
        "type": "Point"
      },
      "id": "OSM-NODE-13982873541-DAILY_LIFE",
      "properties": {
        "amenity": "community_centre",
        "evidence_status": "contextual",
        "id": "OSM-NODE-13982873541-DAILY_LIFE",
        "layer": "daily_life",
        "name": "奥运村养老照料中心",
        "osm_id": 13982873541,
        "osm_type": "node"
      },
      "type": "Feature"
    },
    {
      "geometry": {
        "coordinates": [
          116.379055,
          39.9962
        ],
        "type": "Point"
      },
      "id": "OSM-NODE-13982873609-DAILY_LIFE",
      "properties": {
        "amenity": "library",
        "evidence_status": "contextual",
        "id": "OSM-NODE-13982873609-DAILY_LIFE",
        "layer": "daily_life",
        "name": "奥运村街道图书馆分馆",
        "osm_id": 13982873609,
        "osm_type": "node"
      },
      "type": "Feature"
    },
    {
      "geometry": {
        "coordinates": [
          116.330889,
          39.978406
        ],
        "type": "Point"
      },
      "id": "OSM-NODE-14063263901-DAILY_LIFE",
      "properties": {
        "amenity": "college",
        "evidence_status": "contextual",
        "id": "OSM-NODE-14063263901-DAILY_LIFE",
        "layer": "daily_life",
        "name": "中国科学院软件研究所",
        "name:en": "Institute of Software, Chinese Academy of Sciences",
        "osm_id": 14063263901,
        "osm_type": "node"
      },
      "type": "Feature"
    },
    {
      "geometry": {
        "coordinates": [
          116.336249,
          39.952335
        ],
        "type": "Point"
      },
      "id": "OSM-NODE-14074228232-DAILY_LIFE",
      "properties": {
        "amenity": "college",
        "evidence_status": "contextual",
        "id": "OSM-NODE-14074228232-DAILY_LIFE",
        "layer": "daily_life",
        "name": "马克思主义学院",
        "osm_id": 14074228232,
        "osm_type": "node"
      },
      "type": "Feature"
    },
    {
      "geometry": {
        "coordinates": [
          116.32386,
          40.051323
        ],
        "type": "Point"
      },
      "id": "OSM-NODE-1529259359-DAILY_LIFE",
      "properties": {
        "amenity": "toilets",
        "evidence_status": "contextual",
        "id": "OSM-NODE-1529259359-DAILY_LIFE",
        "layer": "daily_life",
        "name": "西三旗转盘南",
        "operator": "海淀区环境卫生服务中心四队",
        "osm_id": 1529259359,
        "osm_type": "node"
      },
      "type": "Feature"
    },
    {
      "geometry": {
        "coordinates": [
          116.32414,
          39.936675
        ],
        "type": "Point"
      },
      "id": "OSM-NODE-1554253408-DAILY_LIFE",
      "properties": {
        "amenity": "toilets",
        "evidence_status": "contextual",
        "id": "OSM-NODE-1554253408-DAILY_LIFE",
        "layer": "daily_life",
        "name": "105车站",
        "opening_hours": "Mo-Su 05:00-23:00",
        "osm_id": 1554253408,
        "osm_type": "node",
        "wheelchair": "yes"
      },
      "type": "Feature"
    },
    {
      "geometry": {
        "coordinates": [
          116.345242,
          39.938367
        ],
        "type": "Point"
      },
      "id": "OSM-NODE-1582786112-DAILY_LIFE",
      "properties": {
        "amenity": "toilets",
        "evidence_status": "contextual",
        "id": "OSM-NODE-1582786112-DAILY_LIFE",
        "layer": "daily_life",
        "name": "西外大街西直门立交桥南",
        "opening_hours": "Mo-Su 05:00-23:00",
        "operator": "北京市西城区环境卫生服务中心",
        "osm_id": 1582786112,
        "osm_type": "node",
        "wheelchair": "yes"
      },
      "type": "Feature"
    },
    {
      "geometry": {
        "coordinates": [
          116.331949,
          39.94915
        ],
        "type": "Point"
      },
      "id": "OSM-NODE-1678269105-DAILY_LIFE",
      "properties": {
        "amenity": "theatre",
        "evidence_status": "contextual",
        "id": "OSM-NODE-1678269105-DAILY_LIFE",
        "layer": "daily_life",
        "name": "小剧场",
        "name:zh": "小剧场",
        "osm_id": 1678269105,
        "osm_type": "node"
      },
      "type": "Feature"
    },
    {
      "geometry": {
        "coordinates": [
          116.387632,
          39.943279
        ],
        "type": "Point"
      },
      "id": "OSM-NODE-1687056697-DAILY_LIFE",
      "properties": {
        "amenity": "toilets",
        "evidence_status": "contextual",
        "id": "OSM-NODE-1687056697-DAILY_LIFE",
        "layer": "daily_life",
        "osm_id": 1687056697,
        "osm_type": "node"
      },
      "type": "Feature"
    },
    {
      "geometry": {
        "coordinates": [
          116.366864,
          39.947672
        ],
        "type": "Point"
      },
      "id": "OSM-NODE-1687138927-DAILY_LIFE",
      "properties": {
        "amenity": "toilets",
        "evidence_status": "contextual",
        "id": "OSM-NODE-1687138927-DAILY_LIFE",
        "layer": "daily_life",
        "name": "积水潭地铁外",
        "opening_hours": "Mo-Su 05:00-23:00",
        "operator": "北京市西城区环境卫生服务中心",
        "osm_id": 1687138927,
        "osm_type": "node"
      },
      "type": "Feature"
    },
    {
      "geometry": {
        "coordinates": [
          116.357714,
          40.000634
        ],
        "type": "Point"
      },
      "id": "OSM-NODE-1732799822-DAILY_LIFE",
      "properties": {
        "amenity": "college",
        "evidence_status": "contextual",
        "id": "OSM-NODE-1732799822-DAILY_LIFE",
        "layer": "daily_life",
        "name": "中国人民大学继续教育学院",
        "name:zh": "中国人民大学继续教育学院",
        "osm_id": 1732799822,
        "osm_type": "node"
      },
      "type": "Feature"
    },
    {
      "geometry": {
        "coordinates": [
          116.359368,
          40.007171
        ],
        "type": "Point"
      },
      "id": "OSM-NODE-1734208818-DAILY_LIFE",
      "properties": {
        "amenity": "hospital",
        "evidence_status": "contextual",
        "id": "OSM-NODE-1734208818-DAILY_LIFE",
        "layer": "daily_life",
        "name": "北京京城皮肤病医院",
        "name:zh": "北京京城皮肤病医院",
        "osm_id": 1734208818,
        "osm_type": "node"
      },
      "type": "Feature"
    },
    {
      "geometry": {
        "coordinates": [
          116.343091,
          39.968763
        ],
        "type": "Point"
      },
      "id": "OSM-NODE-1743112504-DAILY_LIFE",
      "properties": {
        "amenity": "college",
        "evidence_status": "contextual",
        "id": "OSM-NODE-1743112504-DAILY_LIFE",
        "layer": "daily_life",
        "name": "首都体育学院",
        "name:zh": "首都体育学院",
        "osm_id": 1743112504,
        "osm_type": "node"
      },
      "type": "Feature"
    },
    {
      "geometry": {
        "coordinates": [
          116.361442,
          39.967211
        ],
        "type": "Point"
      },
      "id": "OSM-NODE-1743112506-DAILY_LIFE",
      "properties": {
        "amenity": "hospital",
        "evidence_status": "contextual",
        "id": "OSM-NODE-1743112506-DAILY_LIFE",
        "layer": "daily_life",
        "name": "北京国都医院",
        "osm_id": 1743112506,
        "osm_type": "node"
      },
      "type": "Feature"
    },
    {
      "geometry": {
        "coordinates": [
          116.318005,
          39.990855
        ],
        "type": "Point"
      },
      "id": "OSM-NODE-1747557685-DAILY_LIFE",
      "properties": {
        "amenity": "toilets",
        "evidence_status": "contextual",
        "id": "OSM-NODE-1747557685-DAILY_LIFE",
        "layer": "daily_life",
        "name": "城府兰旗营",
        "name:zh": "城府兰旗营",
        "operator": "海淀环卫服务中心四队",
        "osm_id": 1747557685,
        "osm_type": "node"
      },
      "type": "Feature"
    },
    {
      "geometry": {
        "coordinates": [
          116.366472,
          39.938106
        ],
        "type": "Point"
      },
      "id": "OSM-NODE-1747650147-DAILY_LIFE",
      "properties": {
        "amenity": "toilets",
        "evidence_status": "contextual",
        "id": "OSM-NODE-1747650147-DAILY_LIFE",
        "layer": "daily_life",
        "name": "新南21号旁",
        "opening_hours": "Mo-Su 05:00-24:00",
        "operator": "北京市西城区环境卫生服务中心",
        "osm_id": 1747650147,
        "osm_type": "node"
      },
      "type": "Feature"
    },
    {
      "geometry": {
        "coordinates": [
          116.365952,
          39.943504
        ],
        "type": "Point"
      },
      "id": "OSM-NODE-1747691684-DAILY_LIFE",
      "properties": {
        "amenity": "toilets",
        "evidence_status": "contextual",
        "id": "OSM-NODE-1747691684-DAILY_LIFE",
        "layer": "daily_life",
        "name": "新街口北街53号南侧",
        "operator": "北京市西城区环境卫生服务中心",
        "osm_id": 1747691684,
        "osm_type": "node"
      },
      "type": "Feature"
    },
    {
      "geometry": {
        "coordinates": [
          116.361463,
          40.031526
        ],
        "type": "Point"
      },
      "id": "OSM-NODE-1752074386-DAILY_LIFE",
      "properties": {
        "amenity": "hospital",
        "evidence_status": "contextual",
        "id": "OSM-NODE-1752074386-DAILY_LIFE",
        "layer": "daily_life",
        "name": "西三旗社区卫生服务站",
        "osm_id": 1752074386,
        "osm_type": "node"
      },
      "type": "Feature"
    },
    {
      "geometry": {
        "coordinates": [
          116.344698,
          39.966749
        ],
        "type": "Point"
      },
      "id": "OSM-NODE-1767314665-DAILY_LIFE",
      "properties": {
        "amenity": "pharmacy",
        "evidence_status": "contextual",
        "id": "OSM-NODE-1767314665-DAILY_LIFE",
        "layer": "daily_life",
        "name": "嘉事堂药店",
        "osm_id": 1767314665,
        "osm_type": "node"
      },
      "type": "Feature"
    },
    {
      "geometry": {
        "coordinates": [
          116.349514,
          40.003674
        ],
        "type": "Point"
      },
      "id": "OSM-NODE-1785669301-DAILY_LIFE",
      "properties": {
        "amenity": "kindergarten",
        "evidence_status": "contextual",
        "id": "OSM-NODE-1785669301-DAILY_LIFE",
        "layer": "daily_life",
        "name": "中国农业大学东校区幼儿园",
        "osm_id": 1785669301,
        "osm_type": "node"
      },
      "type": "Feature"
    },
    {
      "geometry": {
        "coordinates": [
          116.346815,
          40.003165
        ],
        "type": "Point"
      },
      "id": "OSM-NODE-1785670165-DAILY_LIFE",
      "properties": {
        "amenity": "pharmacy",
        "evidence_status": "contextual",
        "id": "OSM-NODE-1785670165-DAILY_LIFE",
        "layer": "daily_life",
        "osm_id": 1785670165,
        "osm_type": "node"
      },
      "type": "Feature"
    },
    {
      "geometry": {
        "coordinates": [
          116.349019,
          40.004334
        ],
        "type": "Point"
      },
      "id": "OSM-NODE-1785670624-DAILY_LIFE",
      "properties": {
        "amenity": "marketplace",
        "evidence_status": "contextual",
        "id": "OSM-NODE-1785670624-DAILY_LIFE",
        "layer": "daily_life",
        "osm_id": 1785670624,
        "osm_type": "node"
      },
      "type": "Feature"
    },
    {
      "geometry": {
        "coordinates": [
          116.346809,
          40.003784
        ],
        "type": "Point"
      },
      "id": "OSM-NODE-1787110151-DAILY_LIFE",
      "properties": {
        "amenity": "marketplace",
        "evidence_status": "contextual",
        "id": "OSM-NODE-1787110151-DAILY_LIFE",
        "layer": "daily_life",
        "osm_id": 1787110151,
        "osm_type": "node"
      },
      "type": "Feature"
    },
    {
      "geometry": {
        "coordinates": [
          116.346935,
          39.999871
        ],
        "type": "Point"
      },
      "id": "OSM-NODE-1787116000-DAILY_LIFE",
      "properties": {
        "amenity": "police",
        "evidence_status": "contextual",
        "id": "OSM-NODE-1787116000-DAILY_LIFE",
        "layer": "daily_life",
        "osm_id": 1787116000,
        "osm_type": "node"
      },
      "type": "Feature"
    },
    {
      "geometry": {
        "coordinates": [
          116.346575,
          40.006642
        ],
        "type": "Point"
      },
      "id": "OSM-NODE-1787116377-DAILY_LIFE",
      "properties": {
        "amenity": "police",
        "evidence_status": "contextual",
        "id": "OSM-NODE-1787116377-DAILY_LIFE",
        "layer": "daily_life",
        "osm_id": 1787116377,
        "osm_type": "node"
      },
      "type": "Feature"
    },
    {
      "geometry": {
        "coordinates": [
          116.349309,
          40.007009
        ],
        "type": "Point"
      },
      "id": "OSM-NODE-1787294095-DAILY_LIFE",
      "properties": {
        "amenity": "theatre",
        "evidence_status": "contextual",
        "id": "OSM-NODE-1787294095-DAILY_LIFE",
        "layer": "daily_life",
        "name": "欢乐汇KTV",
        "name:zh": "欢乐汇KTV",
        "osm_id": 1787294095,
        "osm_type": "node"
      },
      "type": "Feature"
    },
    {
      "geometry": {
        "coordinates": [
          116.347186,
          40.007553
        ],
        "type": "Point"
      },
      "id": "OSM-NODE-1787497648-DAILY_LIFE",
      "properties": {
        "amenity": "cinema",
        "evidence_status": "contextual",
        "id": "OSM-NODE-1787497648-DAILY_LIFE",
        "layer": "daily_life",
        "name": "嘉华影院",
        "name:zh": "嘉华影院",
        "osm_id": 1787497648,
        "osm_type": "node"
      },
      "type": "Feature"
    },
    {
      "geometry": {
        "coordinates": [
          116.320064,
          39.966556
        ],
        "type": "Point"
      },
      "id": "OSM-NODE-1795411288-DAILY_LIFE",
      "properties": {
        "amenity": "cinema",
        "evidence_status": "contextual",
        "id": "OSM-NODE-1795411288-DAILY_LIFE",
        "layer": "daily_life",
        "name": "UME international cinema",
        "osm_id": 1795411288,
        "osm_type": "node"
      },
      "type": "Feature"
    },
    {
      "geometry": {
        "coordinates": [
          116.322097,
          39.964665
        ],
        "type": "Point"
      },
      "id": "OSM-NODE-1795414679-DAILY_LIFE",
      "properties": {
        "amenity": "school",
        "evidence_status": "contextual",
        "id": "OSM-NODE-1795414679-DAILY_LIFE",
        "layer": "daily_life",
        "name": "中国人民大学附属中学分校",
        "osm_id": 1795414679,
        "osm_type": "node"
      },
      "type": "Feature"
    },
    {
      "geometry": {
        "coordinates": [
          116.31859,
          39.965303
        ],
        "type": "Point"
      },
      "id": "OSM-NODE-1795421145-DAILY_LIFE",
      "properties": {
        "amenity": "pharmacy",
        "evidence_status": "contextual",
        "id": "OSM-NODE-1795421145-DAILY_LIFE",
        "layer": "daily_life",
        "osm_id": 1795421145,
        "osm_type": "node"
      },
      "type": "Feature"
    },
    {
      "geometry": {
        "coordinates": [
          116.382297,
          39.992642
        ],
        "type": "Point"
      },
      "id": "OSM-NODE-1806801667-DAILY_LIFE",
      "properties": {
        "amenity": "toilets",
        "evidence_status": "contextual",
        "id": "OSM-NODE-1806801667-DAILY_LIFE",
        "layer": "daily_life",
        "osm_id": 1806801667,
        "osm_type": "node"
      },
      "type": "Feature"
    },
    {
      "geometry": {
        "coordinates": [
          116.309376,
          39.937425
        ],
        "type": "Point"
      },
      "id": "OSM-NODE-1840814534-DAILY_LIFE",
      "properties": {
        "amenity": "toilets",
        "evidence_status": "contextual",
        "id": "OSM-NODE-1840814534-DAILY_LIFE",
        "layer": "daily_life",
        "name": "三虎桥南",
        "operator": "海淀环卫服务中心四队",
        "osm_id": 1840814534,
        "osm_type": "node",
        "wheelchair": "no"
      },
      "type": "Feature"
    },
    {
      "geometry": {
        "coordinates": [
          116.310105,
          39.938125
        ],
        "type": "Point"
      },
      "id": "OSM-NODE-1840814545-DAILY_LIFE",
      "properties": {
        "amenity": "hospital",
        "evidence_status": "contextual",
        "id": "OSM-NODE-1840814545-DAILY_LIFE",
        "layer": "daily_life",
        "name": "京民医院",
        "osm_id": 1840814545,
        "osm_type": "node"
      },
      "type": "Feature"
    },
    {
      "geometry": {
        "coordinates": [
          116.305838,
          39.961624
        ],
        "type": "Point"
      },
      "id": "OSM-NODE-1923832798-DAILY_LIFE",
      "properties": {
        "amenity": "school",
        "evidence_status": "contextual",
        "id": "OSM-NODE-1923832798-DAILY_LIFE",
        "layer": "daily_life",
        "name": "北京新干线学校",
        "osm_id": 1923832798,
        "osm_type": "node"
      },
      "type": "Feature"
    },
    {
      "geometry": {
        "coordinates": [
          116.389324,
          39.939696
        ],
        "type": "Point"
      },
      "id": "OSM-NODE-1976297704-DAILY_LIFE",
      "properties": {
        "amenity": "toilets",
        "evidence_status": "contextual",
        "id": "OSM-NODE-1976297704-DAILY_LIFE",
        "layer": "daily_life",
        "osm_id": 1976297704,
        "osm_type": "node"
      },
      "type": "Feature"
    },
    {
      "geometry": {
        "coordinates": [
          116.345921,
          39.937468
        ],
        "type": "Point"
      },
      "id": "OSM-NODE-2109313878-DAILY_LIFE",
      "properties": {
        "amenity": "toilets",
        "evidence_status": "contextual",
        "id": "OSM-NODE-2109313878-DAILY_LIFE",
        "layer": "daily_life",
        "name": "北礼士路北口路西",
        "opening_hours": "Mo-Su 05:00-23:00; Apr 1-Oct 31 05:00-24:00",
        "operator": "北京市西城区环境卫生服务中心",
        "osm_id": 2109313878,
        "osm_type": "node"
      },
      "type": "Feature"
    },
    {
      "geometry": {
        "coordinates": [
          116.389638,
          40.044348
        ],
        "type": "Point"
      },
      "id": "OSM-NODE-2140983430-DAILY_LIFE",
      "properties": {
        "amenity": "toilets",
        "evidence_status": "contextual",
        "id": "OSM-NODE-2140983430-DAILY_LIFE",
        "layer": "daily_life",
        "osm_id": 2140983430,
        "osm_type": "node"
      },
      "type": "Feature"
    },
    {
      "geometry": {
        "coordinates": [
          116.387928,
          40.01036
        ],
        "type": "Point"
      },
      "id": "OSM-NODE-2161966872-DAILY_LIFE",
      "properties": {
        "amenity": "toilets",
        "evidence_status": "contextual",
        "id": "OSM-NODE-2161966872-DAILY_LIFE",
        "layer": "daily_life",
        "osm_id": 2161966872,
        "osm_type": "node"
      },
      "type": "Feature"
    },
    {
      "geometry": {
        "coordinates": [
          116.394172,
          40.015089
        ],
        "type": "Point"
      },
      "id": "OSM-NODE-2161966875-DAILY_LIFE",
      "properties": {
        "amenity": "toilets",
        "evidence_status": "contextual",
        "id": "OSM-NODE-2161966875-DAILY_LIFE",
        "layer": "daily_life",
        "osm_id": 2161966875,
        "osm_type": "node"
      },
      "type": "Feature"
    },
    {
      "geometry": {
        "coordinates": [
          116.392756,
          40.016044
        ],
        "type": "Point"
      },
      "id": "OSM-NODE-2161966938-DAILY_LIFE",
      "properties": {
        "amenity": "toilets",
        "evidence_status": "contextual",
        "id": "OSM-NODE-2161966938-DAILY_LIFE",
        "layer": "daily_life",
        "osm_id": 2161966938,
        "osm_type": "node"
      },
      "type": "Feature"
    },
    {
      "geometry": {
        "coordinates": [
          116.384024,
          40.040099
        ],
        "type": "Point"
      },
      "id": "OSM-NODE-2165047452-DAILY_LIFE",
      "properties": {
        "amenity": "toilets",
        "evidence_status": "contextual",
        "id": "OSM-NODE-2165047452-DAILY_LIFE",
        "layer": "daily_life",
        "osm_id": 2165047452,
        "osm_type": "node"
      },
      "type": "Feature"
    },
    {
      "geometry": {
        "coordinates": [
          116.384148,
          40.048559
        ],
        "type": "Point"
      },
      "id": "OSM-NODE-2165047453-DAILY_LIFE",
      "properties": {
        "amenity": "toilets",
        "evidence_status": "contextual",
        "id": "OSM-NODE-2165047453-DAILY_LIFE",
        "layer": "daily_life",
        "osm_id": 2165047453,
        "osm_type": "node"
      },
      "type": "Feature"
    },
    {
      "geometry": {
        "coordinates": [
          116.385349,
          40.050046
        ],
        "type": "Point"
      },
      "id": "OSM-NODE-2165047455-DAILY_LIFE",
      "properties": {
        "amenity": "toilets",
        "evidence_status": "contextual",
        "id": "OSM-NODE-2165047455-DAILY_LIFE",
        "layer": "daily_life",
        "osm_id": 2165047455,
        "osm_type": "node"
      },
      "type": "Feature"
    },
    {
      "geometry": {
        "coordinates": [
          116.3914,
          40.053055
        ],
        "type": "Point"
      },
      "id": "OSM-NODE-2165047456-DAILY_LIFE",
      "properties": {
        "amenity": "toilets",
        "evidence_status": "contextual",
        "id": "OSM-NODE-2165047456-DAILY_LIFE",
        "layer": "daily_life",
        "osm_id": 2165047456,
        "osm_type": "node"
      },
      "type": "Feature"
    },
    {
      "geometry": {
        "coordinates": [
          116.386656,
          40.041337
        ],
        "type": "Point"
      },
      "id": "OSM-NODE-2165047457-DAILY_LIFE",
      "properties": {
        "amenity": "toilets",
        "evidence_status": "contextual",
        "id": "OSM-NODE-2165047457-DAILY_LIFE",
        "layer": "daily_life",
        "osm_id": 2165047457,
        "osm_type": "node"
      },
      "type": "Feature"
    },
    {
      "geometry": {
        "coordinates": [
          116.387715,
          40.048046
        ],
        "type": "Point"
      },
      "id": "OSM-NODE-2165047458-DAILY_LIFE",
      "properties": {
        "amenity": "toilets",
        "evidence_status": "contextual",
        "id": "OSM-NODE-2165047458-DAILY_LIFE",
        "layer": "daily_life",
        "osm_id": 2165047458,
        "osm_type": "node"
      },
      "type": "Feature"
    },
    {
      "geometry": {
        "coordinates": [
          116.38485,
          40.04368
        ],
        "type": "Point"
      },
      "id": "OSM-NODE-2165047459-DAILY_LIFE",
      "properties": {
        "amenity": "toilets",
        "evidence_status": "contextual",
        "id": "OSM-NODE-2165047459-DAILY_LIFE",
        "layer": "daily_life",
        "osm_id": 2165047459,
        "osm_type": "node"
      },
      "type": "Feature"
    },
    {
      "geometry": {
        "coordinates": [
          116.305017,
          40.001005
        ],
        "type": "Point"
      },
      "id": "OSM-NODE-2207181133-DAILY_LIFE",
      "properties": {
        "amenity": "toilets",
        "evidence_status": "contextual",
        "id": "OSM-NODE-2207181133-DAILY_LIFE",
        "layer": "daily_life",
        "osm_id": 2207181133,
        "osm_type": "node"
      },
      "type": "Feature"
    },
    {
      "geometry": {
        "coordinates": [
          116.303979,
          40.031155
        ],
        "type": "Point"
      },
      "id": "OSM-NODE-2291485131-DAILY_LIFE",
      "properties": {
        "amenity": "toilets",
        "evidence_status": "contextual",
        "id": "OSM-NODE-2291485131-DAILY_LIFE",
        "layer": "daily_life",
        "osm_id": 2291485131,
        "osm_type": "node"
      },
      "type": "Feature"
    },
    {
      "geometry": {
        "coordinates": [
          116.391508,
          40.028618
        ],
        "type": "Point"
      },
      "id": "OSM-NODE-2313142928-DAILY_LIFE",
      "properties": {
        "amenity": "toilets",
        "evidence_status": "contextual",
        "id": "OSM-NODE-2313142928-DAILY_LIFE",
        "layer": "daily_life",
        "osm_id": 2313142928,
        "osm_type": "node"
      },
      "type": "Feature"
    },
    {
      "geometry": {
        "coordinates": [
          116.384682,
          40.010346
        ],
        "type": "Point"
      },
      "id": "OSM-NODE-2313142929-DAILY_LIFE",
      "properties": {
        "amenity": "toilets",
        "evidence_status": "contextual",
        "id": "OSM-NODE-2313142929-DAILY_LIFE",
        "layer": "daily_life",
        "osm_id": 2313142929,
        "osm_type": "node"
      },
      "type": "Feature"
    },
    {
      "geometry": {
        "coordinates": [
          116.321138,
          40.053405
        ],
        "type": "Point"
      },
      "id": "OSM-NODE-2345946148-DAILY_LIFE",
      "properties": {
        "amenity": "college",
        "evidence_status": "contextual",
        "id": "OSM-NODE-2345946148-DAILY_LIFE",
        "layer": "daily_life",
        "name": "中国地震局地壳应力研究所",
        "osm_id": 2345946148,
        "osm_type": "node"
      },
      "type": "Feature"
    },
    {
      "geometry": {
        "coordinates": [
          116.320612,
          40.051651
        ],
        "type": "Point"
      },
      "id": "OSM-NODE-2345946154-DAILY_LIFE",
      "properties": {
        "amenity": "kindergarten",
        "evidence_status": "contextual",
        "id": "OSM-NODE-2345946154-DAILY_LIFE",
        "layer": "daily_life",
        "name": "睿泽幼儿园",
        "osm_id": 2345946154,
        "osm_type": "node"
      },
      "type": "Feature"
    },
    {
      "geometry": {
        "coordinates": [
          116.314967,
          40.000083
        ],
        "type": "Point"
      },
      "id": "OSM-NODE-2354019864-DAILY_LIFE",
      "properties": {
        "amenity": "toilets",
        "evidence_status": "contextual",
        "id": "OSM-NODE-2354019864-DAILY_LIFE",
        "layer": "daily_life",
        "osm_id": 2354019864,
        "osm_type": "node"
      },
      "type": "Feature"
    },
    {
      "geometry": {
        "coordinates": [
          116.319672,
          39.99843
        ],
        "type": "Point"
      },
      "id": "OSM-NODE-2354047028-DAILY_LIFE",
      "properties": {
        "amenity": "toilets",
        "evidence_status": "contextual",
        "id": "OSM-NODE-2354047028-DAILY_LIFE",
        "layer": "daily_life",
        "osm_id": 2354047028,
        "osm_type": "node"
      },
      "type": "Feature"
    },
    {
      "geometry": {
        "coordinates": [
          116.318073,
          39.996043
        ],
        "type": "Point"
      },
      "id": "OSM-NODE-2354395661-DAILY_LIFE",
      "properties": {
        "amenity": "toilets",
        "evidence_status": "contextual",
        "id": "OSM-NODE-2354395661-DAILY_LIFE",
        "layer": "daily_life",
        "osm_id": 2354395661,
        "osm_type": "node"
      },
      "type": "Feature"
    },
    {
      "geometry": {
        "coordinates": [
          116.356333,
          39.974764
        ],
        "type": "Point"
      },
      "id": "OSM-NODE-2363178356-DAILY_LIFE",
      "properties": {
        "amenity": "toilets",
        "evidence_status": "contextual",
        "id": "OSM-NODE-2363178356-DAILY_LIFE",
        "layer": "daily_life",
        "osm_id": 2363178356,
        "osm_type": "node"
      },
      "type": "Feature"
    },
    {
      "geometry": {
        "coordinates": [
          116.378234,
          39.996239
        ],
        "type": "Point"
      },
      "id": "OSM-NODE-2393726378-DAILY_LIFE",
      "properties": {
        "amenity": "post_office",
        "evidence_status": "contextual",
        "id": "OSM-NODE-2393726378-DAILY_LIFE",
        "layer": "daily_life",
        "name": "中国邮政",
        "name:zh": "中国邮政",
        "osm_id": 2393726378,
        "osm_type": "node"
      },
      "type": "Feature"
    },
    {
      "geometry": {
        "coordinates": [
          116.390319,
          39.997523
        ],
        "type": "Point"
      },
      "id": "OSM-NODE-2463625827-DAILY_LIFE",
      "properties": {
        "amenity": "cinema",
        "evidence_status": "contextual",
        "id": "OSM-NODE-2463625827-DAILY_LIFE",
        "layer": "daily_life",
        "name": "CGV星星国际影城",
        "osm_id": 2463625827,
        "osm_type": "node"
      },
      "type": "Feature"
    },
    {
      "geometry": {
        "coordinates": [
          116.341557,
          39.981677
        ],
        "type": "Point"
      },
      "id": "OSM-NODE-2706659360-DAILY_LIFE",
      "properties": {
        "amenity": "police",
        "evidence_status": "contextual",
        "id": "OSM-NODE-2706659360-DAILY_LIFE",
        "layer": "daily_life",
        "name": "保卫处",
        "name:zh": "保卫处",
        "osm_id": 2706659360,
        "osm_type": "node"
      },
      "type": "Feature"
    },
    {
      "geometry": {
        "coordinates": [
          116.380322,
          39.946749
        ],
        "type": "Point"
      },
      "id": "OSM-NODE-2738958563-DAILY_LIFE",
      "properties": {
        "amenity": "school",
        "evidence_status": "contextual",
        "id": "OSM-NODE-2738958563-DAILY_LIFE",
        "layer": "daily_life",
        "name": "北京市第十三中学分校",
        "osm_id": 2738958563,
        "osm_type": "node"
      },
      "type": "Feature"
    },
    {
      "geometry": {
        "coordinates": [
          116.369276,
          40.000055
        ],
        "type": "Point"
      },
      "id": "OSM-NODE-2753165464-DAILY_LIFE",
      "properties": {
        "amenity": "hospital",
        "evidence_status": "contextual",
        "id": "OSM-NODE-2753165464-DAILY_LIFE",
        "layer": "daily_life",
        "name": "北京奥北中医院",
        "name:zh": "北京奥北中医院",
        "osm_id": 2753165464,
        "osm_type": "node"
      },
      "type": "Feature"
    },
    {
      "geometry": {
        "coordinates": [
          116.391028,
          40.014818
        ],
        "type": "Point"
      },
      "id": "OSM-NODE-2753843451-DAILY_LIFE",
      "properties": {
        "amenity": "toilets",
        "evidence_status": "contextual",
        "id": "OSM-NODE-2753843451-DAILY_LIFE",
        "layer": "daily_life",
        "osm_id": 2753843451,
        "osm_type": "node"
      },
      "type": "Feature"
    },
    {
      "geometry": {
        "coordinates": [
          116.38533,
          40.007668
        ],
        "type": "Point"
      },
      "id": "OSM-NODE-2753963177-DAILY_LIFE",
      "properties": {
        "amenity": "toilets",
        "evidence_status": "contextual",
        "id": "OSM-NODE-2753963177-DAILY_LIFE",
        "layer": "daily_life",
        "osm_id": 2753963177,
        "osm_type": "node"
      },
      "type": "Feature"
    },
    {
      "geometry": {
        "coordinates": [
          116.376943,
          39.996227
        ],
        "type": "Point"
      },
      "id": "OSM-NODE-2818438201-DAILY_LIFE",
      "properties": {
        "amenity": "pharmacy",
        "evidence_status": "contextual",
        "id": "OSM-NODE-2818438201-DAILY_LIFE",
        "layer": "daily_life",
        "name": "同仁堂",
        "name:en": "TongRenTang Pharmacy",
        "name:zh": "同仁堂",
        "osm_id": 2818438201,
        "osm_type": "node"
      },
      "type": "Feature"
    },
    {
      "geometry": {
        "coordinates": [
          116.307162,
          40.028791
        ],
        "type": "Point"
      },
      "id": "OSM-NODE-281925699-DAILY_LIFE",
      "properties": {
        "amenity": "pharmacy",
        "evidence_status": "contextual",
        "id": "OSM-NODE-281925699-DAILY_LIFE",
        "layer": "daily_life",
        "name": "同仁堂",
        "name:zh": "同仁堂",
        "osm_id": 281925699,
        "osm_type": "node"
      },
      "type": "Feature"
    },
    {
      "geometry": {
        "coordinates": [
          116.305067,
          40.029184
        ],
        "type": "Point"
      },
      "id": "OSM-NODE-286279448-DAILY_LIFE",
      "properties": {
        "amenity": "post_office",
        "evidence_status": "contextual",
        "id": "OSM-NODE-286279448-DAILY_LIFE",
        "layer": "daily_life",
        "name": "上地邮局",
        "name:en": "Shang Di Post Office",
        "osm_id": 286279448,
        "osm_type": "node"
      },
      "type": "Feature"
    },
    {
      "geometry": {
        "coordinates": [
          116.307567,
          40.0311
        ],
        "type": "Point"
      },
      "id": "OSM-NODE-290597968-DAILY_LIFE",
      "properties": {
        "amenity": "police",
        "evidence_status": "contextual",
        "id": "OSM-NODE-290597968-DAILY_LIFE",
        "layer": "daily_life",
        "name": "上地东里派出所",
        "osm_id": 290597968,
        "osm_type": "node"
      },
      "type": "Feature"
    },
    {
      "geometry": {
        "coordinates": [
          116.394932,
          39.995961
        ],
        "type": "Point"
      },
      "id": "OSM-NODE-2941779307-DAILY_LIFE",
      "properties": {
        "amenity": "pharmacy",
        "evidence_status": "contextual",
        "id": "OSM-NODE-2941779307-DAILY_LIFE",
        "layer": "daily_life",
        "name": "金象大药房",
        "osm_id": 2941779307,
        "osm_type": "node"
      },
      "type": "Feature"
    },
    {
      "geometry": {
        "coordinates": [
          116.304321,
          40.034223
        ],
        "type": "Point"
      },
      "id": "OSM-NODE-297146870-DAILY_LIFE",
      "properties": {
        "amenity": "toilets",
        "evidence_status": "contextual",
        "id": "OSM-NODE-297146870-DAILY_LIFE",
        "layer": "daily_life",
        "osm_id": 297146870,
        "osm_type": "node"
      },
      "type": "Feature"
    },
    {
      "geometry": {
        "coordinates": [
          116.371779,
          40.000071
        ],
        "type": "Point"
      },
      "id": "OSM-NODE-2980474933-DAILY_LIFE",
      "properties": {
        "amenity": "clinic",
        "evidence_status": "contextual",
        "id": "OSM-NODE-2980474933-DAILY_LIFE",
        "layer": "daily_life",
        "name": "长村口腔",
        "name:zh": "长村口腔",
        "osm_id": 2980474933,
        "osm_type": "node"
      },
      "type": "Feature"
    },
    {
      "geometry": {
        "coordinates": [
          116.370149,
          39.995665
        ],
        "type": "Point"
      },
      "id": "OSM-NODE-2981984633-DAILY_LIFE",
      "properties": {
        "amenity": "place_of_worship",
        "evidence_status": "contextual",
        "id": "OSM-NODE-2981984633-DAILY_LIFE",
        "layer": "daily_life",
        "name": "恒天世纪彩印公司",
        "name:zh": "恒天世纪彩印公司",
        "osm_id": 2981984633,
        "osm_type": "node"
      },
      "type": "Feature"
    },
    {
      "geometry": {
        "coordinates": [
          116.370878,
          39.996093
        ],
        "type": "Point"
      },
      "id": "OSM-NODE-2981984734-DAILY_LIFE",
      "properties": {
        "amenity": "pharmacy",
        "evidence_status": "contextual",
        "id": "OSM-NODE-2981984734-DAILY_LIFE",
        "layer": "daily_life",
        "name": "111医药馆",
        "name:zh": "111医药馆",
        "osm_id": 2981984734,
        "osm_type": "node"
      },
      "type": "Feature"
    },
    {
      "geometry": {
        "coordinates": [
          116.371028,
          39.997835
        ],
        "type": "Point"
      },
      "id": "OSM-NODE-2981989333-DAILY_LIFE",
      "properties": {
        "amenity": "kindergarten",
        "evidence_status": "contextual",
        "id": "OSM-NODE-2981989333-DAILY_LIFE",
        "layer": "daily_life",
        "name": "北大学园幼儿园",
        "name:zh": "北大学园幼儿园",
        "osm_id": 2981989333,
        "osm_type": "node"
      },
      "type": "Feature"
    },
    {
      "geometry": {
        "coordinates": [
          116.375706,
          40.017229
        ],
        "type": "Point"
      },
      "id": "OSM-NODE-3006898733-DAILY_LIFE",
      "properties": {
        "amenity": "toilets",
        "evidence_status": "contextual",
        "id": "OSM-NODE-3006898733-DAILY_LIFE",
        "layer": "daily_life",
        "osm_id": 3006898733,
        "osm_type": "node"
      },
      "type": "Feature"
    },
    {
      "geometry": {
        "coordinates": [
          116.382612,
          40.020151
        ],
        "type": "Point"
      },
      "id": "OSM-NODE-3006978933-DAILY_LIFE",
      "properties": {
        "amenity": "toilets",
        "evidence_status": "contextual",
        "id": "OSM-NODE-3006978933-DAILY_LIFE",
        "layer": "daily_life",
        "osm_id": 3006978933,
        "osm_type": "node"
      },
      "type": "Feature"
    },
    {
      "geometry": {
        "coordinates": [
          116.377616,
          40.018445
        ],
        "type": "Point"
      },
      "id": "OSM-NODE-3006986633-DAILY_LIFE",
      "properties": {
        "amenity": "toilets",
        "evidence_status": "contextual",
        "id": "OSM-NODE-3006986633-DAILY_LIFE",
        "layer": "daily_life",
        "osm_id": 3006986633,
        "osm_type": "node"
      },
      "type": "Feature"
    },
    {
      "geometry": {
        "coordinates": [
          116.328872,
          39.981363
        ],
        "type": "Point"
      },
      "id": "OSM-NODE-3196516822-DAILY_LIFE",
      "properties": {
        "amenity": "university",
        "evidence_status": "contextual",
        "id": "OSM-NODE-3196516822-DAILY_LIFE",
        "layer": "daily_life",
        "name": "中国科学院大学中关村校区",
        "name:zh": "中国科学院大学中关村校区",
        "operator": "中国科学院大学",
        "osm_id": 3196516822,
        "osm_type": "node",
        "wheelchair": "yes"
      },
      "type": "Feature"
    },
    {
      "geometry": {
        "coordinates": [
          116.35103,
          39.958045
        ],
        "type": "Point"
      },
      "id": "OSM-NODE-3511264387-DAILY_LIFE",
      "properties": {
        "amenity": "marketplace",
        "evidence_status": "contextual",
        "id": "OSM-NODE-3511264387-DAILY_LIFE",
        "layer": "daily_life",
        "name": "中国移动",
        "name:en": "China Mobile",
        "name:zh": "中国移动",
        "osm_id": 3511264387,
        "osm_type": "node"
      },
      "type": "Feature"
    },
    {
      "geometry": {
        "coordinates": [
          116.314488,
          39.961366
        ],
        "type": "Point"
      },
      "id": "OSM-NODE-3687871726-DAILY_LIFE",
      "properties": {
        "amenity": "post_office",
        "evidence_status": "contextual",
        "id": "OSM-NODE-3687871726-DAILY_LIFE",
        "layer": "daily_life",
        "osm_id": 3687871726,
        "osm_type": "node"
      },
      "type": "Feature"
    },
    {
      "geometry": {
        "coordinates": [
          116.314425,
          39.962017
        ],
        "type": "Point"
      },
      "id": "OSM-NODE-3691273299-DAILY_LIFE",
      "properties": {
        "amenity": "toilets",
        "evidence_status": "contextual",
        "id": "OSM-NODE-3691273299-DAILY_LIFE",
        "layer": "daily_life",
        "osm_id": 3691273299,
        "osm_type": "node"
      },
      "type": "Feature"
    },
    {
      "geometry": {
        "coordinates": [
          116.360059,
          39.993107
        ],
        "type": "Point"
      },
      "id": "OSM-NODE-3698165116-DAILY_LIFE",
      "properties": {
        "amenity": "post_office",
        "evidence_status": "contextual",
        "id": "OSM-NODE-3698165116-DAILY_LIFE",
        "layer": "daily_life",
        "name": "中国邮政",
        "name:en": "China Post",
        "name:zh": "中国邮政",
        "osm_id": 3698165116,
        "osm_type": "node"
      },
      "type": "Feature"
    },
    {
      "geometry": {
        "coordinates": [
          116.354026,
          39.994364
        ],
        "type": "Point"
      },
      "id": "OSM-NODE-3698549226-DAILY_LIFE",
      "properties": {
        "amenity": "toilets",
        "evidence_status": "contextual",
        "id": "OSM-NODE-3698549226-DAILY_LIFE",
        "layer": "daily_life",
        "name": "公共卫生间",
        "name:en": "free public restroom",
        "opening_hours": "24/7",
        "osm_id": 3698549226,
        "osm_type": "node",
        "wheelchair": "limited"
      },
      "type": "Feature"
    },
    {
      "geometry": {
        "coordinates": [
          116.341521,
          39.938504
        ],
        "type": "Point"
      },
      "id": "OSM-NODE-3725597525-DAILY_LIFE",
      "properties": {
        "amenity": "post_office",
        "evidence_status": "contextual",
        "id": "OSM-NODE-3725597525-DAILY_LIFE",
        "layer": "daily_life",
        "name": "西直门邮局",
        "osm_id": 3725597525,
        "osm_type": "node"
      },
      "type": "Feature"
    },
    {
      "geometry": {
        "coordinates": [
          116.390597,
          40.016211
        ],
        "type": "Point"
      },
      "id": "OSM-NODE-3792419449-DAILY_LIFE",
      "properties": {
        "amenity": "toilets",
        "evidence_status": "contextual",
        "id": "OSM-NODE-3792419449-DAILY_LIFE",
        "layer": "daily_life",
        "osm_id": 3792419449,
        "osm_type": "node"
      },
      "type": "Feature"
    },
    {
      "geometry": {
        "coordinates": [
          116.387632,
          40.015586
        ],
        "type": "Point"
      },
      "id": "OSM-NODE-3792447207-DAILY_LIFE",
      "properties": {
        "amenity": "toilets",
        "evidence_status": "contextual",
        "id": "OSM-NODE-3792447207-DAILY_LIFE",
        "layer": "daily_life",
        "osm_id": 3792447207,
        "osm_type": "node"
      },
      "type": "Feature"
    },
    {
      "geometry": {
        "coordinates": [
          116.318262,
          39.998062
        ],
        "type": "Point"
      },
      "id": "OSM-NODE-380770869-DAILY_LIFE",
      "properties": {
        "amenity": "post_office",
        "evidence_status": "contextual",
        "id": "OSM-NODE-380770869-DAILY_LIFE",
        "layer": "daily_life",
        "name": "中国邮政",
        "name:en": "China Post",
        "name:zh": "中国邮政",
        "opening_hours": "Mo-Su 09:00-17:30",
        "operator": "中国邮政",
        "osm_id": 380770869,
        "osm_type": "node",
        "wheelchair": "yes"
      },
      "type": "Feature"
    },
    {
      "geometry": {
        "coordinates": [
          116.374928,
          39.979103
        ],
        "type": "Point"
      },
      "id": "OSM-NODE-3807734927-DAILY_LIFE",
      "properties": {
        "amenity": "cinema",
        "evidence_status": "contextual",
        "id": "OSM-NODE-3807734927-DAILY_LIFE",
        "layer": "daily_life",
        "name": "活力影城",
        "osm_id": 3807734927,
        "osm_type": "node"
      },
      "type": "Feature"
    },
    {
      "geometry": {
        "coordinates": [
          116.338072,
          39.959743
        ],
        "type": "Point"
      },
      "id": "OSM-NODE-3926751586-DAILY_LIFE",
      "properties": {
        "amenity": "hospital",
        "evidence_status": "contextual",
        "id": "OSM-NODE-3926751586-DAILY_LIFE",
        "layer": "daily_life",
        "name": "北京国医中联医院",
        "name:zh": "北京国医中联医院",
        "osm_id": 3926751586,
        "osm_type": "node"
      },
      "type": "Feature"
    },
    {
      "geometry": {
        "coordinates": [
          116.346032,
          39.984515
        ],
        "type": "Point"
      },
      "id": "OSM-NODE-395214553-DAILY_LIFE",
      "properties": {
        "amenity": "college",
        "evidence_status": "contextual",
        "id": "OSM-NODE-395214553-DAILY_LIFE",
        "layer": "daily_life",
        "name": "世宁大厦",
        "name:zh": "世宁大厦",
        "osm_id": 395214553,
        "osm_type": "node"
      },
      "type": "Feature"
    },
    {
      "geometry": {
        "coordinates": [
          116.345391,
          39.957144
        ],
        "type": "Point"
      },
      "id": "OSM-NODE-4104795389-DAILY_LIFE",
      "properties": {
        "amenity": "pharmacy",
        "evidence_status": "contextual",
        "id": "OSM-NODE-4104795389-DAILY_LIFE",
        "layer": "daily_life",
        "name": "康又健大药房",
        "name:zh": "康又健大药房",
        "osm_id": 4104795389,
        "osm_type": "node"
      },
      "type": "Feature"
    },
    {
      "geometry": {
        "coordinates": [
          116.330336,
          39.959375
        ],
        "type": "Point"
      },
      "id": "OSM-NODE-4186879497-DAILY_LIFE",
      "properties": {
        "amenity": "police",
        "evidence_status": "contextual",
        "id": "OSM-NODE-4186879497-DAILY_LIFE",
        "layer": "daily_life",
        "name": "大钟寺派出所",
        "name:zh": "大钟寺派出所",
        "osm_id": 4186879497,
        "osm_type": "node"
      },
      "type": "Feature"
    },
    {
      "geometry": {
        "coordinates": [
          116.332173,
          39.951942
        ],
        "type": "Point"
      },
      "id": "OSM-NODE-4217498060-DAILY_LIFE",
      "properties": {
        "amenity": "toilets",
        "evidence_status": "contextual",
        "id": "OSM-NODE-4217498060-DAILY_LIFE",
        "layer": "daily_life",
        "osm_id": 4217498060,
        "osm_type": "node"
      },
      "type": "Feature"
    },
    {
      "geometry": {
        "coordinates": [
          116.337291,
          39.950868
        ],
        "type": "Point"
      },
      "id": "OSM-NODE-4217498061-DAILY_LIFE",
      "properties": {
        "amenity": "toilets",
        "evidence_status": "contextual",
        "id": "OSM-NODE-4217498061-DAILY_LIFE",
        "layer": "daily_life",
        "osm_id": 4217498061,
        "osm_type": "node"
      },
      "type": "Feature"
    },
    {
      "geometry": {
        "coordinates": [
          116.340715,
          39.952062
        ],
        "type": "Point"
      },
      "id": "OSM-NODE-4217498062-DAILY_LIFE",
      "properties": {
        "amenity": "hospital",
        "evidence_status": "contextual",
        "id": "OSM-NODE-4217498062-DAILY_LIFE",
        "layer": "daily_life",
        "name": "校医院",
        "name:zh": "校医院",
        "osm_id": 4217498062,
        "osm_type": "node"
      },
      "type": "Feature"
    },
    {
      "geometry": {
        "coordinates": [
          116.318197,
          39.93933
        ],
        "type": "Point"
      },
      "id": "OSM-NODE-4275134190-DAILY_LIFE",
      "properties": {
        "amenity": "toilets",
        "evidence_status": "contextual",
        "id": "OSM-NODE-4275134190-DAILY_LIFE",
        "layer": "daily_life",
        "osm_id": 4275134190,
        "osm_type": "node"
      },
      "type": "Feature"
    },
    {
      "geometry": {
        "coordinates": [
          116.354921,
          39.952095
        ],
        "type": "Point"
      },
      "id": "OSM-NODE-4277750194-DAILY_LIFE",
      "properties": {
        "amenity": "cinema",
        "evidence_status": "contextual",
        "id": "OSM-NODE-4277750194-DAILY_LIFE",
        "layer": "daily_life",
        "name": "17.5电影院",
        "osm_id": 4277750194,
        "osm_type": "node"
      },
      "type": "Feature"
    },
    {
      "geometry": {
        "coordinates": [
          116.389302,
          40.020479
        ],
        "type": "Point"
      },
      "id": "OSM-NODE-4361059842-DAILY_LIFE",
      "properties": {
        "amenity": "toilets",
        "evidence_status": "contextual",
        "id": "OSM-NODE-4361059842-DAILY_LIFE",
        "layer": "daily_life",
        "osm_id": 4361059842,
        "osm_type": "node"
      },
      "type": "Feature"
    },
    {
      "geometry": {
        "coordinates": [
          116.387224,
          40.005184
        ],
        "type": "Point"
      },
      "id": "OSM-NODE-4361081239-DAILY_LIFE",
      "properties": {
        "amenity": "toilets",
        "evidence_status": "contextual",
        "id": "OSM-NODE-4361081239-DAILY_LIFE",
        "layer": "daily_life",
        "osm_id": 4361081239,
        "osm_type": "node"
      },
      "type": "Feature"
    },
    {
      "geometry": {
        "coordinates": [
          116.391821,
          40.023132
        ],
        "type": "Point"
      },
      "id": "OSM-NODE-4361096124-DAILY_LIFE",
      "properties": {
        "amenity": "toilets",
        "evidence_status": "contextual",
        "id": "OSM-NODE-4361096124-DAILY_LIFE",
        "layer": "daily_life",
        "osm_id": 4361096124,
        "osm_type": "node"
      },
      "type": "Feature"
    },
    {
      "geometry": {
        "coordinates": [
          116.389552,
          40.025691
        ],
        "type": "Point"
      },
      "id": "OSM-NODE-4361096125-DAILY_LIFE",
      "properties": {
        "amenity": "toilets",
        "evidence_status": "contextual",
        "id": "OSM-NODE-4361096125-DAILY_LIFE",
        "layer": "daily_life",
        "osm_id": 4361096125,
        "osm_type": "node"
      },
      "type": "Feature"
    },
    {
      "geometry": {
        "coordinates": [
          116.394447,
          40.026474
        ],
        "type": "Point"
      },
      "id": "OSM-NODE-4361096126-DAILY_LIFE",
      "properties": {
        "amenity": "toilets",
        "evidence_status": "contextual",
        "id": "OSM-NODE-4361096126-DAILY_LIFE",
        "layer": "daily_life",
        "osm_id": 4361096126,
        "osm_type": "node"
      },
      "type": "Feature"
    },
    {
      "geometry": {
        "coordinates": [
          116.390338,
          40.009535
        ],
        "type": "Point"
      },
      "id": "OSM-NODE-4361109318-DAILY_LIFE",
      "properties": {
        "amenity": "toilets",
        "evidence_status": "contextual",
        "id": "OSM-NODE-4361109318-DAILY_LIFE",
        "layer": "daily_life",
        "osm_id": 4361109318,
        "osm_type": "node"
      },
      "type": "Feature"
    },
    {
      "geometry": {
        "coordinates": [
          116.371089,
          40.011486
        ],
        "type": "Point"
      },
      "id": "OSM-NODE-4367206543-DAILY_LIFE",
      "properties": {
        "amenity": "toilets",
        "evidence_status": "contextual",
        "id": "OSM-NODE-4367206543-DAILY_LIFE",
        "layer": "daily_life",
        "osm_id": 4367206543,
        "osm_type": "node"
      },
      "type": "Feature"
    },
    {
      "geometry": {
        "coordinates": [
          116.390248,
          39.939587
        ],
        "type": "Point"
      },
      "id": "OSM-NODE-4400130292-DAILY_LIFE",
      "properties": {
        "amenity": "toilets",
        "evidence_status": "contextual",
        "id": "OSM-NODE-4400130292-DAILY_LIFE",
        "layer": "daily_life",
        "osm_id": 4400130292,
        "osm_type": "node"
      },
      "type": "Feature"
    },
    {
      "geometry": {
        "coordinates": [
          116.337105,
          39.995757
        ],
        "type": "Point"
      },
      "id": "OSM-NODE-4485338091-DAILY_LIFE",
      "properties": {
        "amenity": "place_of_worship",
        "evidence_status": "contextual",
        "id": "OSM-NODE-4485338091-DAILY_LIFE",
        "layer": "daily_life",
        "name:en": "Haidian Christian Church",
        "osm_id": 4485338091,
        "osm_type": "node"
      },
      "type": "Feature"
    },
    {
      "geometry": {
        "coordinates": [
          116.307815,
          40.02518
        ],
        "type": "Point"
      },
      "id": "OSM-NODE-4489507584-DAILY_LIFE",
      "properties": {
        "amenity": "hospital",
        "evidence_status": "contextual",
        "id": "OSM-NODE-4489507584-DAILY_LIFE",
        "layer": "daily_life",
        "name": "北京上地信息路医院",
        "name:en": "Peking University No.3 Hospital Shang Di Dental Clinic",
        "osm_id": 4489507584,
        "osm_type": "node"
      },
      "type": "Feature"
    },
    {
      "geometry": {
        "coordinates": [
          116.312536,
          40.028614
        ],
        "type": "Point"
      },
      "id": "OSM-NODE-4489507587-DAILY_LIFE",
      "properties": {
        "amenity": "hospital",
        "evidence_status": "contextual",
        "id": "OSM-NODE-4489507587-DAILY_LIFE",
        "layer": "daily_life",
        "name": "Shang Di Clinic",
        "osm_id": 4489507587,
        "osm_type": "node"
      },
      "type": "Feature"
    },
    {
      "geometry": {
        "coordinates": [
          116.317632,
          40.010958
        ],
        "type": "Point"
      },
      "id": "OSM-NODE-4503942369-DAILY_LIFE",
      "properties": {
        "amenity": "school",
        "evidence_status": "contextual",
        "id": "OSM-NODE-4503942369-DAILY_LIFE",
        "layer": "daily_life",
        "name": "诗雅艺术学校",
        "name:en": "Shiya Art School",
        "name:zh": "诗雅艺术学校",
        "osm_id": 4503942369,
        "osm_type": "node"
      },
      "type": "Feature"
    },
    {
      "geometry": {
        "coordinates": [
          116.312897,
          40.009752
        ],
        "type": "Point"
      },
      "id": "OSM-NODE-4503942370-DAILY_LIFE",
      "properties": {
        "amenity": "pharmacy",
        "evidence_status": "contextual",
        "id": "OSM-NODE-4503942370-DAILY_LIFE",
        "layer": "daily_life",
        "name": "同仁堂",
        "name:en": "TongRenTang Pharmacy",
        "name:zh": "同仁堂",
        "osm_id": 4503942370,
        "osm_type": "node"
      },
      "type": "Feature"
    },
    {
      "geometry": {
        "coordinates": [
          116.393483,
          39.939253
        ],
        "type": "Point"
      },
      "id": "OSM-NODE-4594049689-DAILY_LIFE",
      "properties": {
        "amenity": "toilets",
        "evidence_status": "contextual",
        "id": "OSM-NODE-4594049689-DAILY_LIFE",
        "layer": "daily_life",
        "osm_id": 4594049689,
        "osm_type": "node"
      },
      "type": "Feature"
    },
    {
      "geometry": {
        "coordinates": [
          116.381218,
          40.01056
        ],
        "type": "Point"
      },
      "id": "OSM-NODE-4683188051-DAILY_LIFE",
      "properties": {
        "amenity": "toilets",
        "evidence_status": "contextual",
        "id": "OSM-NODE-4683188051-DAILY_LIFE",
        "layer": "daily_life",
        "osm_id": 4683188051,
        "osm_type": "node"
      },
      "type": "Feature"
    },
    {
      "geometry": {
        "coordinates": [
          116.339802,
          39.958223
        ],
        "type": "Point"
      },
      "id": "OSM-NODE-4717973796-DAILY_LIFE",
      "properties": {
        "amenity": "cinema",
        "evidence_status": "contextual",
        "id": "OSM-NODE-4717973796-DAILY_LIFE",
        "layer": "daily_life",
        "name": "17.5四道口店",
        "name:zh": "17.5四道口店",
        "osm_id": 4717973796,
        "osm_type": "node"
      },
      "type": "Feature"
    },
    {
      "geometry": {
        "coordinates": [
          116.311884,
          39.9755
        ],
        "type": "Point"
      },
      "id": "OSM-NODE-4719952796-DAILY_LIFE",
      "properties": {
        "amenity": "theatre",
        "evidence_status": "contextual",
        "id": "OSM-NODE-4719952796-DAILY_LIFE",
        "layer": "daily_life",
        "name": "海淀剧院",
        "name:zh": "海淀剧院",
        "osm_id": 4719952796,
        "osm_type": "node"
      },
      "type": "Feature"
    },
    {
      "geometry": {
        "coordinates": [
          116.33469,
          39.935927
        ],
        "type": "Point"
      },
      "id": "OSM-NODE-4740836523-DAILY_LIFE",
      "properties": {
        "amenity": "community_centre",
        "evidence_status": "contextual",
        "id": "OSM-NODE-4740836523-DAILY_LIFE",
        "layer": "daily_life",
        "osm_id": 4740836523,
        "osm_type": "node"
      },
      "type": "Feature"
    },
    {
      "geometry": {
        "coordinates": [
          116.325829,
          39.964524
        ],
        "type": "Point"
      },
      "id": "OSM-NODE-4822079921-DAILY_LIFE",
      "properties": {
        "amenity": "police",
        "evidence_status": "contextual",
        "id": "OSM-NODE-4822079921-DAILY_LIFE",
        "layer": "daily_life",
        "name": "大钟寺派出所户籍大厅",
        "opening_hours": "Mo-Su 09:00-12:00, 14:00-17:30",
        "osm_id": 4822079921,
        "osm_type": "node"
      },
      "type": "Feature"
    },
    {
      "geometry": {
        "coordinates": [
          116.302786,
          40.005602
        ],
        "type": "Point"
      },
      "id": "OSM-NODE-494772296-DAILY_LIFE",
      "properties": {
        "amenity": "toilets",
        "evidence_status": "contextual",
        "id": "OSM-NODE-494772296-DAILY_LIFE",
        "layer": "daily_life",
        "osm_id": 494772296,
        "osm_type": "node"
      },
      "type": "Feature"
    },
    {
      "geometry": {
        "coordinates": [
          116.38905,
          39.962377
        ],
        "type": "Point"
      },
      "id": "OSM-NODE-4993235925-DAILY_LIFE",
      "properties": {
        "amenity": "police",
        "evidence_status": "contextual",
        "id": "OSM-NODE-4993235925-DAILY_LIFE",
        "layer": "daily_life",
        "osm_id": 4993235925,
        "osm_type": "node"
      },
      "type": "Feature"
    },
    {
      "geometry": {
        "coordinates": [
          116.378869,
          39.948392
        ],
        "type": "Point"
      },
      "id": "OSM-NODE-5008851024-DAILY_LIFE",
      "properties": {
        "amenity": "hospital",
        "evidence_status": "contextual",
        "id": "OSM-NODE-5008851024-DAILY_LIFE",
        "layer": "daily_life",
        "name": "基层健康服务空间",
        "name:zh": "基层健康服务空间",
        "osm_id": 5008851024,
        "osm_type": "node"
      },
      "type": "Feature"
    },
    {
      "geometry": {
        "coordinates": [
          116.309847,
          39.968115
        ],
        "type": "Point"
      },
      "id": "OSM-NODE-5100333262-DAILY_LIFE",
      "properties": {
        "amenity": "townhall",
        "evidence_status": "contextual",
        "id": "OSM-NODE-5100333262-DAILY_LIFE",
        "layer": "daily_life",
        "name": "八百人大教室",
        "name:zh": "八百人大教室",
        "osm_id": 5100333262,
        "osm_type": "node"
      },
      "type": "Feature"
    },
    {
      "geometry": {
        "coordinates": [
          116.313287,
          39.96844
        ],
        "type": "Point"
      },
      "id": "OSM-NODE-5100950208-DAILY_LIFE",
      "properties": {
        "amenity": "police",
        "evidence_status": "contextual",
        "id": "OSM-NODE-5100950208-DAILY_LIFE",
        "layer": "daily_life",
        "name": "校卫队",
        "name:zh": "校卫队",
        "osm_id": 5100950208,
        "osm_type": "node"
      },
      "type": "Feature"
    },
    {
      "geometry": {
        "coordinates": [
          116.30709,
          39.971622
        ],
        "type": "Point"
      },
      "id": "OSM-NODE-5101645715-DAILY_LIFE",
      "properties": {
        "amenity": "marketplace",
        "evidence_status": "contextual",
        "id": "OSM-NODE-5101645715-DAILY_LIFE",
        "layer": "daily_life",
        "name": "便民市场",
        "name:zh": "便民市场",
        "osm_id": 5101645715,
        "osm_type": "node"
      },
      "type": "Feature"
    },
    {
      "geometry": {
        "coordinates": [
          116.341418,
          40.038798
        ],
        "type": "Point"
      },
      "id": "OSM-NODE-5107735324-DAILY_LIFE",
      "properties": {
        "amenity": "college",
        "evidence_status": "contextual",
        "id": "OSM-NODE-5107735324-DAILY_LIFE",
        "layer": "daily_life",
        "name:en": "CEPRI China Electric Power Research Institute (State Grid)",
        "operator": "SGCC State Grid Corporation of China",
        "osm_id": 5107735324,
        "osm_type": "node"
      },
      "type": "Feature"
    },
    {
      "geometry": {
        "coordinates": [
          116.375216,
          40.01084
        ],
        "type": "Point"
      },
      "id": "OSM-NODE-5129806055-DAILY_LIFE",
      "properties": {
        "amenity": "toilets",
        "evidence_status": "contextual",
        "id": "OSM-NODE-5129806055-DAILY_LIFE",
        "layer": "daily_life",
        "osm_id": 5129806055,
        "osm_type": "node"
      },
      "type": "Feature"
    },
    {
      "geometry": {
        "coordinates": [
          116.377848,
          40.009286
        ],
        "type": "Point"
      },
      "id": "OSM-NODE-5129808138-DAILY_LIFE",
      "properties": {
        "amenity": "toilets",
        "evidence_status": "contextual",
        "id": "OSM-NODE-5129808138-DAILY_LIFE",
        "layer": "daily_life",
        "osm_id": 5129808138,
        "osm_type": "node"
      },
      "type": "Feature"
    },
    {
      "geometry": {
        "coordinates": [
          116.359052,
          40.015944
        ],
        "type": "Point"
      },
      "id": "OSM-NODE-5130666923-DAILY_LIFE",
      "properties": {
        "amenity": "pharmacy",
        "evidence_status": "contextual",
        "id": "OSM-NODE-5130666923-DAILY_LIFE",
        "layer": "daily_life",
        "osm_id": 5130666923,
        "osm_type": "node"
      },
      "type": "Feature"
    },
    {
      "geometry": {
        "coordinates": [
          116.372685,
          40.023348
        ],
        "type": "Point"
      },
      "id": "OSM-NODE-5132744731-DAILY_LIFE",
      "properties": {
        "amenity": "toilets",
        "evidence_status": "contextual",
        "id": "OSM-NODE-5132744731-DAILY_LIFE",
        "layer": "daily_life",
        "osm_id": 5132744731,
        "osm_type": "node"
      },
      "type": "Feature"
    },
    {
      "geometry": {
        "coordinates": [
          116.387556,
          40.00955
        ],
        "type": "Point"
      },
      "id": "OSM-NODE-5134128391-DAILY_LIFE",
      "properties": {
        "amenity": "toilets",
        "evidence_status": "contextual",
        "id": "OSM-NODE-5134128391-DAILY_LIFE",
        "layer": "daily_life",
        "osm_id": 5134128391,
        "osm_type": "node"
      },
      "type": "Feature"
    },
    {
      "geometry": {
        "coordinates": [
          116.361049,
          39.957889
        ],
        "type": "Point"
      },
      "id": "OSM-NODE-5136949081-DAILY_LIFE",
      "properties": {
        "amenity": "college",
        "evidence_status": "contextual",
        "id": "OSM-NODE-5136949081-DAILY_LIFE",
        "layer": "daily_life",
        "name": "天文学系",
        "name:zh": "天文学系",
        "osm_id": 5136949081,
        "osm_type": "node"
      },
      "type": "Feature"
    },
    {
      "geometry": {
        "coordinates": [
          116.361271,
          39.957881
        ],
        "type": "Point"
      },
      "id": "OSM-NODE-5136949082-DAILY_LIFE",
      "properties": {
        "amenity": "college",
        "evidence_status": "contextual",
        "id": "OSM-NODE-5136949082-DAILY_LIFE",
        "layer": "daily_life",
        "name": "物理学系",
        "name:zh": "物理学系",
        "osm_id": 5136949082,
        "osm_type": "node"
      },
      "type": "Feature"
    },
    {
      "geometry": {
        "coordinates": [
          116.334922,
          39.937937
        ],
        "type": "Point"
      },
      "id": "OSM-NODE-5139162487-DAILY_LIFE",
      "properties": {
        "amenity": "toilets",
        "evidence_status": "contextual",
        "id": "OSM-NODE-5139162487-DAILY_LIFE",
        "layer": "daily_life",
        "osm_id": 5139162487,
        "osm_type": "node"
      },
      "type": "Feature"
    },
    {
      "geometry": {
        "coordinates": [
          116.325289,
          39.938186
        ],
        "type": "Point"
      },
      "id": "OSM-NODE-5139162488-DAILY_LIFE",
      "properties": {
        "amenity": "toilets",
        "evidence_status": "contextual",
        "id": "OSM-NODE-5139162488-DAILY_LIFE",
        "layer": "daily_life",
        "osm_id": 5139162488,
        "osm_type": "node"
      },
      "type": "Feature"
    },
    {
      "geometry": {
        "coordinates": [
          116.329465,
          39.941089
        ],
        "type": "Point"
      },
      "id": "OSM-NODE-5139162489-DAILY_LIFE",
      "properties": {
        "amenity": "toilets",
        "evidence_status": "contextual",
        "id": "OSM-NODE-5139162489-DAILY_LIFE",
        "layer": "daily_life",
        "osm_id": 5139162489,
        "osm_type": "node"
      },
      "type": "Feature"
    },
    {
      "geometry": {
        "coordinates": [
          116.332855,
          39.941139
        ],
        "type": "Point"
      },
      "id": "OSM-NODE-5139162490-DAILY_LIFE",
      "properties": {
        "amenity": "toilets",
        "evidence_status": "contextual",
        "id": "OSM-NODE-5139162490-DAILY_LIFE",
        "layer": "daily_life",
        "osm_id": 5139162490,
        "osm_type": "node"
      },
      "type": "Feature"
    },
    {
      "geometry": {
        "coordinates": [
          116.393541,
          39.961847
        ],
        "type": "Point"
      },
      "id": "OSM-NODE-5184443479-DAILY_LIFE",
      "properties": {
        "amenity": "pharmacy",
        "evidence_status": "contextual",
        "id": "OSM-NODE-5184443479-DAILY_LIFE",
        "layer": "daily_life",
        "osm_id": 5184443479,
        "osm_type": "node"
      },
      "type": "Feature"
    },
    {
      "geometry": {
        "coordinates": [
          116.375407,
          39.977026
        ],
        "type": "Point"
      },
      "id": "OSM-NODE-5184445757-DAILY_LIFE",
      "properties": {
        "amenity": "pharmacy",
        "evidence_status": "contextual",
        "id": "OSM-NODE-5184445757-DAILY_LIFE",
        "layer": "daily_life",
        "opening_hours": "24/7",
        "osm_id": 5184445757,
        "osm_type": "node"
      },
      "type": "Feature"
    },
    {
      "geometry": {
        "coordinates": [
          116.350411,
          39.983998
        ],
        "type": "Point"
      },
      "id": "OSM-NODE-5257082242-DAILY_LIFE",
      "properties": {
        "amenity": "college",
        "evidence_status": "contextual",
        "id": "OSM-NODE-5257082242-DAILY_LIFE",
        "layer": "daily_life",
        "name": "第四教室",
        "name:zh": "第四教室",
        "osm_id": 5257082242,
        "osm_type": "node"
      },
      "type": "Feature"
    },
    {
      "geometry": {
        "coordinates": [
          116.351637,
          39.984057
        ],
        "type": "Point"
      },
      "id": "OSM-NODE-5257082243-DAILY_LIFE",
      "properties": {
        "amenity": "college",
        "evidence_status": "contextual",
        "id": "OSM-NODE-5257082243-DAILY_LIFE",
        "layer": "daily_life",
        "name": "第三教室",
        "name:zh": "第三教室",
        "osm_id": 5257082243,
        "osm_type": "node"
      },
      "type": "Feature"
    },
    {
      "geometry": {
        "coordinates": [
          116.354115,
          39.984274
        ],
        "type": "Point"
      },
      "id": "OSM-NODE-5257097523-DAILY_LIFE",
      "properties": {
        "amenity": "hospital",
        "evidence_status": "contextual",
        "id": "OSM-NODE-5257097523-DAILY_LIFE",
        "layer": "daily_life",
        "name": "医学部医院",
        "name:zh": "医学部医院",
        "osm_id": 5257097523,
        "osm_type": "node"
      },
      "type": "Feature"
    },
    {
      "geometry": {
        "coordinates": [
          116.351763,
          39.981824
        ],
        "type": "Point"
      },
      "id": "OSM-NODE-5257147008-DAILY_LIFE",
      "properties": {
        "amenity": "college",
        "evidence_status": "contextual",
        "id": "OSM-NODE-5257147008-DAILY_LIFE",
        "layer": "daily_life",
        "name": "第十二教室",
        "name:zh": "第十二教室",
        "osm_id": 5257147008,
        "osm_type": "node"
      },
      "type": "Feature"
    },
    {
      "geometry": {
        "coordinates": [
          116.350447,
          39.98355
        ],
        "type": "Point"
      },
      "id": "OSM-NODE-5257147009-DAILY_LIFE",
      "properties": {
        "amenity": "college",
        "evidence_status": "contextual",
        "id": "OSM-NODE-5257147009-DAILY_LIFE",
        "layer": "daily_life",
        "name": "第五教室",
        "name:zh": "第五教室",
        "osm_id": 5257147009,
        "osm_type": "node"
      },
      "type": "Feature"
    },
    {
      "geometry": {
        "coordinates": [
          116.35249,
          39.982472
        ],
        "type": "Point"
      },
      "id": "OSM-NODE-5257149295-DAILY_LIFE",
      "properties": {
        "amenity": "college",
        "evidence_status": "contextual",
        "id": "OSM-NODE-5257149295-DAILY_LIFE",
        "layer": "daily_life",
        "name": "报告厅",
        "osm_id": 5257149295,
        "osm_type": "node"
      },
      "type": "Feature"
    },
    {
      "geometry": {
        "coordinates": [
          116.350506,
          39.982161
        ],
        "type": "Point"
      },
      "id": "OSM-NODE-5261588232-DAILY_LIFE",
      "properties": {
        "amenity": "university",
        "evidence_status": "contextual",
        "id": "OSM-NODE-5261588232-DAILY_LIFE",
        "layer": "daily_life",
        "name": "北京大学BSL-3实验室",
        "name:zh": "北京大学BSL-3实验室",
        "osm_id": 5261588232,
        "osm_type": "node"
      },
      "type": "Feature"
    },
    {
      "geometry": {
        "coordinates": [
          116.336103,
          39.942478
        ],
        "type": "Point"
      },
      "id": "OSM-NODE-5281468587-DAILY_LIFE",
      "properties": {
        "amenity": "toilets",
        "evidence_status": "contextual",
        "id": "OSM-NODE-5281468587-DAILY_LIFE",
        "layer": "daily_life",
        "osm_id": 5281468587,
        "osm_type": "node"
      },
      "type": "Feature"
    },
    {
      "geometry": {
        "coordinates": [
          116.344103,
          40.027928
        ],
        "type": "Point"
      },
      "id": "OSM-NODE-528603381-DAILY_LIFE",
      "properties": {
        "amenity": "hospital",
        "evidence_status": "contextual",
        "id": "OSM-NODE-528603381-DAILY_LIFE",
        "layer": "daily_life",
        "name": "North Beijing Hospital",
        "name:zh": "京北医院",
        "osm_id": 528603381,
        "osm_type": "node"
      },
      "type": "Feature"
    },
    {
      "geometry": {
        "coordinates": [
          116.392169,
          39.942597
        ],
        "type": "Point"
      },
      "id": "OSM-NODE-5450195821-DAILY_LIFE",
      "properties": {
        "amenity": "police",
        "evidence_status": "contextual",
        "id": "OSM-NODE-5450195821-DAILY_LIFE",
        "layer": "daily_life",
        "name": "安定门派出所",
        "osm_id": 5450195821,
        "osm_type": "node"
      },
      "type": "Feature"
    },
    {
      "geometry": {
        "coordinates": [
          116.338536,
          39.980522
        ],
        "type": "Point"
      },
      "id": "OSM-NODE-5498148774-DAILY_LIFE",
      "properties": {
        "amenity": "post_office",
        "evidence_status": "contextual",
        "id": "OSM-NODE-5498148774-DAILY_LIFE",
        "layer": "daily_life",
        "name": "中国邮政",
        "name:en": "China Post",
        "name:zh": "中国邮政",
        "osm_id": 5498148774,
        "osm_type": "node"
      },
      "type": "Feature"
    },
    {
      "geometry": {
        "coordinates": [
          116.320307,
          39.983438
        ],
        "type": "Point"
      },
      "id": "OSM-NODE-5572452688-DAILY_LIFE",
      "properties": {
        "amenity": "cinema",
        "evidence_status": "contextual",
        "id": "OSM-NODE-5572452688-DAILY_LIFE",
        "layer": "daily_life",
        "name": "太平洋影城（中关村店）",
        "name:zh": "太平洋影城（中关村店）",
        "osm_id": 5572452688,
        "osm_type": "node"
      },
      "type": "Feature"
    },
    {
      "geometry": {
        "coordinates": [
          116.350016,
          39.998463
        ],
        "type": "Point"
      },
      "id": "OSM-NODE-5672735859-DAILY_LIFE",
      "properties": {
        "access": "permissive",
        "amenity": "library",
        "evidence_status": "contextual",
        "id": "OSM-NODE-5672735859-DAILY_LIFE",
        "layer": "daily_life",
        "name": "图书馆",
        "osm_id": 5672735859,
        "osm_type": "node"
      },
      "type": "Feature"
    },
    {
      "geometry": {
        "coordinates": [
          116.300783,
          39.982845
        ],
        "type": "Point"
      },
      "id": "OSM-NODE-5684959746-DAILY_LIFE",
      "properties": {
        "amenity": "toilets",
        "evidence_status": "contextual",
        "id": "OSM-NODE-5684959746-DAILY_LIFE",
        "layer": "daily_life",
        "osm_id": 5684959746,
        "osm_type": "node"
      },
      "type": "Feature"
    },
    {
      "geometry": {
        "coordinates": [
          116.379577,
          40.015524
        ],
        "type": "Point"
      },
      "id": "OSM-NODE-5733882921-DAILY_LIFE",
      "properties": {
        "amenity": "toilets",
        "evidence_status": "contextual",
        "id": "OSM-NODE-5733882921-DAILY_LIFE",
        "layer": "daily_life",
        "osm_id": 5733882921,
        "osm_type": "node"
      },
      "type": "Feature"
    },
    {
      "geometry": {
        "coordinates": [
          116.355147,
          40.002946
        ],
        "type": "Point"
      },
      "id": "OSM-NODE-5770454055-DAILY_LIFE",
      "properties": {
        "amenity": "post_office",
        "evidence_status": "contextual",
        "id": "OSM-NODE-5770454055-DAILY_LIFE",
        "layer": "daily_life",
        "name": "近邻宝",
        "name:zh": "近邻宝",
        "osm_id": 5770454055,
        "osm_type": "node"
      },
      "type": "Feature"
    },
    {
      "geometry": {
        "coordinates": [
          116.300806,
          39.986084
        ],
        "type": "Point"
      },
      "id": "OSM-NODE-5938457342-DAILY_LIFE",
      "properties": {
        "amenity": "post_office",
        "evidence_status": "contextual",
        "id": "OSM-NODE-5938457342-DAILY_LIFE",
        "layer": "daily_life",
        "name": "北京大学邮政所",
        "name:en": "Peking University Post Office",
        "name:zh": "北京大学邮政所",
        "osm_id": 5938457342,
        "osm_type": "node"
      },
      "type": "Feature"
    },
    {
      "geometry": {
        "coordinates": [
          116.390267,
          40.003785
        ],
        "type": "Point"
      },
      "id": "OSM-NODE-5965686985-DAILY_LIFE",
      "properties": {
        "amenity": "toilets",
        "evidence_status": "contextual",
        "id": "OSM-NODE-5965686985-DAILY_LIFE",
        "layer": "daily_life",
        "osm_id": 5965686985,
        "osm_type": "node"
      },
      "type": "Feature"
    },
    {
      "geometry": {
        "coordinates": [
          116.334542,
          39.991947
        ],
        "type": "Point"
      },
      "id": "OSM-NODE-6006835386-DAILY_LIFE",
      "properties": {
        "amenity": "police",
        "evidence_status": "contextual",
        "id": "OSM-NODE-6006835386-DAILY_LIFE",
        "layer": "daily_life",
        "osm_id": 6006835386,
        "osm_type": "node"
      },
      "type": "Feature"
    },
    {
      "geometry": {
        "coordinates": [
          116.30037,
          39.975395
        ],
        "type": "Point"
      },
      "id": "OSM-NODE-6205083871-DAILY_LIFE",
      "properties": {
        "amenity": "pharmacy",
        "evidence_status": "contextual",
        "id": "OSM-NODE-6205083871-DAILY_LIFE",
        "layer": "daily_life",
        "name": "北京同仁堂苏州街店",
        "name:zh": "北京同仁堂苏州街店",
        "osm_id": 6205083871,
        "osm_type": "node"
      },
      "type": "Feature"
    },
    {
      "geometry": {
        "coordinates": [
          116.36335,
          39.951539
        ],
        "type": "Point"
      },
      "id": "OSM-NODE-6389975501-DAILY_LIFE",
      "properties": {
        "amenity": "cinema",
        "evidence_status": "contextual",
        "id": "OSM-NODE-6389975501-DAILY_LIFE",
        "layer": "daily_life",
        "name": "中国电影资料馆艺术影院",
        "osm_id": 6389975501,
        "osm_type": "node"
      },
      "type": "Feature"
    },
    {
      "geometry": {
        "coordinates": [
          116.361603,
          39.968019
        ],
        "type": "Point"
      },
      "id": "OSM-NODE-6390138355-DAILY_LIFE",
      "properties": {
        "amenity": "cinema",
        "evidence_status": "contextual",
        "id": "OSM-NODE-6390138355-DAILY_LIFE",
        "layer": "daily_life",
        "name": "天幕新彩云国际影城",
        "osm_id": 6390138355,
        "osm_type": "node"
      },
      "type": "Feature"
    },
    {
      "geometry": {
        "coordinates": [
          116.304639,
          40.028584
        ],
        "type": "Point"
      },
      "id": "OSM-NODE-6482076998-DAILY_LIFE",
      "properties": {
        "amenity": "library",
        "evidence_status": "contextual",
        "id": "OSM-NODE-6482076998-DAILY_LIFE",
        "layer": "daily_life",
        "name": "上地南路街道图书馆",
        "osm_id": 6482076998,
        "osm_type": "node"
      },
      "type": "Feature"
    },
    {
      "geometry": {
        "coordinates": [
          116.320975,
          40.047143
        ],
        "type": "Point"
      },
      "id": "OSM-NODE-6482077059-DAILY_LIFE",
      "properties": {
        "amenity": "library",
        "evidence_status": "contextual",
        "id": "OSM-NODE-6482077059-DAILY_LIFE",
        "layer": "daily_life",
        "name": "清河街道图书馆",
        "osm_id": 6482077059,
        "osm_type": "node"
      },
      "type": "Feature"
    },
    {
      "geometry": {
        "coordinates": [
          116.301952,
          39.964173
        ],
        "type": "Point"
      },
      "id": "OSM-NODE-6497067678-DAILY_LIFE",
      "properties": {
        "amenity": "police",
        "evidence_status": "contextual",
        "id": "OSM-NODE-6497067678-DAILY_LIFE",
        "layer": "daily_life",
        "opening_hours": "24/7",
        "osm_id": 6497067678,
        "osm_type": "node"
      },
      "type": "Feature"
    },
    {
      "geometry": {
        "coordinates": [
          116.331101,
          39.990874
        ],
        "type": "Point"
      },
      "id": "OSM-NODE-6562541709-DAILY_LIFE",
      "properties": {
        "amenity": "toilets",
        "evidence_status": "contextual",
        "id": "OSM-NODE-6562541709-DAILY_LIFE",
        "layer": "daily_life",
        "osm_id": 6562541709,
        "osm_type": "node"
      },
      "type": "Feature"
    },
    {
      "geometry": {
        "coordinates": [
          116.3293,
          39.991142
        ],
        "type": "Point"
      },
      "id": "OSM-NODE-6616040057-DAILY_LIFE",
      "properties": {
        "amenity": "toilets",
        "evidence_status": "contextual",
        "id": "OSM-NODE-6616040057-DAILY_LIFE",
        "layer": "daily_life",
        "osm_id": 6616040057,
        "osm_type": "node"
      },
      "type": "Feature"
    },
    {
      "geometry": {
        "coordinates": [
          116.388515,
          39.937144
        ],
        "type": "Point"
      },
      "id": "OSM-NODE-6731290806-DAILY_LIFE",
      "properties": {
        "amenity": "toilets",
        "evidence_status": "contextual",
        "id": "OSM-NODE-6731290806-DAILY_LIFE",
        "layer": "daily_life",
        "name": "公共厕所",
        "name:en": "Toilet",
        "osm_id": 6731290806,
        "osm_type": "node",
        "wheelchair": "yes"
      },
      "type": "Feature"
    },
    {
      "geometry": {
        "coordinates": [
          116.394075,
          39.936884
        ],
        "type": "Point"
      },
      "id": "OSM-NODE-6731291460-DAILY_LIFE",
      "properties": {
        "amenity": "toilets",
        "evidence_status": "contextual",
        "id": "OSM-NODE-6731291460-DAILY_LIFE",
        "layer": "daily_life",
        "name": "Public toilets",
        "osm_id": 6731291460,
        "osm_type": "node"
      },
      "type": "Feature"
    },
    {
      "geometry": {
        "coordinates": [
          116.392143,
          39.935167
        ],
        "type": "Point"
      },
      "id": "OSM-NODE-6731293052-DAILY_LIFE",
      "properties": {
        "amenity": "toilets",
        "evidence_status": "contextual",
        "id": "OSM-NODE-6731293052-DAILY_LIFE",
        "layer": "daily_life",
        "name": "Public toilets",
        "osm_id": 6731293052,
        "osm_type": "node"
      },
      "type": "Feature"
    },
    {
      "geometry": {
        "coordinates": [
          116.302641,
          40.002935
        ],
        "type": "Point"
      },
      "id": "OSM-NODE-6813661659-DAILY_LIFE",
      "properties": {
        "amenity": "toilets",
        "evidence_status": "contextual",
        "id": "OSM-NODE-6813661659-DAILY_LIFE",
        "layer": "daily_life",
        "osm_id": 6813661659,
        "osm_type": "node"
      },
      "type": "Feature"
    },
    {
      "geometry": {
        "coordinates": [
          116.303823,
          39.998928
        ],
        "type": "Point"
      },
      "id": "OSM-NODE-6813696814-DAILY_LIFE",
      "properties": {
        "amenity": "toilets",
        "evidence_status": "contextual",
        "id": "OSM-NODE-6813696814-DAILY_LIFE",
        "layer": "daily_life",
        "osm_id": 6813696814,
        "osm_type": "node"
      },
      "type": "Feature"
    },
    {
      "geometry": {
        "coordinates": [
          116.385048,
          39.938544
        ],
        "type": "Point"
      },
      "id": "OSM-NODE-6813783476-DAILY_LIFE",
      "properties": {
        "amenity": "toilets",
        "evidence_status": "contextual",
        "id": "OSM-NODE-6813783476-DAILY_LIFE",
        "layer": "daily_life",
        "osm_id": 6813783476,
        "osm_type": "node",
        "wheelchair": "yes"
      },
      "type": "Feature"
    },
    {
      "geometry": {
        "coordinates": [
          116.386206,
          39.938208
        ],
        "type": "Point"
      },
      "id": "OSM-NODE-6813806148-DAILY_LIFE",
      "properties": {
        "amenity": "toilets",
        "evidence_status": "contextual",
        "id": "OSM-NODE-6813806148-DAILY_LIFE",
        "layer": "daily_life",
        "osm_id": 6813806148,
        "osm_type": "node",
        "wheelchair": "yes"
      },
      "type": "Feature"
    },
    {
      "geometry": {
        "coordinates": [
          116.392659,
          39.936005
        ],
        "type": "Point"
      },
      "id": "OSM-NODE-6926424985-DAILY_LIFE",
      "properties": {
        "amenity": "toilets",
        "evidence_status": "contextual",
        "id": "OSM-NODE-6926424985-DAILY_LIFE",
        "layer": "daily_life",
        "osm_id": 6926424985,
        "osm_type": "node"
      },
      "type": "Feature"
    },
    {
      "geometry": {
        "coordinates": [
          116.308759,
          39.976911
        ],
        "type": "Point"
      },
      "id": "OSM-NODE-7041752351-DAILY_LIFE",
      "properties": {
        "amenity": "cinema",
        "evidence_status": "contextual",
        "id": "OSM-NODE-7041752351-DAILY_LIFE",
        "layer": "daily_life",
        "name": "金逸国际影城",
        "name:zh": "金逸国际影城",
        "osm_id": 7041752351,
        "osm_type": "node"
      },
      "type": "Feature"
    },
    {
      "geometry": {
        "coordinates": [
          116.318386,
          40.003125
        ],
        "type": "Point"
      },
      "id": "OSM-NODE-7072425636-DAILY_LIFE",
      "properties": {
        "access": "private",
        "amenity": "library",
        "evidence_status": "contextual",
        "id": "OSM-NODE-7072425636-DAILY_LIFE",
        "layer": "daily_life",
        "name": "清华大学图书馆",
        "name:en": "Library of Tsinghua University",
        "name:zh": "清华大学图书馆",
        "operator": "清华大学",
        "osm_id": 7072425636,
        "osm_type": "node",
        "wheelchair": "yes"
      },
      "type": "Feature"
    },
    {
      "geometry": {
        "coordinates": [
          116.381668,
          39.944388
        ],
        "type": "Point"
      },
      "id": "OSM-NODE-7092467722-DAILY_LIFE",
      "properties": {
        "amenity": "theatre",
        "evidence_status": "contextual",
        "id": "OSM-NODE-7092467722-DAILY_LIFE",
        "layer": "daily_life",
        "name": "鼓楼西剧场",
        "osm_id": 7092467722,
        "osm_type": "node"
      },
      "type": "Feature"
    },
    {
      "geometry": {
        "coordinates": [
          116.382229,
          39.945008
        ],
        "type": "Point"
      },
      "id": "OSM-NODE-7092591790-DAILY_LIFE",
      "properties": {
        "amenity": "toilets",
        "evidence_status": "contextual",
        "id": "OSM-NODE-7092591790-DAILY_LIFE",
        "layer": "daily_life",
        "osm_id": 7092591790,
        "osm_type": "node"
      },
      "type": "Feature"
    },
    {
      "geometry": {
        "coordinates": [
          116.35472,
          40.013171
        ],
        "type": "Point"
      },
      "id": "OSM-NODE-7495665186-DAILY_LIFE",
      "properties": {
        "amenity": "toilets",
        "evidence_status": "contextual",
        "id": "OSM-NODE-7495665186-DAILY_LIFE",
        "layer": "daily_life",
        "osm_id": 7495665186,
        "osm_type": "node"
      },
      "type": "Feature"
    },
    {
      "geometry": {
        "coordinates": [
          116.343925,
          40.042181
        ],
        "type": "Point"
      },
      "id": "OSM-NODE-7535488178-DAILY_LIFE",
      "properties": {
        "amenity": "cinema",
        "evidence_status": "contextual",
        "id": "OSM-NODE-7535488178-DAILY_LIFE",
        "layer": "daily_life",
        "name": "东融国际影城",
        "osm_id": 7535488178,
        "osm_type": "node"
      },
      "type": "Feature"
    },
    {
      "geometry": {
        "coordinates": [
          116.394062,
          40.01988
        ],
        "type": "Point"
      },
      "id": "OSM-NODE-7657491096-DAILY_LIFE",
      "properties": {
        "amenity": "toilets",
        "evidence_status": "contextual",
        "id": "OSM-NODE-7657491096-DAILY_LIFE",
        "layer": "daily_life",
        "osm_id": 7657491096,
        "osm_type": "node"
      },
      "type": "Feature"
    },
    {
      "geometry": {
        "coordinates": [
          116.359108,
          39.994174
        ],
        "type": "Point"
      },
      "id": "OSM-NODE-7675083374-DAILY_LIFE",
      "properties": {
        "amenity": "police",
        "evidence_status": "contextual",
        "id": "OSM-NODE-7675083374-DAILY_LIFE",
        "layer": "daily_life",
        "name": "双泉堡派出所",
        "name:zh": "双泉堡派出所",
        "osm_id": 7675083374,
        "osm_type": "node"
      },
      "type": "Feature"
    },
    {
      "geometry": {
        "coordinates": [
          116.31055,
          39.986634
        ],
        "type": "Point"
      },
      "id": "OSM-NODE-7777199484-DAILY_LIFE",
      "properties": {
        "amenity": "toilets",
        "evidence_status": "contextual",
        "id": "OSM-NODE-7777199484-DAILY_LIFE",
        "layer": "daily_life",
        "osm_id": 7777199484,
        "osm_type": "node"
      },
      "type": "Feature"
    },
    {
      "geometry": {
        "coordinates": [
          116.370393,
          40.025444
        ],
        "type": "Point"
      },
      "id": "OSM-NODE-7925425572-DAILY_LIFE",
      "properties": {
        "amenity": "toilets",
        "evidence_status": "contextual",
        "id": "OSM-NODE-7925425572-DAILY_LIFE",
        "layer": "daily_life",
        "osm_id": 7925425572,
        "osm_type": "node"
      },
      "type": "Feature"
    },
    {
      "geometry": {
        "coordinates": [
          116.378304,
          40.025032
        ],
        "type": "Point"
      },
      "id": "OSM-NODE-7925449618-DAILY_LIFE",
      "properties": {
        "amenity": "toilets",
        "evidence_status": "contextual",
        "id": "OSM-NODE-7925449618-DAILY_LIFE",
        "layer": "daily_life",
        "osm_id": 7925449618,
        "osm_type": "node"
      },
      "type": "Feature"
    },
    {
      "geometry": {
        "coordinates": [
          116.327525,
          40.03506
        ],
        "type": "Point"
      },
      "id": "OSM-NODE-7929672082-DAILY_LIFE",
      "properties": {
        "amenity": "fire_station",
        "evidence_status": "contextual",
        "id": "OSM-NODE-7929672082-DAILY_LIFE",
        "layer": "daily_life",
        "osm_id": 7929672082,
        "osm_type": "node"
      },
      "type": "Feature"
    },
    {
      "geometry": {
        "coordinates": [
          116.317051,
          39.96419
        ],
        "type": "Point"
      },
      "id": "OSM-NODE-8006699798-DAILY_LIFE",
      "properties": {
        "amenity": "community_centre",
        "evidence_status": "contextual",
        "id": "OSM-NODE-8006699798-DAILY_LIFE",
        "layer": "daily_life",
        "name": "北京德国文化中心 歌德学院 语言部",
        "opening_hours": "Mo-Sa 09:00-18:00",
        "osm_id": 8006699798,
        "osm_type": "node"
      },
      "type": "Feature"
    },
    {
      "geometry": {
        "coordinates": [
          116.366082,
          39.94761
        ],
        "type": "Point"
      },
      "id": "OSM-NODE-8018444448-DAILY_LIFE",
      "properties": {
        "amenity": "police",
        "evidence_status": "contextual",
        "id": "OSM-NODE-8018444448-DAILY_LIFE",
        "layer": "daily_life",
        "osm_id": 8018444448,
        "osm_type": "node"
      },
      "type": "Feature"
    },
    {
      "geometry": {
        "coordinates": [
          116.314218,
          39.966043
        ],
        "type": "Point"
      },
      "id": "OSM-NODE-8024473600-DAILY_LIFE",
      "properties": {
        "amenity": "pharmacy",
        "evidence_status": "contextual",
        "id": "OSM-NODE-8024473600-DAILY_LIFE",
        "layer": "daily_life",
        "name": "同仁堂",
        "name:en": "TongRenTang Pharmacy",
        "name:zh": "同仁堂",
        "osm_id": 8024473600,
        "osm_type": "node"
      },
      "type": "Feature"
    },
    {
      "geometry": {
        "coordinates": [
          116.374001,
          39.940359
        ],
        "type": "Point"
      },
      "id": "OSM-NODE-8046266185-DAILY_LIFE",
      "properties": {
        "amenity": "school",
        "evidence_status": "contextual",
        "id": "OSM-NODE-8046266185-DAILY_LIFE",
        "layer": "daily_life",
        "name:en": "Yao Chengrong Yiquan school",
        "osm_id": 8046266185,
        "osm_type": "node"
      },
      "type": "Feature"
    },
    {
      "geometry": {
        "coordinates": [
          116.359706,
          40.006545
        ],
        "type": "Point"
      },
      "id": "OSM-NODE-8057418630-DAILY_LIFE",
      "properties": {
        "amenity": "pharmacy",
        "evidence_status": "contextual",
        "id": "OSM-NODE-8057418630-DAILY_LIFE",
        "layer": "daily_life",
        "name": "同仁堂",
        "name:en": "TongRenTang Pharmacy",
        "name:zh": "同仁堂",
        "osm_id": 8057418630,
        "osm_type": "node"
      },
      "type": "Feature"
    },
    {
      "geometry": {
        "coordinates": [
          116.326648,
          40.038899
        ],
        "type": "Point"
      },
      "id": "OSM-NODE-837167575-DAILY_LIFE",
      "properties": {
        "amenity": "pharmacy",
        "evidence_status": "contextual",
        "id": "OSM-NODE-837167575-DAILY_LIFE",
        "layer": "daily_life",
        "name": "金象大药房",
        "osm_id": 837167575,
        "osm_type": "node"
      },
      "type": "Feature"
    },
    {
      "geometry": {
        "coordinates": [
          116.387623,
          39.940243
        ],
        "type": "Point"
      },
      "id": "OSM-NODE-848057370-DAILY_LIFE",
      "properties": {
        "amenity": "toilets",
        "evidence_status": "contextual",
        "id": "OSM-NODE-848057370-DAILY_LIFE",
        "layer": "daily_life",
        "osm_id": 848057370,
        "osm_type": "node"
      },
      "type": "Feature"
    },
    {
      "geometry": {
        "coordinates": [
          116.386014,
          39.944618
        ],
        "type": "Point"
      },
      "id": "OSM-NODE-848057384-DAILY_LIFE",
      "properties": {
        "amenity": "toilets",
        "evidence_status": "contextual",
        "id": "OSM-NODE-848057384-DAILY_LIFE",
        "layer": "daily_life",
        "osm_id": 848057384,
        "osm_type": "node"
      },
      "type": "Feature"
    },
    {
      "geometry": {
        "coordinates": [
          116.389714,
          39.941885
        ],
        "type": "Point"
      },
      "id": "OSM-NODE-848057385-DAILY_LIFE",
      "properties": {
        "amenity": "toilets",
        "evidence_status": "contextual",
        "id": "OSM-NODE-848057385-DAILY_LIFE",
        "layer": "daily_life",
        "osm_id": 848057385,
        "osm_type": "node"
      },
      "type": "Feature"
    },
    {
      "geometry": {
        "coordinates": [
          116.388661,
          39.939415
        ],
        "type": "Point"
      },
      "id": "OSM-NODE-848057403-DAILY_LIFE",
      "properties": {
        "amenity": "toilets",
        "evidence_status": "contextual",
        "id": "OSM-NODE-848057403-DAILY_LIFE",
        "layer": "daily_life",
        "osm_id": 848057403,
        "osm_type": "node"
      },
      "type": "Feature"
    },
    {
      "geometry": {
        "coordinates": [
          116.389271,
          39.942478
        ],
        "type": "Point"
      },
      "id": "OSM-NODE-848057430-DAILY_LIFE",
      "properties": {
        "amenity": "toilets",
        "evidence_status": "contextual",
        "id": "OSM-NODE-848057430-DAILY_LIFE",
        "layer": "daily_life",
        "osm_id": 848057430,
        "osm_type": "node"
      },
      "type": "Feature"
    },
    {
      "geometry": {
        "coordinates": [
          116.38896,
          39.936184
        ],
        "type": "Point"
      },
      "id": "OSM-NODE-848057435-DAILY_LIFE",
      "properties": {
        "amenity": "toilets",
        "evidence_status": "contextual",
        "id": "OSM-NODE-848057435-DAILY_LIFE",
        "layer": "daily_life",
        "osm_id": 848057435,
        "osm_type": "node",
        "wheelchair": "yes"
      },
      "type": "Feature"
    },
    {
      "geometry": {
        "coordinates": [
          116.384044,
          39.944411
        ],
        "type": "Point"
      },
      "id": "OSM-NODE-848057455-DAILY_LIFE",
      "properties": {
        "amenity": "toilets",
        "evidence_status": "contextual",
        "id": "OSM-NODE-848057455-DAILY_LIFE",
        "layer": "daily_life",
        "osm_id": 848057455,
        "osm_type": "node"
      },
      "type": "Feature"
    },
    {
      "geometry": {
        "coordinates": [
          116.389165,
          39.941227
        ],
        "type": "Point"
      },
      "id": "OSM-NODE-848057459-DAILY_LIFE",
      "properties": {
        "amenity": "toilets",
        "evidence_status": "contextual",
        "id": "OSM-NODE-848057459-DAILY_LIFE",
        "layer": "daily_life",
        "osm_id": 848057459,
        "osm_type": "node"
      },
      "type": "Feature"
    },
    {
      "geometry": {
        "coordinates": [
          116.319577,
          39.967342
        ],
        "type": "Point"
      },
      "id": "OSM-NODE-8649462283-DAILY_LIFE",
      "properties": {
        "amenity": "post_office",
        "evidence_status": "contextual",
        "id": "OSM-NODE-8649462283-DAILY_LIFE",
        "layer": "daily_life",
        "name": "中国邮政",
        "name:en": "China Post",
        "osm_id": 8649462283,
        "osm_type": "node"
      },
      "type": "Feature"
    },
    {
      "geometry": {
        "coordinates": [
          116.327362,
          39.970489
        ],
        "type": "Point"
      },
      "id": "OSM-NODE-8666348297-DAILY_LIFE",
      "properties": {
        "amenity": "pharmacy",
        "evidence_status": "contextual",
        "id": "OSM-NODE-8666348297-DAILY_LIFE",
        "layer": "daily_life",
        "name": "药房",
        "osm_id": 8666348297,
        "osm_type": "node"
      },
      "type": "Feature"
    },
    {
      "geometry": {
        "coordinates": [
          116.308868,
          40.015746
        ],
        "type": "Point"
      },
      "id": "OSM-NODE-8714364316-DAILY_LIFE",
      "properties": {
        "amenity": "school",
        "evidence_status": "contextual",
        "id": "OSM-NODE-8714364316-DAILY_LIFE",
        "layer": "daily_life",
        "name": "海淀区清河第五小学",
        "name:zh": "海淀区清河第五小学",
        "osm_id": 8714364316,
        "osm_type": "node"
      },
      "type": "Feature"
    },
    {
      "geometry": {
        "coordinates": [
          116.318966,
          39.968403
        ],
        "type": "Point"
      },
      "id": "OSM-NODE-8728482051-DAILY_LIFE",
      "properties": {
        "amenity": "pharmacy",
        "evidence_status": "contextual",
        "id": "OSM-NODE-8728482051-DAILY_LIFE",
        "layer": "daily_life",
        "name": "济生堂大药房",
        "osm_id": 8728482051,
        "osm_type": "node"
      },
      "type": "Feature"
    },
    {
      "geometry": {
        "coordinates": [
          116.334686,
          39.992
        ],
        "type": "Point"
      },
      "id": "OSM-NODE-875474501-DAILY_LIFE",
      "properties": {
        "amenity": "police",
        "evidence_status": "contextual",
        "id": "OSM-NODE-875474501-DAILY_LIFE",
        "layer": "daily_life",
        "name": "东升派出所",
        "name:en": "Dongsheng Police Station",
        "name:zh": "东升派出所",
        "osm_id": 875474501,
        "osm_type": "node"
      },
      "type": "Feature"
    },
    {
      "geometry": {
        "coordinates": [
          116.389154,
          39.935969
        ],
        "type": "Point"
      },
      "id": "OSM-NODE-8806697888-DAILY_LIFE",
      "properties": {
        "amenity": "toilets",
        "evidence_status": "contextual",
        "id": "OSM-NODE-8806697888-DAILY_LIFE",
        "layer": "daily_life",
        "osm_id": 8806697888,
        "osm_type": "node"
      },
      "type": "Feature"
    },
    {
      "geometry": {
        "coordinates": [
          116.31974,
          39.942356
        ],
        "type": "Point"
      },
      "id": "OSM-NODE-8830492451-DAILY_LIFE",
      "properties": {
        "amenity": "clinic",
        "evidence_status": "contextual",
        "id": "OSM-NODE-8830492451-DAILY_LIFE",
        "layer": "daily_life",
        "name": "京朋会名老中医堂",
        "osm_id": 8830492451,
        "osm_type": "node"
      },
      "type": "Feature"
    },
    {
      "geometry": {
        "coordinates": [
          116.366712,
          39.939068
        ],
        "type": "Point"
      },
      "id": "OSM-NODE-8831659717-DAILY_LIFE",
      "properties": {
        "amenity": "pharmacy",
        "evidence_status": "contextual",
        "id": "OSM-NODE-8831659717-DAILY_LIFE",
        "layer": "daily_life",
        "name": "金象大药房",
        "osm_id": 8831659717,
        "osm_type": "node"
      },
      "type": "Feature"
    },
    {
      "geometry": {
        "coordinates": [
          116.342899,
          39.956284
        ],
        "type": "Point"
      },
      "id": "OSM-NODE-8880432301-DAILY_LIFE",
      "properties": {
        "amenity": "cinema",
        "evidence_status": "contextual",
        "id": "OSM-NODE-8880432301-DAILY_LIFE",
        "layer": "daily_life",
        "name": "深影国际影城",
        "name:en": "SY International Cineplex",
        "osm_id": 8880432301,
        "osm_type": "node"
      },
      "type": "Feature"
    },
    {
      "geometry": {
        "coordinates": [
          116.318071,
          39.943084
        ],
        "type": "Point"
      },
      "id": "OSM-NODE-8922681614-DAILY_LIFE",
      "properties": {
        "amenity": "arts_centre",
        "evidence_status": "contextual",
        "id": "OSM-NODE-8922681614-DAILY_LIFE",
        "layer": "daily_life",
        "name": "国图艺术中心",
        "name:en": "National Library Art Center",
        "name:zh": "国图艺术中心",
        "osm_id": 8922681614,
        "osm_type": "node"
      },
      "type": "Feature"
    },
    {
      "geometry": {
        "coordinates": [
          116.325625,
          39.966909
        ],
        "type": "Point"
      },
      "id": "OSM-NODE-8936082015-DAILY_LIFE",
      "properties": {
        "amenity": "community_centre",
        "evidence_status": "contextual",
        "id": "OSM-NODE-8936082015-DAILY_LIFE",
        "layer": "daily_life",
        "name": "中关村街道红民村社区活动中心",
        "name:en": "ZHONGGUANCUNJIEDAO HONGMINCUN COMMUNITY ACTIVITY CENTRE",
        "osm_id": 8936082015,
        "osm_type": "node"
      },
      "type": "Feature"
    },
    {
      "geometry": {
        "coordinates": [
          116.323188,
          39.964809
        ],
        "type": "Point"
      },
      "id": "OSM-NODE-8946261807-DAILY_LIFE",
      "properties": {
        "amenity": "kindergarten",
        "evidence_status": "contextual",
        "id": "OSM-NODE-8946261807-DAILY_LIFE",
        "layer": "daily_life",
        "name": "明天南区幼儿园",
        "osm_id": 8946261807,
        "osm_type": "node"
      },
      "type": "Feature"
    },
    {
      "geometry": {
        "coordinates": [
          116.34503,
          39.991396
        ],
        "type": "Point"
      },
      "id": "OSM-NODE-8948382442-DAILY_LIFE",
      "properties": {
        "amenity": "college",
        "evidence_status": "contextual",
        "id": "OSM-NODE-8948382442-DAILY_LIFE",
        "layer": "daily_life",
        "name": "土地科学技术学院",
        "name:zh": "土地科学技术学院",
        "osm_id": 8948382442,
        "osm_type": "node"
      },
      "type": "Feature"
    },
    {
      "geometry": {
        "coordinates": [
          116.321756,
          39.958713
        ],
        "type": "Point"
      },
      "id": "OSM-NODE-8989412347-DAILY_LIFE",
      "properties": {
        "amenity": "community_centre",
        "evidence_status": "contextual",
        "id": "OSM-NODE-8989412347-DAILY_LIFE",
        "layer": "daily_life",
        "name": "后勤综合服务大厅",
        "osm_id": 8989412347,
        "osm_type": "node"
      },
      "type": "Feature"
    },
    {
      "geometry": {
        "coordinates": [
          116.392262,
          40.001927
        ],
        "type": "Point"
      },
      "id": "OSM-NODE-9076402953-DAILY_LIFE",
      "properties": {
        "amenity": "cinema",
        "evidence_status": "contextual",
        "id": "OSM-NODE-9076402953-DAILY_LIFE",
        "layer": "daily_life",
        "name": "中影国际影城",
        "name:en": "China Film International Cinema",
        "name:zh": "中影国际影城",
        "osm_id": 9076402953,
        "osm_type": "node"
      },
      "type": "Feature"
    },
    {
      "geometry": {
        "coordinates": [
          116.333416,
          39.992137
        ],
        "type": "Point"
      },
      "id": "OSM-NODE-910429280-DAILY_LIFE",
      "properties": {
        "alt_name": "五道口电影院",
        "amenity": "cinema",
        "evidence_status": "contextual",
        "id": "OSM-NODE-910429280-DAILY_LIFE",
        "layer": "daily_life",
        "name": "五道口工人俱乐部",
        "name:en": "WDK Club",
        "name:zh": "五道口工人俱乐部",
        "osm_id": 910429280,
        "osm_type": "node"
      },
      "type": "Feature"
    },
    {
      "geometry": {
        "coordinates": [
          116.374041,
          39.94653
        ],
        "type": "Point"
      },
      "id": "OSM-NODE-9105357477-DAILY_LIFE",
      "properties": {
        "amenity": "community_centre",
        "evidence_status": "contextual",
        "id": "OSM-NODE-9105357477-DAILY_LIFE",
        "layer": "daily_life",
        "name": "什刹海城市探索中心",
        "name:en": "Shichahai City Discovery Center",
        "osm_id": 9105357477,
        "osm_type": "node"
      },
      "type": "Feature"
    },
    {
      "geometry": {
        "coordinates": [
          116.306831,
          39.943842
        ],
        "type": "Point"
      },
      "id": "OSM-NODE-9105362722-DAILY_LIFE",
      "properties": {
        "amenity": "place_of_worship",
        "evidence_status": "contextual",
        "id": "OSM-NODE-9105362722-DAILY_LIFE",
        "layer": "daily_life",
        "name": "紫金观",
        "name:zh": "紫金观",
        "osm_id": 9105362722,
        "osm_type": "node"
      },
      "type": "Feature"
    },
    {
      "geometry": {
        "coordinates": [
          116.305752,
          39.944531
        ],
        "type": "Point"
      },
      "id": "OSM-NODE-9105362723-DAILY_LIFE",
      "properties": {
        "amenity": "place_of_worship",
        "evidence_status": "contextual",
        "id": "OSM-NODE-9105362723-DAILY_LIFE",
        "layer": "daily_life",
        "name": "延庆寺",
        "osm_id": 9105362723,
        "osm_type": "node"
      },
      "type": "Feature"
    },
    {
      "geometry": {
        "coordinates": [
          116.351866,
          39.941524
        ],
        "type": "Point"
      },
      "id": "OSM-NODE-9117225835-DAILY_LIFE",
      "properties": {
        "amenity": "toilets",
        "evidence_status": "contextual",
        "id": "OSM-NODE-9117225835-DAILY_LIFE",
        "layer": "daily_life",
        "osm_id": 9117225835,
        "osm_type": "node"
      },
      "type": "Feature"
    },
    {
      "geometry": {
        "coordinates": [
          116.312291,
          39.986
        ],
        "type": "Point"
      },
      "id": "OSM-NODE-9265748958-DAILY_LIFE",
      "properties": {
        "amenity": "kindergarten",
        "evidence_status": "contextual",
        "id": "OSM-NODE-9265748958-DAILY_LIFE",
        "layer": "daily_life",
        "name": "中关村街道第一幼儿园",
        "name:zh": "中关村街道第一幼儿园",
        "osm_id": 9265748958,
        "osm_type": "node"
      },
      "type": "Feature"
    },
    {
      "geometry": {
        "coordinates": [
          116.316709,
          39.9528
        ],
        "type": "Point"
      },
      "id": "OSM-NODE-9296358846-DAILY_LIFE",
      "properties": {
        "access": "permit",
        "amenity": "library",
        "evidence_status": "contextual",
        "id": "OSM-NODE-9296358846-DAILY_LIFE",
        "layer": "daily_life",
        "name": "人民教育出版社图书馆",
        "opening_hours": "Mo-Fr 09:00-17:00",
        "operator": "人民教育出版社",
        "osm_id": 9296358846,
        "osm_type": "node"
      },
      "type": "Feature"
    },
    {
      "geometry": {
        "coordinates": [
          116.359389,
          39.977616
        ],
        "type": "Point"
      },
      "id": "OSM-NODE-9312289552-DAILY_LIFE",
      "properties": {
        "amenity": "marketplace",
        "evidence_status": "contextual",
        "id": "OSM-NODE-9312289552-DAILY_LIFE",
        "layer": "daily_life",
        "name": "新发地果蔬社区便民店",
        "osm_id": 9312289552,
        "osm_type": "node"
      },
      "type": "Feature"
    },
    {
      "geometry": {
        "coordinates": [
          116.322112,
          40.008924
        ],
        "type": "Point"
      },
      "id": "OSM-NODE-931695609-DAILY_LIFE",
      "properties": {
        "amenity": "post_office",
        "evidence_status": "contextual",
        "id": "OSM-NODE-931695609-DAILY_LIFE",
        "layer": "daily_life",
        "name": "紫荆公寓邮政所",
        "name:en": "China Post",
        "name:zh": "中国邮政",
        "operator": "中国邮政",
        "osm_id": 931695609,
        "osm_type": "node"
      },
      "type": "Feature"
    },
    {
      "geometry": {
        "coordinates": [
          116.321855,
          40.008706
        ],
        "type": "Point"
      },
      "id": "OSM-NODE-931695612-DAILY_LIFE",
      "properties": {
        "amenity": "toilets",
        "evidence_status": "contextual",
        "id": "OSM-NODE-931695612-DAILY_LIFE",
        "layer": "daily_life",
        "osm_id": 931695612,
        "osm_type": "node"
      },
      "type": "Feature"
    },
    {
      "geometry": {
        "coordinates": [
          116.308245,
          40.034479
        ],
        "type": "Point"
      },
      "id": "OSM-NODE-9319854645-DAILY_LIFE",
      "properties": {
        "amenity": "place_of_worship",
        "evidence_status": "contextual",
        "id": "OSM-NODE-9319854645-DAILY_LIFE",
        "layer": "daily_life",
        "name": "颐泉汇",
        "osm_id": 9319854645,
        "osm_type": "node"
      },
      "type": "Feature"
    },
    {
      "geometry": {
        "coordinates": [
          116.318931,
          39.99755
        ],
        "type": "Point"
      },
      "id": "OSM-NODE-937464426-DAILY_LIFE",
      "properties": {
        "amenity": "pharmacy",
        "evidence_status": "contextual",
        "id": "OSM-NODE-937464426-DAILY_LIFE",
        "layer": "daily_life",
        "name": "同仁堂",
        "name:en": "TongRenTang Pharmacy",
        "name:zh": "同仁堂",
        "osm_id": 937464426,
        "osm_type": "node"
      },
      "type": "Feature"
    },
    {
      "geometry": {
        "coordinates": [
          116.336908,
          39.935321
        ],
        "type": "Point"
      },
      "id": "OSM-NODE-9473383494-DAILY_LIFE",
      "properties": {
        "amenity": "toilets",
        "evidence_status": "contextual",
        "id": "OSM-NODE-9473383494-DAILY_LIFE",
        "layer": "daily_life",
        "name": "公共卫生间",
        "name:zh": "公共卫生间",
        "osm_id": 9473383494,
        "osm_type": "node"
      },
      "type": "Feature"
    },
    {
      "geometry": {
        "coordinates": [
          116.349723,
          39.940301
        ],
        "type": "Point"
      },
      "id": "OSM-NODE-9473385670-DAILY_LIFE",
      "properties": {
        "amenity": "toilets",
        "evidence_status": "contextual",
        "id": "OSM-NODE-9473385670-DAILY_LIFE",
        "layer": "daily_life",
        "name": "公共卫生间",
        "osm_id": 9473385670,
        "osm_type": "node"
      },
      "type": "Feature"
    },
    {
      "geometry": {
        "coordinates": [
          116.300463,
          40.003488
        ],
        "type": "Point"
      },
      "id": "OSM-NODE-9495202022-DAILY_LIFE",
      "properties": {
        "amenity": "theatre",
        "evidence_status": "contextual",
        "id": "OSM-NODE-9495202022-DAILY_LIFE",
        "layer": "daily_life",
        "name": "一零一中学学乐团",
        "osm_id": 9495202022,
        "osm_type": "node"
      },
      "type": "Feature"
    },
    {
      "geometry": {
        "coordinates": [
          116.344131,
          40.047713
        ],
        "type": "Point"
      },
      "id": "OSM-NODE-9497796169-DAILY_LIFE",
      "properties": {
        "amenity": "toilets",
        "evidence_status": "contextual",
        "id": "OSM-NODE-9497796169-DAILY_LIFE",
        "layer": "daily_life",
        "osm_id": 9497796169,
        "osm_type": "node"
      },
      "type": "Feature"
    },
    {
      "geometry": {
        "coordinates": [
          116.385168,
          40.009511
        ],
        "type": "Point"
      },
      "id": "OSM-NODE-9572194950-DAILY_LIFE",
      "properties": {
        "amenity": "toilets",
        "evidence_status": "contextual",
        "id": "OSM-NODE-9572194950-DAILY_LIFE",
        "layer": "daily_life",
        "osm_id": 9572194950,
        "osm_type": "node"
      },
      "type": "Feature"
    },
    {
      "geometry": {
        "coordinates": [
          116.386796,
          40.007759
        ],
        "type": "Point"
      },
      "id": "OSM-NODE-9572194956-DAILY_LIFE",
      "properties": {
        "amenity": "police",
        "evidence_status": "contextual",
        "id": "OSM-NODE-9572194956-DAILY_LIFE",
        "layer": "daily_life",
        "name": "奥运塔警务室",
        "name:zh": "奥运塔警务室",
        "osm_id": 9572194956,
        "osm_type": "node"
      },
      "type": "Feature"
    },
    {
      "geometry": {
        "coordinates": [
          116.333602,
          39.995344
        ],
        "type": "Point"
      },
      "id": "OSM-NODE-9612376785-DAILY_LIFE",
      "properties": {
        "amenity": "clinic",
        "evidence_status": "contextual",
        "id": "OSM-NODE-9612376785-DAILY_LIFE",
        "layer": "daily_life",
        "name": "祝尔康诊所",
        "osm_id": 9612376785,
        "osm_type": "node"
      },
      "type": "Feature"
    },
    {
      "geometry": {
        "coordinates": [
          116.33428,
          39.997949
        ],
        "type": "Point"
      },
      "id": "OSM-NODE-9612377713-DAILY_LIFE",
      "properties": {
        "amenity": "pharmacy",
        "evidence_status": "contextual",
        "id": "OSM-NODE-9612377713-DAILY_LIFE",
        "layer": "daily_life",
        "name": "冀州堂药店",
        "name:zh": "冀州堂药店",
        "osm_id": 9612377713,
        "osm_type": "node"
      },
      "type": "Feature"
    },
    {
      "geometry": {
        "coordinates": [
          116.325197,
          40.004045
        ],
        "type": "Point"
      },
      "id": "OSM-NODE-9634378960-DAILY_LIFE",
      "properties": {
        "access": "yes",
        "amenity": "toilets",
        "evidence_status": "contextual",
        "id": "OSM-NODE-9634378960-DAILY_LIFE",
        "layer": "daily_life",
        "osm_id": 9634378960,
        "osm_type": "node",
        "wheelchair": "no"
      },
      "type": "Feature"
    },
    {
      "geometry": {
        "coordinates": [
          116.337039,
          39.945116
        ],
        "type": "Point"
      },
      "id": "OSM-NODE-9634961001-DAILY_LIFE",
      "properties": {
        "amenity": "toilets",
        "evidence_status": "contextual",
        "id": "OSM-NODE-9634961001-DAILY_LIFE",
        "layer": "daily_life",
        "name": "公共卫生间",
        "osm_id": 9634961001,
        "osm_type": "node"
      },
      "type": "Feature"
    },
    {
      "geometry": {
        "coordinates": [
          116.372604,
          39.967489
        ],
        "type": "Point"
      },
      "id": "OSM-NODE-9635386807-DAILY_LIFE",
      "properties": {
        "amenity": "toilets",
        "evidence_status": "contextual",
        "id": "OSM-NODE-9635386807-DAILY_LIFE",
        "layer": "daily_life",
        "name": "公共卫生间",
        "osm_id": 9635386807,
        "osm_type": "node",
        "wheelchair": "yes"
      },
      "type": "Feature"
    },
    {
      "geometry": {
        "coordinates": [
          116.385854,
          40.024069
        ],
        "type": "Point"
      },
      "id": "OSM-NODE-9642356262-DAILY_LIFE",
      "properties": {
        "amenity": "toilets",
        "evidence_status": "contextual",
        "id": "OSM-NODE-9642356262-DAILY_LIFE",
        "layer": "daily_life",
        "osm_id": 9642356262,
        "osm_type": "node"
      },
      "type": "Feature"
    },
    {
      "geometry": {
        "coordinates": [
          116.31467,
          39.967968
        ],
        "type": "Point"
      },
      "id": "OSM-NODE-9655421436-DAILY_LIFE",
      "properties": {
        "amenity": "toilets",
        "evidence_status": "contextual",
        "id": "OSM-NODE-9655421436-DAILY_LIFE",
        "layer": "daily_life",
        "opening_hours": "Mo-Su 05:00-23:00",
        "osm_id": 9655421436,
        "osm_type": "node"
      },
      "type": "Feature"
    },
    {
      "geometry": {
        "coordinates": [
          116.363021,
          39.974181
        ],
        "type": "Point"
      },
      "id": "OSM-NODE-9677551524-DAILY_LIFE",
      "properties": {
        "access": "yes",
        "amenity": "toilets",
        "evidence_status": "contextual",
        "id": "OSM-NODE-9677551524-DAILY_LIFE",
        "layer": "daily_life",
        "name": "元大都东",
        "opening_hours": "24/7",
        "operator": "北京海淀生态环保有限公司",
        "osm_id": 9677551524,
        "osm_type": "node"
      },
      "type": "Feature"
    },
    {
      "geometry": {
        "coordinates": [
          116.303812,
          39.981434
        ],
        "type": "Point"
      },
      "id": "OSM-NODE-9724335302-DAILY_LIFE",
      "properties": {
        "amenity": "toilets",
        "evidence_status": "contextual",
        "id": "OSM-NODE-9724335302-DAILY_LIFE",
        "layer": "daily_life",
        "osm_id": 9724335302,
        "osm_type": "node"
      },
      "type": "Feature"
    },
    {
      "geometry": {
        "coordinates": [
          116.377151,
          39.950284
        ],
        "type": "Point"
      },
      "id": "OSM-NODE-973328216-DAILY_LIFE",
      "properties": {
        "amenity": "police",
        "evidence_status": "contextual",
        "id": "OSM-NODE-973328216-DAILY_LIFE",
        "layer": "daily_life",
        "name": "Police Station",
        "osm_id": 973328216,
        "osm_type": "node"
      },
      "type": "Feature"
    },
    {
      "geometry": {
        "coordinates": [
          116.354581,
          39.966775
        ],
        "type": "Point"
      },
      "id": "OSM-NODE-9773032952-DAILY_LIFE",
      "properties": {
        "amenity": "toilets",
        "evidence_status": "contextual",
        "id": "OSM-NODE-9773032952-DAILY_LIFE",
        "layer": "daily_life",
        "name": "北影",
        "name:zh": "北影",
        "opening_hours": "Mo-Su 05:00-23:00",
        "osm_id": 9773032952,
        "osm_type": "node"
      },
      "type": "Feature"
    },
    {
      "geometry": {
        "coordinates": [
          116.33071,
          39.96598
        ],
        "type": "Point"
      },
      "id": "OSM-NODE-9773047523-DAILY_LIFE",
      "properties": {
        "amenity": "toilets",
        "evidence_status": "contextual",
        "id": "OSM-NODE-9773047523-DAILY_LIFE",
        "layer": "daily_life",
        "name": "联想桥",
        "opening_hours": "Mo-Su 05:00-23:00",
        "osm_id": 9773047523,
        "osm_type": "node"
      },
      "type": "Feature"
    },
    {
      "geometry": {
        "coordinates": [
          116.336271,
          39.966599
        ],
        "type": "Point"
      },
      "id": "OSM-NODE-9773047524-DAILY_LIFE",
      "properties": {
        "amenity": "toilets",
        "evidence_status": "contextual",
        "id": "OSM-NODE-9773047524-DAILY_LIFE",
        "layer": "daily_life",
        "name": "大钟寺",
        "name:zh": "大钟寺",
        "opening_hours": "Mo-Su 05:00-23:00",
        "osm_id": 9773047524,
        "osm_type": "node"
      },
      "type": "Feature"
    },
    {
      "geometry": {
        "coordinates": [
          116.343821,
          39.962323
        ],
        "type": "Point"
      },
      "id": "OSM-NODE-9814561135-DAILY_LIFE",
      "properties": {
        "amenity": "toilets",
        "evidence_status": "contextual",
        "id": "OSM-NODE-9814561135-DAILY_LIFE",
        "layer": "daily_life",
        "name": "政法宿舍",
        "name:zh": "政法宿舍",
        "opening_hours": "Mo-Su 05:00-23:00",
        "osm_id": 9814561135,
        "osm_type": "node"
      },
      "type": "Feature"
    },
    {
      "geometry": {
        "coordinates": [
          116.353864,
          40.039621
        ],
        "type": "Point"
      },
      "id": "OSM-NODE-9819079628-DAILY_LIFE",
      "properties": {
        "amenity": "toilets",
        "evidence_status": "contextual",
        "id": "OSM-NODE-9819079628-DAILY_LIFE",
        "layer": "daily_life",
        "osm_id": 9819079628,
        "osm_type": "node"
      },
      "type": "Feature"
    },
    {
      "geometry": {
        "coordinates": [
          116.303457,
          39.96222
        ],
        "type": "Point"
      },
      "id": "OSM-NODE-9829835422-DAILY_LIFE",
      "properties": {
        "amenity": "hospital",
        "evidence_status": "contextual",
        "id": "OSM-NODE-9829835422-DAILY_LIFE",
        "layer": "daily_life",
        "name": "赛德阳光口腔",
        "osm_id": 9829835422,
        "osm_type": "node"
      },
      "type": "Feature"
    },
    {
      "geometry": {
        "coordinates": [
          116.303258,
          39.962213
        ],
        "type": "Point"
      },
      "id": "OSM-NODE-9829835423-DAILY_LIFE",
      "properties": {
        "amenity": "hospital",
        "evidence_status": "contextual",
        "id": "OSM-NODE-9829835423-DAILY_LIFE",
        "layer": "daily_life",
        "name": "美天",
        "name:en": "Metime",
        "osm_id": 9829835423,
        "osm_type": "node"
      },
      "type": "Feature"
    },
    {
      "geometry": {
        "coordinates": [
          116.370249,
          39.97511
        ],
        "type": "Point"
      },
      "id": "OSM-NODE-9847690148-DAILY_LIFE",
      "properties": {
        "amenity": "toilets",
        "evidence_status": "contextual",
        "id": "OSM-NODE-9847690148-DAILY_LIFE",
        "layer": "daily_life",
        "name": "小月河加油站",
        "opening_hours": "24/7",
        "operator": "北京海淀生态环保有限公司",
        "osm_id": 9847690148,
        "osm_type": "node"
      },
      "type": "Feature"
    },
    {
      "geometry": {
        "coordinates": [
          116.386835,
          39.979844
        ],
        "type": "Point"
      },
      "id": "OSM-NODE-9847709829-DAILY_LIFE",
      "properties": {
        "amenity": "toilets",
        "evidence_status": "contextual",
        "id": "OSM-NODE-9847709829-DAILY_LIFE",
        "layer": "daily_life",
        "name": "民族园南",
        "opening_hours": "24/7",
        "operator": "朝阳区卫生服务中心三队",
        "osm_id": 9847709829,
        "osm_type": "node"
      },
      "type": "Feature"
    },
    {
      "geometry": {
        "coordinates": [
          116.322109,
          39.979738
        ],
        "type": "Point"
      },
      "id": "OSM-NODE-9849303836-DAILY_LIFE",
      "properties": {
        "amenity": "toilets",
        "evidence_status": "contextual",
        "id": "OSM-NODE-9849303836-DAILY_LIFE",
        "layer": "daily_life",
        "name": "保福寺58#",
        "name:zh": "保福寺58#",
        "opening_hours": "Mo-Su 05:00-23:00",
        "operator": "海淀区环境卫生服务中心四队",
        "osm_id": 9849303836,
        "osm_type": "node",
        "wheelchair": "yes"
      },
      "type": "Feature"
    },
    {
      "geometry": {
        "coordinates": [
          116.345752,
          39.992252
        ],
        "type": "Point"
      },
      "id": "OSM-NODE-984971282-DAILY_LIFE",
      "properties": {
        "amenity": "post_office",
        "evidence_status": "contextual",
        "id": "OSM-NODE-984971282-DAILY_LIFE",
        "layer": "daily_life",
        "osm_id": 984971282,
        "osm_type": "node"
      },
      "type": "Feature"
    },
    {
      "geometry": {
        "coordinates": [
          116.365164,
          39.951211
        ],
        "type": "Point"
      },
      "id": "OSM-NODE-9862395583-DAILY_LIFE",
      "properties": {
        "amenity": "toilets",
        "evidence_status": "contextual",
        "id": "OSM-NODE-9862395583-DAILY_LIFE",
        "layer": "daily_life",
        "name": "皇姑坟",
        "opening_hours": "24/7",
        "operator": "北京海淀生态环保有限公司",
        "osm_id": 9862395583,
        "osm_type": "node"
      },
      "type": "Feature"
    },
    {
      "geometry": {
        "coordinates": [
          116.348392,
          39.956076
        ],
        "type": "Point"
      },
      "id": "OSM-NODE-9862428105-DAILY_LIFE",
      "properties": {
        "amenity": "toilets",
        "evidence_status": "contextual",
        "id": "OSM-NODE-9862428105-DAILY_LIFE",
        "layer": "daily_life",
        "name": "明光桥",
        "opening_hours": "24/7",
        "operator": "北京海淀生态环保有限公司",
        "osm_id": 9862428105,
        "osm_type": "node"
      },
      "type": "Feature"
    },
    {
      "geometry": {
        "coordinates": [
          116.333107,
          39.989393
        ],
        "type": "Point"
      },
      "id": "OSM-NODE-9950902532-DAILY_LIFE",
      "properties": {
        "amenity": "post_office",
        "evidence_status": "contextual",
        "id": "OSM-NODE-9950902532-DAILY_LIFE",
        "layer": "daily_life",
        "name": "中国邮政",
        "name:en": "China Post",
        "name:zh": "中国邮政",
        "osm_id": 9950902532,
        "osm_type": "node"
      },
      "type": "Feature"
    },
    {
      "geometry": {
        "coordinates": [
          116.310509,
          39.985436
        ],
        "type": "Point"
      },
      "id": "OSM-NODE-9982677820-DAILY_LIFE",
      "properties": {
        "amenity": "toilets",
        "evidence_status": "contextual",
        "id": "OSM-NODE-9982677820-DAILY_LIFE",
        "layer": "daily_life",
        "name": "中关村岗楼东",
        "name:zh": "中关村岗楼东",
        "opening_hours": "24/7",
        "operator": "北京海淀生态环保有限公司",
        "osm_id": 9982677820,
        "osm_type": "node"
      },
      "type": "Feature"
    },
    {
      "geometry": {
        "coordinates": [
          [
            [
              116.311074,
              39.985486
            ],
            [
              116.311103,
              39.984831
            ],
            [
              116.311434,
              39.984841
            ],
            [
              116.311658,
              39.984848
            ],
            [
              116.311612,
              39.985504
            ],
            [
              116.311074,
              39.985486
            ]
          ]
        ],
        "type": "Polygon"
      },
      "id": "OSM-WAY-1002580383-DAILY_LIFE",
      "properties": {
        "amenity": "kindergarten",
        "evidence_status": "contextual",
        "id": "OSM-WAY-1002580383-DAILY_LIFE",
        "layer": "daily_life",
        "name": "中国科学院第一幼儿园",
        "name:zh": "中国科学院第一幼儿园",
        "osm_id": 1002580383,
        "osm_type": "way"
      },
      "type": "Feature"
    },
    {
      "geometry": {
        "coordinates": [
          [
            [
              116.346541,
              39.995198
            ],
            [
              116.341052,
              39.995052
            ],
            [
              116.340511,
              39.995154
            ],
            [
              116.339227,
              39.995124
            ],
            [
              116.337968,
              39.995104
            ],
            [
              116.33791,
              39.99655
            ],
            [
              116.339116,
              39.996567
            ],
            [
              116.33911,
              39.998202
            ],
            [
              116.340305,
              39.998221
            ],
            [
              116.340307,
              39.997727
            ],
            [
              116.340416,
              39.997728
            ],
            [
              116.340433,
              39.997284
            ],
            [
              116.340305,
              39.997282
            ],
            [
              116.34032,
              39.996569
            ],
            [
              116.341128,
              39.99659
            ],
            [
              116.341725,
              39.996607
            ],
            [
              116.341866,
              39.996611
            ],
            [
              116.341862,
              39.996687
            ],
            [
              116.34185,
              39.996904
            ],
            [
              116.341974,
              39.996998
            ],
            [
              116.341899,
              39.998261
            ],
            [
              116.341896,
              39.998286
            ],
            [
              116.342543,
              39.998302
            ],
            [
              116.342545,
              39.998722
            ],
            [
              116.342522,
              39.999095
            ],
            [
              116.342521,
              39.999141
            ],
            [
              116.342575,
              39.999143
            ],
            [
              116.34436,
              39.999198
            ],
            [
              116.344414,
              39.998581
            ],
            [
              116.344492,
              39.998423
            ],
            [
              116.345243,
              39.998448
            ],
            [
              116.345319,
              39.996681
            ],
            [
              116.346486,
              39.996718
            ],
            [
              116.346507,
              39.996138
            ],
            [
              116.346541,
              39.995198
            ]
          ]
        ],
        "type": "Polygon"
      },
      "id": "OSM-WAY-1003833559-DAILY_LIFE",
      "properties": {
        "amenity": "university",
        "evidence_status": "contextual",
        "id": "OSM-WAY-1003833559-DAILY_LIFE",
        "layer": "daily_life",
        "name": "中国矿业大学（北京）",
        "name:en": "China University of Mining and Technology at Beijing",
        "name:zh": "中国矿业大学（北京）",
        "operator": "中华人民共和国教育部",
        "osm_id": 1003833559,
        "osm_type": "way"
      },
      "type": "Feature"
    },
    {
      "geometry": {
        "coordinates": [
          [
            [
              116.30834,
              40.015027
            ],
            [
              116.308429,
              40.014558
            ],
            [
              116.308702,
              40.013125
            ],
            [
              116.309325,
              40.013155
            ],
            [
              116.310381,
              40.013185
            ],
            [
              116.311154,
              40.013212
            ],
            [
              116.311725,
              40.013251
            ],
            [
              116.311539,
              40.014188
            ],
            [
              116.31008,
              40.014046
            ],
            [
              116.309686,
              40.014025
            ],
            [
              116.309563,
              40.014584
            ],
            [
              116.309703,
              40.014612
            ],
            [
              116.309584,
              40.015189
            ],
            [
              116.30834,
              40.015027
            ]
          ]
        ],
        "type": "Polygon"
      },
      "id": "OSM-WAY-1005615195-DAILY_LIFE",
      "properties": {
        "amenity": "college",
        "evidence_status": "contextual",
        "id": "OSM-WAY-1005615195-DAILY_LIFE",
        "layer": "daily_life",
        "name": "海淀高等职业教育学院",
        "name:zh": "海淀高等职业教育学院",
        "osm_id": 1005615195,
        "osm_type": "way"
      },
      "type": "Feature"
    },
    {
      "geometry": {
        "coordinates": [
          [
            [
              116.309802,
              39.942897
            ],
            [
              116.309821,
              39.942802
            ],
            [
              116.310031,
              39.942827
            ],
            [
              116.310012,
              39.942922
            ],
            [
              116.309802,
              39.942897
            ]
          ]
        ],
        "type": "Polygon"
      },
      "id": "OSM-WAY-1010633942-DAILY_LIFE",
      "properties": {
        "amenity": "place_of_worship",
        "building": "yes",
        "evidence_status": "contextual",
        "id": "OSM-WAY-1010633942-DAILY_LIFE",
        "layer": "daily_life",
        "name": "大雄宝殿",
        "osm_id": 1010633942,
        "osm_type": "way"
      },
      "type": "Feature"
    },
    {
      "geometry": {
        "coordinates": [
          [
            [
              116.309766,
              39.943115
            ],
            [
              116.309781,
              39.943047
            ],
            [
              116.309992,
              39.943074
            ],
            [
              116.309977,
              39.943142
            ],
            [
              116.309766,
              39.943115
            ]
          ]
        ],
        "type": "Polygon"
      },
      "id": "OSM-WAY-1010633943-DAILY_LIFE",
      "properties": {
        "amenity": "place_of_worship",
        "building": "yes",
        "evidence_status": "contextual",
        "id": "OSM-WAY-1010633943-DAILY_LIFE",
        "layer": "daily_life",
        "name": "观音殿",
        "osm_id": 1010633943,
        "osm_type": "way"
      },
      "type": "Feature"
    },
    {
      "geometry": {
        "coordinates": [
          [
            [
              116.309864,
              39.942606
            ],
            [
              116.309877,
              39.942541
            ],
            [
              116.310098,
              39.942568
            ],
            [
              116.310085,
              39.942633
            ],
            [
              116.309864,
              39.942606
            ]
          ]
        ],
        "type": "Polygon"
      },
      "id": "OSM-WAY-1010633944-DAILY_LIFE",
      "properties": {
        "amenity": "place_of_worship",
        "building": "yes",
        "evidence_status": "contextual",
        "id": "OSM-WAY-1010633944-DAILY_LIFE",
        "layer": "daily_life",
        "name": "天王殿",
        "osm_id": 1010633944,
        "osm_type": "way"
      },
      "type": "Feature"
    },
    {
      "geometry": {
        "coordinates": [
          [
            [
              116.309839,
              39.942781
            ],
            [
              116.30986,
              39.942683
            ],
            [
              116.309921,
              39.94269
            ],
            [
              116.3099,
              39.942788
            ],
            [
              116.309839,
              39.942781
            ]
          ]
        ],
        "type": "Polygon"
      },
      "id": "OSM-WAY-1010633945-DAILY_LIFE",
      "properties": {
        "amenity": "place_of_worship",
        "building": "yes",
        "evidence_status": "contextual",
        "id": "OSM-WAY-1010633945-DAILY_LIFE",
        "layer": "daily_life",
        "name": "祖师殿",
        "osm_id": 1010633945,
        "osm_type": "way"
      },
      "type": "Feature"
    },
    {
      "geometry": {
        "coordinates": [
          [
            [
              116.309972,
              39.942798
            ],
            [
              116.309994,
              39.9427
            ],
            [
              116.310055,
              39.942708
            ],
            [
              116.310034,
              39.942806
            ],
            [
              116.309972,
              39.942798
            ]
          ]
        ],
        "type": "Polygon"
      },
      "id": "OSM-WAY-1010633946-DAILY_LIFE",
      "properties": {
        "amenity": "place_of_worship",
        "building": "yes",
        "evidence_status": "contextual",
        "id": "OSM-WAY-1010633946-DAILY_LIFE",
        "layer": "daily_life",
        "name": "伽蓝殿",
        "osm_id": 1010633946,
        "osm_type": "way"
      },
      "type": "Feature"
    },
    {
      "geometry": {
        "coordinates": [
          [
            [
              116.309923,
              39.943039
            ],
            [
              116.309944,
              39.942941
            ],
            [
              116.310006,
              39.942949
            ],
            [
              116.309984,
              39.943047
            ],
            [
              116.309923,
              39.943039
            ]
          ]
        ],
        "type": "Polygon"
      },
      "id": "OSM-WAY-1010633947-DAILY_LIFE",
      "properties": {
        "amenity": "place_of_worship",
        "building": "yes",
        "evidence_status": "contextual",
        "id": "OSM-WAY-1010633947-DAILY_LIFE",
        "layer": "daily_life",
        "name": "地藏殿",
        "osm_id": 1010633947,
        "osm_type": "way"
      },
      "type": "Feature"
    },
    {
      "geometry": {
        "coordinates": [
          [
            [
              116.30979,
              39.943022
            ],
            [
              116.309811,
              39.942924
            ],
            [
              116.309872,
              39.942932
            ],
            [
              116.309851,
              39.94303
            ],
            [
              116.30979,
              39.943022
            ]
          ]
        ],
        "type": "Polygon"
      },
      "id": "OSM-WAY-1010633948-DAILY_LIFE",
      "properties": {
        "amenity": "place_of_worship",
        "building": "yes",
        "evidence_status": "contextual",
        "id": "OSM-WAY-1010633948-DAILY_LIFE",
        "layer": "daily_life",
        "name": "弥陀殿",
        "osm_id": 1010633948,
        "osm_type": "way"
      },
      "type": "Feature"
    },
    {
      "geometry": {
        "coordinates": [
          [
            [
              116.30893,
              39.942977
            ],
            [
              116.308965,
              39.942872
            ],
            [
              116.309027,
              39.942884
            ],
            [
              116.308992,
              39.94299
            ],
            [
              116.30893,
              39.942977
            ]
          ]
        ],
        "type": "Polygon"
      },
      "id": "OSM-WAY-1010633950-DAILY_LIFE",
      "properties": {
        "amenity": "toilets",
        "building": "yes",
        "evidence_status": "contextual",
        "id": "OSM-WAY-1010633950-DAILY_LIFE",
        "layer": "daily_life",
        "osm_id": 1010633950,
        "osm_type": "way"
      },
      "type": "Feature"
    },
    {
      "geometry": {
        "coordinates": [
          [
            [
              116.376464,
              39.935318
            ],
            [
              116.376442,
              39.935496
            ],
            [
              116.376334,
              39.936378
            ],
            [
              116.377268,
              39.93643
            ],
            [
              116.37735,
              39.935829
            ],
            [
              116.378073,
              39.935873
            ],
            [
              116.378148,
              39.935445
            ],
            [
              116.376464,
              39.935318
            ]
          ]
        ],
        "type": "Polygon"
      },
      "id": "OSM-WAY-1020713082-DAILY_LIFE",
      "properties": {
        "amenity": "school",
        "evidence_status": "contextual",
        "id": "OSM-WAY-1020713082-DAILY_LIFE",
        "layer": "daily_life",
        "name": "北京市第十三中学",
        "osm_id": 1020713082,
        "osm_type": "way"
      },
      "type": "Feature"
    },
    {
      "geometry": {
        "coordinates": [
          [
            [
              116.304764,
              39.965552
            ],
            [
              116.304865,
              39.964695
            ],
            [
              116.305646,
              39.96477
            ],
            [
              116.305417,
              39.965636
            ],
            [
              116.304764,
              39.965552
            ]
          ]
        ],
        "type": "Polygon"
      },
      "id": "OSM-WAY-1039830664-DAILY_LIFE",
      "properties": {
        "amenity": "school",
        "evidence_status": "contextual",
        "id": "OSM-WAY-1039830664-DAILY_LIFE",
        "layer": "daily_life",
        "name": "北京市海培学校健翔校区",
        "name:zh": "北京市海培学校健翔校区",
        "osm_id": 1039830664,
        "osm_type": "way"
      },
      "type": "Feature"
    },
    {
      "geometry": {
        "coordinates": [
          [
            [
              116.320404,
              39.968174
            ],
            [
              116.320449,
              39.96753
            ],
            [
              116.321035,
              39.967537
            ],
            [
              116.321014,
              39.968002
            ],
            [
              116.320956,
              39.968191
            ],
            [
              116.320404,
              39.968174
            ]
          ]
        ],
        "type": "Polygon"
      },
      "id": "OSM-WAY-1039830682-DAILY_LIFE",
      "properties": {
        "amenity": "kindergarten",
        "evidence_status": "contextual",
        "id": "OSM-WAY-1039830682-DAILY_LIFE",
        "layer": "daily_life",
        "name": "明天幼稚集团第二幼儿园",
        "osm_id": 1039830682,
        "osm_type": "way"
      },
      "type": "Feature"
    },
    {
      "geometry": {
        "coordinates": [
          [
            [
              116.321736,
              39.973424
            ],
            [
              116.321771,
              39.972831
            ],
            [
              116.321084,
              39.972805
            ],
            [
              116.321101,
              39.97251
            ],
            [
              116.321123,
              39.972135
            ],
            [
              116.321127,
              39.972062
            ],
            [
              116.32253,
              39.972167
            ],
            [
              116.322524,
              39.972355
            ],
            [
              116.322487,
              39.973447
            ],
            [
              116.321736,
              39.973424
            ]
          ]
        ],
        "type": "Polygon"
      },
      "id": "OSM-WAY-1039830683-DAILY_LIFE",
      "properties": {
        "amenity": "school",
        "evidence_status": "contextual",
        "id": "OSM-WAY-1039830683-DAILY_LIFE",
        "layer": "daily_life",
        "name": "北京市中关村中学知春分校",
        "osm_id": 1039830683,
        "osm_type": "way"
      },
      "type": "Feature"
    },
    {
      "geometry": {
        "coordinates": [
          [
            [
              116.36446,
              39.988799
            ],
            [
              116.364478,
              39.988799
            ],
            [
              116.365094,
              39.988811
            ],
            [
              116.365089,
              39.988971
            ],
            [
              116.364974,
              39.988969
            ],
            [
              116.364969,
              39.989124
            ],
            [
              116.36445,
              39.989115
            ],
            [
              116.36446,
              39.988799
            ]
          ]
        ],
        "type": "Polygon"
      },
      "id": "OSM-WAY-1046138240-DAILY_LIFE",
      "properties": {
        "amenity": "kindergarten",
        "evidence_status": "contextual",
        "id": "OSM-WAY-1046138240-DAILY_LIFE",
        "layer": "daily_life",
        "name": "太极艾嘉幼儿园",
        "name:zh": "太极艾嘉幼儿园",
        "osm_id": 1046138240,
        "osm_type": "way"
      },
      "type": "Feature"
    },
    {
      "geometry": {
        "coordinates": [
          [
            [
              116.367898,
              39.98847
            ],
            [
              116.36772,
              39.988802
            ],
            [
              116.368324,
              39.988797
            ],
            [
              116.36832,
              39.988467
            ],
            [
              116.367898,
              39.98847
            ]
          ]
        ],
        "type": "Polygon"
      },
      "id": "OSM-WAY-1046138254-DAILY_LIFE",
      "properties": {
        "amenity": "kindergarten",
        "evidence_status": "contextual",
        "id": "OSM-WAY-1046138254-DAILY_LIFE",
        "layer": "daily_life",
        "name": "中国音乐学院附属艺术幼儿园(健翔分园)",
        "osm_id": 1046138254,
        "osm_type": "way"
      },
      "type": "Feature"
    },
    {
      "geometry": {
        "coordinates": [
          [
            [
              116.3605,
              39.995003
            ],
            [
              116.360469,
              39.995657
            ],
            [
              116.360011,
              39.995644
            ],
            [
              116.360042,
              39.994991
            ],
            [
              116.3605,
              39.995003
            ]
          ]
        ],
        "type": "Polygon"
      },
      "id": "OSM-WAY-1046143663-DAILY_LIFE",
      "properties": {
        "amenity": "kindergarten",
        "evidence_status": "contextual",
        "id": "OSM-WAY-1046143663-DAILY_LIFE",
        "layer": "daily_life",
        "name": "北京市海淀区本真双语艺术幼稚园（本真二里庄园）",
        "name:zh": "北京市海淀区本真双语艺术幼稚园（本真二里庄园）",
        "osm_id": 1046143663,
        "osm_type": "way"
      },
      "type": "Feature"
    },
    {
      "geometry": {
        "coordinates": [
          [
            [
              116.377444,
              40.035777
            ],
            [
              116.377407,
              40.035905
            ],
            [
              116.377504,
              40.035922
            ],
            [
              116.377541,
              40.035793
            ],
            [
              116.377444,
              40.035777
            ]
          ]
        ],
        "type": "Polygon"
      },
      "id": "OSM-WAY-1046764332-DAILY_LIFE",
      "properties": {
        "amenity": "fire_station",
        "building": "yes",
        "evidence_status": "contextual",
        "id": "OSM-WAY-1046764332-DAILY_LIFE",
        "layer": "daily_life",
        "osm_id": 1046764332,
        "osm_type": "way"
      },
      "type": "Feature"
    },
    {
      "geometry": {
        "coordinates": [
          [
            [
              116.319771,
              40.017187
            ],
            [
              116.319569,
              40.017415
            ],
            [
              116.319554,
              40.017659
            ],
            [
              116.319339,
              40.017962
            ],
            [
              116.317635,
              40.017904
            ],
            [
              116.317723,
              40.017381
            ],
            [
              116.317651,
              40.017334
            ],
            [
              116.317732,
              40.016924
            ],
            [
              116.319717,
              40.016965
            ],
            [
              116.319771,
              40.017187
            ]
          ]
        ],
        "type": "Polygon"
      },
      "id": "OSM-WAY-1053792984-DAILY_LIFE",
      "properties": {
        "amenity": "school",
        "evidence_status": "contextual",
        "id": "OSM-WAY-1053792984-DAILY_LIFE",
        "layer": "daily_life",
        "name": "清华志清中学",
        "name:zh": "清华志清中学",
        "osm_id": 1053792984,
        "osm_type": "way"
      },
      "type": "Feature"
    },
    {
      "geometry": {
        "coordinates": [
          [
            [
              116.333736,
              40.007423
            ],
            [
              116.333737,
              40.00718
            ],
            [
              116.333861,
              40.00718
            ],
            [
              116.33386,
              40.007424
            ],
            [
              116.333736,
              40.007423
            ]
          ]
        ],
        "type": "Polygon"
      },
      "id": "OSM-WAY-1056034695-DAILY_LIFE",
      "properties": {
        "amenity": "place_of_worship",
        "building": "yes",
        "evidence_status": "contextual",
        "id": "OSM-WAY-1056034695-DAILY_LIFE",
        "layer": "daily_life",
        "name": "延寿寺",
        "name:zh": "延寿寺",
        "osm_id": 1056034695,
        "osm_type": "way"
      },
      "type": "Feature"
    },
    {
      "geometry": {
        "coordinates": [
          [
            [
              116.320777,
              39.993308
            ],
            [
              116.321245,
              39.993323
            ],
            [
              116.321551,
              39.993255
            ],
            [
              116.321928,
              39.993211
            ],
            [
              116.322208,
              39.993216
            ],
            [
              116.322568,
              39.993002
            ],
            [
              116.32262,
              39.992439
            ],
            [
              116.320834,
              39.992357
            ],
            [
              116.320786,
              39.993167
            ],
            [
              116.320777,
              39.993308
            ]
          ]
        ],
        "type": "Polygon"
      },
      "id": "OSM-WAY-1059610173-DAILY_LIFE",
      "properties": {
        "amenity": "school",
        "evidence_status": "contextual",
        "id": "OSM-WAY-1059610173-DAILY_LIFE",
        "layer": "daily_life",
        "name": "中关村中学",
        "name:zh": "中关村中学",
        "osm_id": 1059610173,
        "osm_type": "way"
      },
      "type": "Feature"
    },
    {
      "geometry": {
        "coordinates": [
          [
            [
              116.312138,
              40.02116
            ],
            [
              116.312153,
              40.021044
            ],
            [
              116.312613,
              40.021079
            ],
            [
              116.31261,
              40.021099
            ],
            [
              116.312922,
              40.021122
            ],
            [
              116.31291,
              40.021219
            ],
            [
              116.312603,
              40.021196
            ],
            [
              116.312574,
              40.021424
            ],
            [
              116.312647,
              40.02143
            ],
            [
              116.312637,
              40.021508
            ],
            [
              116.312346,
              40.021486
            ],
            [
              116.312356,
              40.021408
            ],
            [
              116.312432,
              40.021413
            ],
            [
              116.312461,
              40.021184
            ],
            [
              116.312138,
              40.02116
            ]
          ]
        ],
        "type": "Polygon"
      },
      "id": "OSM-WAY-1061288341-DAILY_LIFE",
      "properties": {
        "amenity": "library",
        "evidence_status": "contextual",
        "id": "OSM-WAY-1061288341-DAILY_LIFE",
        "layer": "daily_life",
        "name": "北京体育大学图书馆",
        "osm_id": 1061288341,
        "osm_type": "way"
      },
      "type": "Feature"
    },
    {
      "geometry": {
        "coordinates": [
          [
            [
              116.33563,
              39.977022
            ],
            [
              116.335665,
              39.976834
            ],
            [
              116.335852,
              39.976837
            ],
            [
              116.335848,
              39.976936
            ],
            [
              116.336055,
              39.976939
            ],
            [
              116.336051,
              39.977038
            ],
            [
              116.335921,
              39.97706
            ],
            [
              116.335759,
              39.977052
            ],
            [
              116.33563,
              39.977022
            ]
          ]
        ],
        "type": "Polygon"
      },
      "id": "OSM-WAY-1066690676-DAILY_LIFE",
      "properties": {
        "amenity": "hospital",
        "building": "yes",
        "evidence_status": "contextual",
        "id": "OSM-WAY-1066690676-DAILY_LIFE",
        "layer": "daily_life",
        "name": "家恩德运医院",
        "name:en": "Beijing Jiaen Hospital",
        "name:zh": "家恩德运医院",
        "osm_id": 1066690676,
        "osm_type": "way"
      },
      "type": "Feature"
    },
    {
      "geometry": {
        "coordinates": [
          [
            [
              116.335977,
              40.02466
            ],
            [
              116.334894,
              40.02657
            ],
            [
              116.336087,
              40.026983
            ],
            [
              116.336327,
              40.026478
            ],
            [
              116.336512,
              40.02644
            ],
            [
              116.336981,
              40.025619
            ],
            [
              116.337142,
              40.025223
            ],
            [
              116.336891,
              40.025182
            ],
            [
              116.337079,
              40.024853
            ],
            [
              116.335977,
              40.02466
            ]
          ]
        ],
        "type": "Polygon"
      },
      "id": "OSM-WAY-1069881253-DAILY_LIFE",
      "properties": {
        "amenity": "social_facility",
        "evidence_status": "contextual",
        "id": "OSM-WAY-1069881253-DAILY_LIFE",
        "layer": "daily_life",
        "name": "北京市儿童福利院",
        "osm_id": 1069881253,
        "osm_type": "way"
      },
      "type": "Feature"
    },
    {
      "geometry": {
        "coordinates": [
          [
            [
              116.336271,
              40.02726
            ],
            [
              116.336263,
              40.027537
            ],
            [
              116.33682,
              40.027547
            ],
            [
              116.336823,
              40.027439
            ],
            [
              116.336271,
              40.02726
            ]
          ]
        ],
        "type": "Polygon"
      },
      "id": "OSM-WAY-1069881258-DAILY_LIFE",
      "properties": {
        "amenity": "kindergarten",
        "evidence_status": "contextual",
        "id": "OSM-WAY-1069881258-DAILY_LIFE",
        "layer": "daily_life",
        "name": "凯迪双语实验幼儿园(朱房路)",
        "osm_id": 1069881258,
        "osm_type": "way"
      },
      "type": "Feature"
    },
    {
      "geometry": {
        "coordinates": [
          [
            [
              116.346463,
              40.024149
            ],
            [
              116.345972,
              40.024425
            ],
            [
              116.345759,
              40.024764
            ],
            [
              116.345718,
              40.02502
            ],
            [
              116.348188,
              40.025442
            ],
            [
              116.348366,
              40.024521
            ],
            [
              116.346463,
              40.024149
            ]
          ]
        ],
        "type": "Polygon"
      },
      "id": "OSM-WAY-1070127511-DAILY_LIFE",
      "properties": {
        "amenity": "hospital",
        "evidence_status": "contextual",
        "id": "OSM-WAY-1070127511-DAILY_LIFE",
        "layer": "daily_life",
        "name": "北京市红十字会急诊抢救中心",
        "osm_id": 1070127511,
        "osm_type": "way"
      },
      "type": "Feature"
    },
    {
      "geometry": {
        "coordinates": [
          [
            [
              116.357064,
              40.030247
            ],
            [
              116.357161,
              40.029953
            ],
            [
              116.358032,
              40.030135
            ],
            [
              116.357748,
              40.0308
            ],
            [
              116.356963,
              40.030558
            ],
            [
              116.357064,
              40.030247
            ]
          ]
        ],
        "type": "Polygon"
      },
      "id": "OSM-WAY-1070127521-DAILY_LIFE",
      "properties": {
        "amenity": "social_facility",
        "evidence_status": "contextual",
        "id": "OSM-WAY-1070127521-DAILY_LIFE",
        "layer": "daily_life",
        "name": "北京市海淀区清河敬老院",
        "osm_id": 1070127521,
        "osm_type": "way"
      },
      "type": "Feature"
    },
    {
      "geometry": {
        "coordinates": [
          [
            [
              116.356963,
              40.030558
            ],
            [
              116.356361,
              40.030457
            ],
            [
              116.35652,
              40.029818
            ],
            [
              116.357161,
              40.029953
            ],
            [
              116.356963,
              40.030558
            ]
          ]
        ],
        "type": "Polygon"
      },
      "id": "OSM-WAY-1072236531-DAILY_LIFE",
      "properties": {
        "amenity": "school",
        "evidence_status": "contextual",
        "id": "OSM-WAY-1072236531-DAILY_LIFE",
        "layer": "daily_life",
        "name": "龙岗路幼儿园",
        "osm_id": 1072236531,
        "osm_type": "way"
      },
      "type": "Feature"
    },
    {
      "geometry": {
        "coordinates": [
          [
            [
              116.35718,
              40.034156
            ],
            [
              116.357224,
              40.034078
            ],
            [
              116.357418,
              40.034155
            ],
            [
              116.357369,
              40.034226
            ],
            [
              116.35718,
              40.034156
            ]
          ]
        ],
        "type": "Polygon"
      },
      "id": "OSM-WAY-1072255457-DAILY_LIFE",
      "properties": {
        "amenity": "toilets",
        "building": "public",
        "evidence_status": "contextual",
        "id": "OSM-WAY-1072255457-DAILY_LIFE",
        "layer": "daily_life",
        "name": "永泰里",
        "osm_id": 1072255457,
        "osm_type": "way"
      },
      "type": "Feature"
    },
    {
      "geometry": {
        "coordinates": [
          [
            [
              116.33105,
              39.990987
            ],
            [
              116.331079,
              39.99084
            ],
            [
              116.331175,
              39.990853
            ],
            [
              116.331147,
              39.991
            ],
            [
              116.33105,
              39.990987
            ]
          ]
        ],
        "type": "Polygon"
      },
      "id": "OSM-WAY-1082276063-DAILY_LIFE",
      "properties": {
        "amenity": "police",
        "building": "yes",
        "evidence_status": "contextual",
        "id": "OSM-WAY-1082276063-DAILY_LIFE",
        "layer": "daily_life",
        "osm_id": 1082276063,
        "osm_type": "way"
      },
      "type": "Feature"
    },
    {
      "geometry": {
        "coordinates": [
          [
            [
              116.332908,
              40.050322
            ],
            [
              116.332807,
              40.051133
            ],
            [
              116.333212,
              40.051163
            ],
            [
              116.333184,
              40.051388
            ],
            [
              116.334467,
              40.051478
            ],
            [
              116.334543,
              40.051468
            ],
            [
              116.334575,
              40.051145
            ],
            [
              116.334662,
              40.05115
            ],
            [
              116.33477,
              40.050402
            ],
            [
              116.333702,
              40.050352
            ],
            [
              116.332908,
              40.050322
            ]
          ]
        ],
        "type": "Polygon"
      },
      "id": "OSM-WAY-1082312768-DAILY_LIFE",
      "properties": {
        "amenity": "college",
        "evidence_status": "contextual",
        "id": "OSM-WAY-1082312768-DAILY_LIFE",
        "layer": "daily_life",
        "name": "北京明园大学",
        "osm_id": 1082312768,
        "osm_type": "way"
      },
      "type": "Feature"
    },
    {
      "geometry": {
        "coordinates": [
          [
            [
              116.364346,
              40.005587
            ],
            [
              116.365264,
              40.005959
            ],
            [
              116.365144,
              40.006263
            ],
            [
              116.364993,
              40.008043
            ],
            [
              116.36259,
              40.007996
            ],
            [
              116.364346,
              40.005587
            ]
          ]
        ],
        "type": "Polygon"
      },
      "id": "OSM-WAY-1082314208-DAILY_LIFE",
      "properties": {
        "amenity": "school",
        "evidence_status": "contextual",
        "id": "OSM-WAY-1082314208-DAILY_LIFE",
        "layer": "daily_life",
        "name": "北京市自动化工程学校",
        "name:zh": "北京市自动化工程学校",
        "osm_id": 1082314208,
        "osm_type": "way"
      },
      "type": "Feature"
    },
    {
      "geometry": {
        "coordinates": [
          [
            [
              116.337959,
              40.026965
            ],
            [
              116.336839,
              40.026634
            ],
            [
              116.336865,
              40.026574
            ],
            [
              116.336629,
              40.026492
            ],
            [
              116.336629,
              40.02643
            ],
            [
              116.337341,
              40.025256
            ],
            [
              116.337384,
              40.025141
            ],
            [
              116.337631,
              40.025194
            ],
            [
              116.337701,
              40.024939
            ],
            [
              116.338377,
              40.025013
            ],
            [
              116.338234,
              40.025423
            ],
            [
              116.338571,
              40.025537
            ],
            [
              116.33833,
              40.026027
            ],
            [
              116.338795,
              40.026184
            ],
            [
              116.338712,
              40.026545
            ],
            [
              116.338213,
              40.026445
            ],
            [
              116.338177,
              40.026493
            ],
            [
              116.338157,
              40.026894
            ],
            [
              116.338093,
              40.027027
            ],
            [
              116.337959,
              40.026965
            ]
          ]
        ],
        "type": "Polygon"
      },
      "id": "OSM-WAY-1091268424-DAILY_LIFE",
      "properties": {
        "amenity": "hospital",
        "evidence_status": "contextual",
        "id": "OSM-WAY-1091268424-DAILY_LIFE",
        "layer": "daily_life",
        "name": "北京市社会福利医院",
        "osm_id": 1091268424,
        "osm_type": "way"
      },
      "type": "Feature"
    },
    {
      "geometry": {
        "coordinates": [
          [
            [
              116.339881,
              40.025594
            ],
            [
              116.33991,
              40.02535
            ],
            [
              116.340527,
              40.025393
            ],
            [
              116.340498,
              40.025638
            ],
            [
              116.339881,
              40.025594
            ]
          ]
        ],
        "type": "Polygon"
      },
      "id": "OSM-WAY-1091268427-DAILY_LIFE",
      "properties": {
        "amenity": "place_of_worship",
        "evidence_status": "contextual",
        "id": "OSM-WAY-1091268427-DAILY_LIFE",
        "landuse": "religious",
        "layer": "daily_life",
        "name": "清河清真寺",
        "osm_id": 1091268427,
        "osm_type": "way"
      },
      "type": "Feature"
    },
    {
      "geometry": {
        "coordinates": [
          [
            [
              116.304721,
              39.994754
            ],
            [
              116.306358,
              39.994954
            ],
            [
              116.306325,
              39.995084
            ],
            [
              116.306155,
              39.995901
            ],
            [
              116.306003,
              39.996633
            ],
            [
              116.30596,
              39.996732
            ],
            [
              116.305802,
              39.996735
            ],
            [
              116.305313,
              39.996668
            ],
            [
              116.305001,
              39.996592
            ],
            [
              116.304919,
              39.996544
            ],
            [
              116.304734,
              39.996293
            ],
            [
              116.304724,
              39.995903
            ],
            [
              116.30474,
              39.995762
            ],
            [
              116.304791,
              39.995326
            ],
            [
              116.304788,
              39.99521
            ],
            [
              116.30479,
              39.995107
            ],
            [
              116.304773,
              39.99502
            ],
            [
              116.304754,
              39.994905
            ],
            [
              116.304735,
              39.994821
            ],
            [
              116.304721,
              39.994754
            ]
          ]
        ],
        "type": "Polygon"
      },
      "id": "OSM-WAY-1101013040-DAILY_LIFE",
      "properties": {
        "amenity": "college",
        "evidence_status": "contextual",
        "id": "OSM-WAY-1101013040-DAILY_LIFE",
        "layer": "daily_life",
        "name": "李兆基人文学苑",
        "name:en": "Lee Shau Kee Humanities Hall",
        "name:zh": "李兆基人文学苑",
        "operator": "北京大学",
        "osm_id": 1101013040,
        "osm_type": "way",
        "wheelchair": "yes"
      },
      "type": "Feature"
    },
    {
      "geometry": {
        "coordinates": [
          [
            [
              116.394097,
              39.972068
            ],
            [
              116.394885,
              39.972081
            ],
            [
              116.394899,
              39.971613
            ],
            [
              116.394111,
              39.971599
            ],
            [
              116.394097,
              39.972068
            ]
          ]
        ],
        "type": "Polygon"
      },
      "id": "OSM-WAY-1118773565-DAILY_LIFE",
      "properties": {
        "amenity": "kindergarten",
        "evidence_status": "contextual",
        "id": "OSM-WAY-1118773565-DAILY_LIFE",
        "layer": "daily_life",
        "name": "安华里幼儿园安贞部",
        "name:zh": "安华里幼儿园安贞部",
        "osm_id": 1118773565,
        "osm_type": "way"
      },
      "type": "Feature"
    },
    {
      "geometry": {
        "coordinates": [
          [
            [
              116.390106,
              39.970322
            ],
            [
              116.391076,
              39.970338
            ],
            [
              116.391108,
              39.969493
            ],
            [
              116.39013,
              39.969475
            ],
            [
              116.390106,
              39.970322
            ]
          ]
        ],
        "type": "Polygon"
      },
      "id": "OSM-WAY-1118773566-DAILY_LIFE",
      "properties": {
        "amenity": "school",
        "evidence_status": "contextual",
        "id": "OSM-WAY-1118773566-DAILY_LIFE",
        "layer": "daily_life",
        "name": "北京哈罗英国学校安贞校区",
        "osm_id": 1118773566,
        "osm_type": "way"
      },
      "type": "Feature"
    },
    {
      "geometry": {
        "coordinates": [
          [
            [
              116.391321,
              39.968949
            ],
            [
              116.391314,
              39.968703
            ],
            [
              116.391047,
              39.968662
            ],
            [
              116.390555,
              39.968869
            ],
            [
              116.39062,
              39.96896
            ],
            [
              116.391321,
              39.968949
            ]
          ]
        ],
        "type": "Polygon"
      },
      "id": "OSM-WAY-1118773576-DAILY_LIFE",
      "properties": {
        "amenity": "kindergarten",
        "evidence_status": "contextual",
        "id": "OSM-WAY-1118773576-DAILY_LIFE",
        "layer": "daily_life",
        "name": "安华里第二幼儿园",
        "osm_id": 1118773576,
        "osm_type": "way"
      },
      "type": "Feature"
    },
    {
      "geometry": {
        "coordinates": [
          [
            [
              116.389881,
              39.9722
            ],
            [
              116.389903,
              39.971722
            ],
            [
              116.389211,
              39.971704
            ],
            [
              116.389189,
              39.972182
            ],
            [
              116.389881,
              39.9722
            ]
          ]
        ],
        "type": "Polygon"
      },
      "id": "OSM-WAY-1118773589-DAILY_LIFE",
      "properties": {
        "amenity": "kindergarten",
        "evidence_status": "contextual",
        "id": "OSM-WAY-1118773589-DAILY_LIFE",
        "layer": "daily_life",
        "name": "安贞街道中心幼儿园",
        "osm_id": 1118773589,
        "osm_type": "way"
      },
      "type": "Feature"
    },
    {
      "geometry": {
        "coordinates": [
          [
            [
              116.392711,
              39.969423
            ],
            [
              116.393891,
              39.969434
            ],
            [
              116.393906,
              39.969052
            ],
            [
              116.394025,
              39.969052
            ],
            [
              116.394033,
              39.968556
            ],
            [
              116.392745,
              39.968527
            ],
            [
              116.392711,
              39.969423
            ]
          ]
        ],
        "type": "Polygon"
      },
      "id": "OSM-WAY-1119480029-DAILY_LIFE",
      "properties": {
        "amenity": "school",
        "evidence_status": "contextual",
        "id": "OSM-WAY-1119480029-DAILY_LIFE",
        "layer": "daily_life",
        "name": "北京BISS国际学校",
        "osm_id": 1119480029,
        "osm_type": "way"
      },
      "type": "Feature"
    },
    {
      "geometry": {
        "coordinates": [
          [
            [
              116.305591,
              40.048933
            ],
            [
              116.304976,
              40.048634
            ],
            [
              116.305157,
              40.048395
            ],
            [
              116.305405,
              40.048509
            ],
            [
              116.305565,
              40.048313
            ],
            [
              116.305948,
              40.048472
            ],
            [
              116.305591,
              40.048933
            ]
          ]
        ],
        "type": "Polygon"
      },
      "id": "OSM-WAY-1127819758-DAILY_LIFE",
      "properties": {
        "amenity": "kindergarten",
        "evidence_status": "contextual",
        "id": "OSM-WAY-1127819758-DAILY_LIFE",
        "layer": "daily_life",
        "name": "美和园幼儿园智学苑分园",
        "osm_id": 1127819758,
        "osm_type": "way"
      },
      "type": "Feature"
    },
    {
      "geometry": {
        "coordinates": [
          [
            [
              116.300238,
              39.967103
            ],
            [
              116.300368,
              39.966634
            ],
            [
              116.299811,
              39.966554
            ],
            [
              116.299815,
              39.966468
            ],
            [
              116.299239,
              39.966472
            ],
            [
              116.299246,
              39.966662
            ],
            [
              116.299382,
              39.966677
            ],
            [
              116.299358,
              39.966828
            ],
            [
              116.299683,
              39.966887
            ],
            [
              116.299646,
              39.967027
            ],
            [
              116.300238,
              39.967103
            ]
          ]
        ],
        "type": "Polygon"
      },
      "id": "OSM-WAY-1141821283-DAILY_LIFE",
      "properties": {
        "amenity": "school",
        "evidence_status": "contextual",
        "id": "OSM-WAY-1141821283-DAILY_LIFE",
        "layer": "daily_life",
        "name": "北京市海淀区万泉小学（小南庄校区）",
        "osm_id": 1141821283,
        "osm_type": "way"
      },
      "type": "Feature"
    },
    {
      "geometry": {
        "coordinates": [
          [
            [
              116.315923,
              39.947296
            ],
            [
              116.315866,
              39.94765
            ],
            [
              116.316186,
              39.947673
            ],
            [
              116.317078,
              39.947756
            ],
            [
              116.317096,
              39.947643
            ],
            [
              116.317139,
              39.947395
            ],
            [
              116.315923,
              39.947296
            ]
          ]
        ],
        "type": "Polygon"
      },
      "id": "OSM-WAY-1146998612-DAILY_LIFE",
      "properties": {
        "amenity": "school",
        "evidence_status": "contextual",
        "id": "OSM-WAY-1146998612-DAILY_LIFE",
        "layer": "daily_life",
        "name": "中央民族大学附属中学（初中部）",
        "osm_id": 1146998612,
        "osm_type": "way"
      },
      "type": "Feature"
    },
    {
      "geometry": {
        "coordinates": [
          [
            [
              116.309718,
              39.943258
            ],
            [
              116.309881,
              39.942536
            ],
            [
              116.310268,
              39.942587
            ],
            [
              116.310162,
              39.943057
            ],
            [
              116.310087,
              39.943047
            ],
            [
              116.31003,
              39.9433
            ],
            [
              116.309718,
              39.943258
            ]
          ]
        ],
        "type": "Polygon"
      },
      "id": "OSM-WAY-1150121760-DAILY_LIFE",
      "properties": {
        "amenity": "place_of_worship",
        "evidence_status": "contextual",
        "id": "OSM-WAY-1150121760-DAILY_LIFE",
        "landuse": "religious",
        "layer": "daily_life",
        "name": "紫竹禅院",
        "name:en": "Zizhu Zen Monastery",
        "name:zh": "紫竹禅院",
        "osm_id": 1150121760,
        "osm_type": "way"
      },
      "type": "Feature"
    },
    {
      "geometry": {
        "coordinates": [
          [
            [
              116.304545,
              39.946739
            ],
            [
              116.30456,
              39.946292
            ],
            [
              116.304874,
              39.946298
            ],
            [
              116.304949,
              39.946387
            ],
            [
              116.305007,
              39.946437
            ],
            [
              116.305107,
              39.946518
            ],
            [
              116.3051,
              39.94675
            ],
            [
              116.304545,
              39.946739
            ]
          ]
        ],
        "type": "Polygon"
      },
      "id": "OSM-WAY-1150121762-DAILY_LIFE",
      "properties": {
        "amenity": "theatre",
        "building": "yes",
        "evidence_status": "contextual",
        "id": "OSM-WAY-1150121762-DAILY_LIFE",
        "layer": "daily_life",
        "name": "八一剧场",
        "osm_id": 1150121762,
        "osm_type": "way"
      },
      "type": "Feature"
    },
    {
      "geometry": {
        "coordinates": [
          [
            [
              116.300231,
              39.994687
            ],
            [
              116.300232,
              39.99463
            ],
            [
              116.300342,
              39.99463
            ],
            [
              116.300339,
              39.994688
            ],
            [
              116.300231,
              39.994687
            ]
          ]
        ],
        "type": "Polygon"
      },
      "id": "OSM-WAY-1157945330-DAILY_LIFE",
      "properties": {
        "amenity": "toilets",
        "building": "yes",
        "evidence_status": "contextual",
        "id": "OSM-WAY-1157945330-DAILY_LIFE",
        "layer": "daily_life",
        "osm_id": 1157945330,
        "osm_type": "way"
      },
      "type": "Feature"
    },
    {
      "geometry": {
        "coordinates": [
          [
            [
              116.344453,
              39.968361
            ],
            [
              116.344563,
              39.968364
            ],
            [
              116.344564,
              39.968328
            ],
            [
              116.344826,
              39.968331
            ],
            [
              116.344827,
              39.968143
            ],
            [
              116.344453,
              39.968137
            ],
            [
              116.344453,
              39.968361
            ]
          ]
        ],
        "type": "Polygon"
      },
      "id": "OSM-WAY-1167966750-DAILY_LIFE",
      "properties": {
        "amenity": "kindergarten",
        "evidence_status": "contextual",
        "id": "OSM-WAY-1167966750-DAILY_LIFE",
        "layer": "daily_life",
        "name": "蓟门里幼儿园",
        "osm_id": 1167966750,
        "osm_type": "way"
      },
      "type": "Feature"
    },
    {
      "geometry": {
        "coordinates": [
          [
            [
              116.388171,
              40.003772
            ],
            [
              116.388127,
              40.003663
            ],
            [
              116.388161,
              40.003655
            ],
            [
              116.388205,
              40.003764
            ],
            [
              116.388171,
              40.003772
            ]
          ]
        ],
        "type": "Polygon"
      },
      "id": "OSM-WAY-1168481797-DAILY_LIFE",
      "properties": {
        "amenity": "toilets",
        "building": "yes",
        "evidence_status": "contextual",
        "id": "OSM-WAY-1168481797-DAILY_LIFE",
        "layer": "daily_life",
        "osm_id": 1168481797,
        "osm_type": "way"
      },
      "type": "Feature"
    },
    {
      "geometry": {
        "coordinates": [
          [
            [
              116.363837,
              40.030314
            ],
            [
              116.364138,
              40.029831
            ],
            [
              116.364396,
              40.029336
            ],
            [
              116.363837,
              40.029206
            ],
            [
              116.363023,
              40.029049
            ],
            [
              116.362956,
              40.029642
            ],
            [
              116.363009,
              40.030173
            ],
            [
              116.363837,
              40.030314
            ]
          ]
        ],
        "type": "Polygon"
      },
      "id": "OSM-WAY-1181356959-DAILY_LIFE",
      "properties": {
        "amenity": "school",
        "evidence_status": "contextual",
        "id": "OSM-WAY-1181356959-DAILY_LIFE",
        "layer": "daily_life",
        "name": "燕京神学院",
        "osm_id": 1181356959,
        "osm_type": "way"
      },
      "type": "Feature"
    },
    {
      "geometry": {
        "coordinates": [
          [
            [
              116.332521,
              39.986732
            ],
            [
              116.332525,
              39.986677
            ],
            [
              116.332557,
              39.986275
            ],
            [
              116.332908,
              39.986306
            ],
            [
              116.333032,
              39.986281
            ],
            [
              116.333414,
              39.98633
            ],
            [
              116.333598,
              39.986354
            ],
            [
              116.333539,
              39.98718
            ],
            [
              116.332923,
              39.987049
            ],
            [
              116.332982,
              39.9869
            ],
            [
              116.332521,
              39.986732
            ]
          ]
        ],
        "type": "Polygon"
      },
      "id": "OSM-WAY-1190564325-DAILY_LIFE",
      "properties": {
        "amenity": "kindergarten",
        "evidence_status": "contextual",
        "id": "OSM-WAY-1190564325-DAILY_LIFE",
        "layer": "daily_life",
        "name": "博雅学园幼儿园",
        "osm_id": 1190564325,
        "osm_type": "way"
      },
      "type": "Feature"
    },
    {
      "geometry": {
        "coordinates": [
          [
            [
              116.344922,
              40.002443
            ],
            [
              116.34493,
              40.002266
            ],
            [
              116.345045,
              40.002269
            ],
            [
              116.345059,
              40.001966
            ],
            [
              116.345498,
              40.001978
            ],
            [
              116.345476,
              40.002458
            ],
            [
              116.344922,
              40.002443
            ]
          ]
        ],
        "type": "Polygon"
      },
      "id": "OSM-WAY-1192949960-DAILY_LIFE",
      "properties": {
        "amenity": "kindergarten",
        "evidence_status": "contextual",
        "id": "OSM-WAY-1192949960-DAILY_LIFE",
        "layer": "daily_life",
        "name": "未来之星实验幼儿园",
        "osm_id": 1192949960,
        "osm_type": "way"
      },
      "type": "Feature"
    },
    {
      "geometry": {
        "coordinates": [
          [
            [
              116.369767,
              40.038894
            ],
            [
              116.369683,
              40.038855
            ],
            [
              116.369612,
              40.038751
            ],
            [
              116.369632,
              40.038646
            ],
            [
              116.369704,
              40.038576
            ],
            [
              116.369851,
              40.038565
            ],
            [
              116.369981,
              40.038595
            ],
            [
              116.370057,
              40.038685
            ],
            [
              116.370079,
              40.038763
            ],
            [
              116.370038,
              40.038834
            ],
            [
              116.369989,
              40.038867
            ],
            [
              116.369879,
              40.038895
            ],
            [
              116.369767,
              40.038894
            ]
          ]
        ],
        "type": "Polygon"
      },
      "id": "OSM-WAY-1206744343-DAILY_LIFE",
      "properties": {
        "amenity": "theatre",
        "evidence_status": "contextual",
        "id": "OSM-WAY-1206744343-DAILY_LIFE",
        "layer": "daily_life",
        "osm_id": 1206744343,
        "osm_type": "way"
      },
      "type": "Feature"
    },
    {
      "geometry": {
        "coordinates": [
          [
            [
              116.318129,
              40.049545
            ],
            [
              116.317815,
              40.049558
            ],
            [
              116.317494,
              40.049306
            ],
            [
              116.317295,
              40.049212
            ],
            [
              116.317039,
              40.049022
            ],
            [
              116.317014,
              40.048801
            ],
            [
              116.317775,
              40.047964
            ],
            [
              116.318978,
              40.048593
            ],
            [
              116.318129,
              40.049545
            ]
          ]
        ],
        "type": "Polygon"
      },
      "id": "OSM-WAY-1271085295-DAILY_LIFE",
      "properties": {
        "amenity": "school",
        "evidence_status": "contextual",
        "id": "OSM-WAY-1271085295-DAILY_LIFE",
        "layer": "daily_life",
        "name": "海淀第二实验小学安宁分校",
        "osm_id": 1271085295,
        "osm_type": "way"
      },
      "type": "Feature"
    },
    {
      "geometry": {
        "coordinates": [
          [
            [
              116.35533,
              39.956402
            ],
            [
              116.35944,
              39.956382
            ],
            [
              116.359431,
              39.955739
            ],
            [
              116.358678,
              39.955244
            ],
            [
              116.357443,
              39.954493
            ],
            [
              116.357306,
              39.954493
            ],
            [
              116.357292,
              39.954642
            ],
            [
              116.356735,
              39.954632
            ],
            [
              116.356726,
              39.954828
            ],
            [
              116.356063,
              39.954907
            ],
            [
              116.355427,
              39.9549
            ],
            [
              116.35533,
              39.956402
            ]
          ]
        ],
        "type": "Polygon"
      },
      "id": "OSM-WAY-1275481734-DAILY_LIFE",
      "properties": {
        "amenity": "university",
        "evidence_status": "contextual",
        "id": "OSM-WAY-1275481734-DAILY_LIFE",
        "layer": "daily_life",
        "name": "北京师范大学",
        "name:en": "Beijing Normal University",
        "osm_id": 1275481734,
        "osm_type": "way"
      },
      "type": "Feature"
    },
    {
      "geometry": {
        "coordinates": [
          [
            [
              116.304257,
              39.947459
            ],
            [
              116.30528,
              39.947521
            ],
            [
              116.305351,
              39.946837
            ],
            [
              116.304328,
              39.946774
            ],
            [
              116.304257,
              39.947459
            ]
          ]
        ],
        "type": "Polygon"
      },
      "id": "OSM-WAY-1280550099-DAILY_LIFE",
      "properties": {
        "amenity": "theatre",
        "building": "yes",
        "evidence_status": "contextual",
        "id": "OSM-WAY-1280550099-DAILY_LIFE",
        "layer": "daily_life",
        "name": "中国剧院",
        "osm_id": 1280550099,
        "osm_type": "way"
      },
      "type": "Feature"
    },
    {
      "geometry": {
        "coordinates": [
          [
            [
              116.374294,
              39.99495
            ],
            [
              116.374903,
              39.994934
            ],
            [
              116.374934,
              39.995629
            ],
            [
              116.374325,
              39.995645
            ],
            [
              116.374294,
              39.99495
            ]
          ]
        ],
        "type": "Polygon"
      },
      "id": "OSM-WAY-1295150823-DAILY_LIFE",
      "properties": {
        "amenity": "kindergarten",
        "evidence_status": "contextual",
        "id": "OSM-WAY-1295150823-DAILY_LIFE",
        "layer": "daily_life",
        "name": "栅栏幼儿园",
        "osm_id": 1295150823,
        "osm_type": "way"
      },
      "type": "Feature"
    },
    {
      "geometry": {
        "coordinates": [
          [
            [
              116.316578,
              39.939924
            ],
            [
              116.316525,
              39.93987
            ],
            [
              116.31662,
              39.939818
            ],
            [
              116.316671,
              39.93987
            ],
            [
              116.316578,
              39.939924
            ]
          ]
        ],
        "type": "Polygon"
      },
      "id": "OSM-WAY-1303222096-DAILY_LIFE",
      "properties": {
        "amenity": "toilets",
        "building": "yes",
        "evidence_status": "contextual",
        "id": "OSM-WAY-1303222096-DAILY_LIFE",
        "layer": "daily_life",
        "osm_id": 1303222096,
        "osm_type": "way"
      },
      "type": "Feature"
    },
    {
      "geometry": {
        "coordinates": [
          [
            [
              116.331622,
              39.967086
            ],
            [
              116.331629,
              39.967007
            ],
            [
              116.331569,
              39.967004
            ],
            [
              116.331562,
              39.967083
            ],
            [
              116.331622,
              39.967086
            ]
          ]
        ],
        "type": "Polygon"
      },
      "id": "OSM-WAY-1303228707-DAILY_LIFE",
      "properties": {
        "amenity": "toilets",
        "building": "yes",
        "evidence_status": "contextual",
        "id": "OSM-WAY-1303228707-DAILY_LIFE",
        "layer": "daily_life",
        "osm_id": 1303228707,
        "osm_type": "way"
      },
      "type": "Feature"
    },
    {
      "geometry": {
        "coordinates": [
          [
            [
              116.361684,
              39.961564
            ],
            [
              116.361719,
              39.961568
            ],
            [
              116.361728,
              39.96149
            ],
            [
              116.36169,
              39.961488
            ],
            [
              116.361687,
              39.961525
            ],
            [
              116.361687,
              39.961532
            ],
            [
              116.361684,
              39.961564
            ]
          ]
        ],
        "type": "Polygon"
      },
      "id": "OSM-WAY-1319138774-DAILY_LIFE",
      "properties": {
        "access": "permissive",
        "amenity": "toilets",
        "evidence_status": "contextual",
        "id": "OSM-WAY-1319138774-DAILY_LIFE",
        "layer": "daily_life",
        "operator": "学校",
        "osm_id": 1319138774,
        "osm_type": "way",
        "wheelchair": "no"
      },
      "type": "Feature"
    },
    {
      "geometry": {
        "coordinates": [
          [
            [
              116.329016,
              39.935112
            ],
            [
              116.329092,
              39.934706
            ],
            [
              116.329775,
              39.93469
            ],
            [
              116.329783,
              39.93448
            ],
            [
              116.330766,
              39.93451
            ],
            [
              116.330774,
              39.935357
            ],
            [
              116.329016,
              39.935112
            ]
          ]
        ],
        "type": "Polygon"
      },
      "id": "OSM-WAY-1326247552-DAILY_LIFE",
      "properties": {
        "amenity": "school",
        "evidence_status": "contextual",
        "id": "OSM-WAY-1326247552-DAILY_LIFE",
        "layer": "daily_life",
        "name": "北京第56中学",
        "osm_id": 1326247552,
        "osm_type": "way"
      },
      "type": "Feature"
    },
    {
      "geometry": {
        "coordinates": [
          [
            [
              116.343334,
              39.935414
            ],
            [
              116.343346,
              39.934454
            ],
            [
              116.344422,
              39.934439
            ],
            [
              116.34443,
              39.934812
            ],
            [
              116.344487,
              39.934812
            ],
            [
              116.344996,
              39.934815
            ],
            [
              116.345013,
              39.935613
            ],
            [
              116.344716,
              39.935507
            ],
            [
              116.343334,
              39.935414
            ]
          ]
        ],
        "type": "Polygon"
      },
      "id": "OSM-WAY-1326247559-DAILY_LIFE",
      "properties": {
        "amenity": "school",
        "evidence_status": "contextual",
        "id": "OSM-WAY-1326247559-DAILY_LIFE",
        "layer": "daily_life",
        "name": "北京西城外国语学校",
        "osm_id": 1326247559,
        "osm_type": "way"
      },
      "type": "Feature"
    },
    {
      "geometry": {
        "coordinates": [
          [
            [
              116.352379,
              39.937973
            ],
            [
              116.352298,
              39.93898
            ],
            [
              116.351274,
              39.938945
            ],
            [
              116.351319,
              39.937947
            ],
            [
              116.352379,
              39.937973
            ]
          ]
        ],
        "type": "Polygon"
      },
      "id": "OSM-WAY-1326247568-DAILY_LIFE",
      "properties": {
        "amenity": "fire_station",
        "evidence_status": "contextual",
        "id": "OSM-WAY-1326247568-DAILY_LIFE",
        "layer": "daily_life",
        "name": "北京市消防救援总队",
        "osm_id": 1326247568,
        "osm_type": "way"
      },
      "type": "Feature"
    },
    {
      "geometry": {
        "coordinates": [
          [
            [
              116.300462,
              39.985179
            ],
            [
              116.300368,
              39.986401
            ],
            [
              116.299497,
              39.98639
            ],
            [
              116.298463,
              39.993154
            ],
            [
              116.298597,
              39.993159
            ],
            [
              116.298592,
              39.993392
            ],
            [
              116.298473,
              39.993389
            ],
            [
              116.298458,
              39.993956
            ],
            [
              116.298426,
              39.994801
            ],
            [
              116.298391,
              39.995855
            ],
            [
              116.300849,
              39.996191
            ],
            [
              116.301162,
              39.99625
            ],
            [
              116.301333,
              39.996336
            ],
            [
              116.301588,
              39.996563
            ],
            [
              116.301895,
              39.996854
            ],
            [
              116.302443,
              39.997374
            ],
            [
              116.302805,
              39.997569
            ],
            [
              116.303256,
              39.997757
            ],
            [
              116.303812,
              39.997874
            ],
            [
              116.30538,
              39.998203
            ],
            [
              116.305676,
              39.998235
            ],
            [
              116.305829,
              39.998237
            ],
            [
              116.305998,
              39.99824
            ],
            [
              116.30621,
              39.997035
            ],
            [
              116.306715,
              39.997083
            ],
            [
              116.306937,
              39.995764
            ],
            [
              116.308936,
              39.995902
            ],
            [
              116.30914,
              39.992911
            ],
            [
              116.309314,
              39.990732
            ],
            [
              116.309295,
              39.990696
            ],
            [
              116.30946,
              39.988865
            ],
            [
              116.309437,
              39.988797
            ],
            [
              116.30947,
              39.988722
            ],
            [
              116.309524,
              39.987995
            ],
            [
              116.309504,
              39.987924
            ],
            [
              116.309524,
              39.987835
            ],
            [
              116.309583,
              39.98686
            ],
            [
              116.309555,
              39.986768
            ],
            [
              116.309589,
              39.986694
            ],
            [
              116.309588,
              39.986459
            ],
            [
              116.309584,
              39.986087
            ],
            [
              116.309352,
              39.985716
            ],
            [
              116.309361,
              39.985331
            ],
            [
              116.308563,
              39.985315
            ],
            [
              116.305457,
              39.98527
            ],
            [
              116.300462,
              39.985179
            ]
          ]
        ],
        "type": "Polygon"
      },
      "id": "OSM-WAY-1330709889-DAILY_LIFE",
      "properties": {
        "amenity": "university",
        "evidence_status": "contextual",
        "id": "OSM-WAY-1330709889-DAILY_LIFE",
        "layer": "daily_life",
        "name": "北京大学",
        "name:en": "Peking University",
        "name:zh": "北京大学",
        "opening_hours": "24/7",
        "osm_id": 1330709889,
        "osm_type": "way"
      },
      "type": "Feature"
    },
    {
      "geometry": {
        "coordinates": [
          [
            [
              116.316853,
              39.996147
            ],
            [
              116.316901,
              39.995483
            ],
            [
              116.317909,
              39.995542
            ],
            [
              116.317762,
              39.996203
            ],
            [
              116.316853,
              39.996147
            ]
          ]
        ],
        "type": "Polygon"
      },
      "id": "OSM-WAY-1348056236-DAILY_LIFE",
      "properties": {
        "amenity": "social_facility",
        "evidence_status": "contextual",
        "id": "OSM-WAY-1348056236-DAILY_LIFE",
        "layer": "daily_life",
        "name": "老年活动中心和离退休处",
        "osm_id": 1348056236,
        "osm_type": "way"
      },
      "type": "Feature"
    },
    {
      "geometry": {
        "coordinates": [
          [
            [
              116.318429,
              40.016524
            ],
            [
              116.318414,
              40.016451
            ],
            [
              116.318636,
              40.016426
            ],
            [
              116.31865,
              40.016504
            ],
            [
              116.318429,
              40.016524
            ]
          ]
        ],
        "type": "Polygon"
      },
      "id": "OSM-WAY-1349017262-DAILY_LIFE",
      "properties": {
        "amenity": "toilets",
        "building": "yes",
        "evidence_status": "contextual",
        "id": "OSM-WAY-1349017262-DAILY_LIFE",
        "layer": "daily_life",
        "osm_id": 1349017262,
        "osm_type": "way"
      },
      "type": "Feature"
    },
    {
      "geometry": {
        "coordinates": [
          [
            [
              116.333875,
              40.016387
            ],
            [
              116.333893,
              40.016349
            ],
            [
              116.333985,
              40.016374
            ],
            [
              116.333966,
              40.016413
            ],
            [
              116.333875,
              40.016387
            ]
          ]
        ],
        "type": "Polygon"
      },
      "id": "OSM-WAY-1360117752-DAILY_LIFE",
      "properties": {
        "amenity": "toilets",
        "building": "yes",
        "evidence_status": "contextual",
        "id": "OSM-WAY-1360117752-DAILY_LIFE",
        "layer": "daily_life",
        "osm_id": 1360117752,
        "osm_type": "way"
      },
      "type": "Feature"
    },
    {
      "geometry": {
        "coordinates": [
          [
            [
              116.332977,
              40.019957
            ],
            [
              116.332994,
              40.019893
            ],
            [
              116.333076,
              40.019904
            ],
            [
              116.333058,
              40.019967
            ],
            [
              116.332977,
              40.019957
            ]
          ]
        ],
        "type": "Polygon"
      },
      "id": "OSM-WAY-1360117755-DAILY_LIFE",
      "properties": {
        "amenity": "toilets",
        "building": "yes",
        "evidence_status": "contextual",
        "id": "OSM-WAY-1360117755-DAILY_LIFE",
        "layer": "daily_life",
        "osm_id": 1360117755,
        "osm_type": "way"
      },
      "type": "Feature"
    },
    {
      "geometry": {
        "coordinates": [
          [
            [
              116.353204,
              39.960188
            ],
            [
              116.353207,
              39.96009
            ],
            [
              116.353244,
              39.960091
            ],
            [
              116.353526,
              39.960096
            ],
            [
              116.353526,
              39.960104
            ],
            [
              116.353523,
              39.960193
            ],
            [
              116.353204,
              39.960188
            ]
          ]
        ],
        "type": "Polygon"
      },
      "id": "OSM-WAY-1375595587-DAILY_LIFE",
      "properties": {
        "amenity": "toilets",
        "building": "yes",
        "evidence_status": "contextual",
        "id": "OSM-WAY-1375595587-DAILY_LIFE",
        "layer": "daily_life",
        "osm_id": 1375595587,
        "osm_type": "way"
      },
      "type": "Feature"
    },
    {
      "geometry": {
        "coordinates": [
          [
            [
              116.360179,
              39.962061
            ],
            [
              116.360349,
              39.962067
            ],
            [
              116.360343,
              39.962157
            ],
            [
              116.360499,
              39.962163
            ],
            [
              116.360502,
              39.962114
            ],
            [
              116.360574,
              39.962117
            ],
            [
              116.360646,
              39.96212
            ],
            [
              116.360643,
              39.962172
            ],
            [
              116.36079,
              39.962177
            ],
            [
              116.360795,
              39.962097
            ],
            [
              116.360939,
              39.962102
            ],
            [
              116.360928,
              39.962286
            ],
            [
              116.360654,
              39.962276
            ],
            [
              116.360652,
              39.962307
            ],
            [
              116.360469,
              39.9623
            ],
            [
              116.360471,
              39.962265
            ],
            [
              116.360167,
              39.962255
            ],
            [
              116.360179,
              39.962061
            ]
          ]
        ],
        "type": "Polygon"
      },
      "id": "OSM-WAY-1377379920-DAILY_LIFE",
      "properties": {
        "amenity": "hospital",
        "evidence_status": "contextual",
        "id": "OSM-WAY-1377379920-DAILY_LIFE",
        "layer": "daily_life",
        "osm_id": 1377379920,
        "osm_type": "way"
      },
      "type": "Feature"
    },
    {
      "geometry": {
        "coordinates": [
          [
            [
              116.360986,
              39.962192
            ],
            [
              116.361482,
              39.962215
            ],
            [
              116.36149,
              39.96212
            ],
            [
              116.361236,
              39.962108
            ],
            [
              116.360992,
              39.962096
            ],
            [
              116.360986,
              39.962192
            ]
          ]
        ],
        "type": "Polygon"
      },
      "id": "OSM-WAY-1386554255-DAILY_LIFE",
      "properties": {
        "amenity": "hospital",
        "evidence_status": "contextual",
        "id": "OSM-WAY-1386554255-DAILY_LIFE",
        "layer": "daily_life",
        "osm_id": 1386554255,
        "osm_type": "way"
      },
      "type": "Feature"
    },
    {
      "geometry": {
        "coordinates": [
          [
            [
              116.36136,
              39.962052
            ],
            [
              116.361502,
              39.962061
            ],
            [
              116.361521,
              39.961847
            ],
            [
              116.361383,
              39.961839
            ],
            [
              116.36136,
              39.962052
            ]
          ]
        ],
        "type": "Polygon"
      },
      "id": "OSM-WAY-1386554256-DAILY_LIFE",
      "properties": {
        "amenity": "hospital",
        "evidence_status": "contextual",
        "id": "OSM-WAY-1386554256-DAILY_LIFE",
        "layer": "daily_life",
        "osm_id": 1386554256,
        "osm_type": "way"
      },
      "type": "Feature"
    },
    {
      "geometry": {
        "coordinates": [
          [
            [
              116.349976,
              39.974153
            ],
            [
              116.350092,
              39.97416
            ],
            [
              116.350099,
              39.974104
            ],
            [
              116.349982,
              39.974097
            ],
            [
              116.349976,
              39.974153
            ]
          ]
        ],
        "type": "Polygon"
      },
      "id": "OSM-WAY-1387177904-DAILY_LIFE",
      "properties": {
        "amenity": "toilets",
        "building": "yes",
        "evidence_status": "contextual",
        "id": "OSM-WAY-1387177904-DAILY_LIFE",
        "layer": "daily_life",
        "osm_id": 1387177904,
        "osm_type": "way"
      },
      "type": "Feature"
    },
    {
      "geometry": {
        "coordinates": [
          [
            [
              116.359759,
              39.963277
            ],
            [
              116.35991,
              39.963283
            ],
            [
              116.359928,
              39.963025
            ],
            [
              116.359715,
              39.963016
            ],
            [
              116.359701,
              39.963231
            ],
            [
              116.359762,
              39.963234
            ],
            [
              116.359759,
              39.963277
            ]
          ]
        ],
        "type": "Polygon"
      },
      "id": "OSM-WAY-1387671090-DAILY_LIFE",
      "properties": {
        "amenity": "community_centre",
        "building": "yes",
        "evidence_status": "contextual",
        "id": "OSM-WAY-1387671090-DAILY_LIFE",
        "layer": "daily_life",
        "osm_id": 1387671090,
        "osm_type": "way"
      },
      "type": "Feature"
    },
    {
      "geometry": {
        "coordinates": [
          [
            [
              116.331942,
              40.012696
            ],
            [
              116.332035,
              40.012702
            ],
            [
              116.332043,
              40.012628
            ],
            [
              116.33195,
              40.012622
            ],
            [
              116.331942,
              40.012696
            ]
          ]
        ],
        "type": "Polygon"
      },
      "id": "OSM-WAY-1388213567-DAILY_LIFE",
      "properties": {
        "access": "yes",
        "amenity": "toilets",
        "building": "yes",
        "evidence_status": "contextual",
        "id": "OSM-WAY-1388213567-DAILY_LIFE",
        "layer": "daily_life",
        "osm_id": 1388213567,
        "osm_type": "way"
      },
      "type": "Feature"
    },
    {
      "geometry": {
        "coordinates": [
          [
            [
              116.35527,
              40.004718
            ],
            [
              116.356835,
              40.005395
            ],
            [
              116.357423,
              40.004649
            ],
            [
              116.356094,
              40.004042
            ],
            [
              116.355909,
              40.004058
            ],
            [
              116.35527,
              40.004718
            ]
          ]
        ],
        "type": "Polygon"
      },
      "id": "OSM-WAY-1393226242-DAILY_LIFE",
      "properties": {
        "amenity": "school",
        "evidence_status": "contextual",
        "id": "OSM-WAY-1393226242-DAILY_LIFE",
        "layer": "daily_life",
        "name": "北京石油学院附属小学(月华分校)",
        "osm_id": 1393226242,
        "osm_type": "way"
      },
      "type": "Feature"
    },
    {
      "geometry": {
        "coordinates": [
          [
            [
              116.346121,
              40.019095
            ],
            [
              116.347874,
              40.019256
            ],
            [
              116.348083,
              40.018058
            ],
            [
              116.347999,
              40.017899
            ],
            [
              116.346745,
              40.017655
            ],
            [
              116.346102,
              40.018579
            ],
            [
              116.346121,
              40.019095
            ]
          ]
        ],
        "type": "Polygon"
      },
      "id": "OSM-WAY-1393838292-DAILY_LIFE",
      "properties": {
        "amenity": "police",
        "evidence_status": "contextual",
        "id": "OSM-WAY-1393838292-DAILY_LIFE",
        "layer": "daily_life",
        "name": "北京市公安局西城分局警犬队",
        "osm_id": 1393838292,
        "osm_type": "way"
      },
      "type": "Feature"
    },
    {
      "geometry": {
        "coordinates": [
          [
            [
              116.357082,
              39.990923
            ],
            [
              116.357096,
              39.990273
            ],
            [
              116.358849,
              39.990338
            ],
            [
              116.358807,
              39.991225
            ],
            [
              116.358655,
              39.991225
            ],
            [
              116.358024,
              39.991213
            ],
            [
              116.358033,
              39.990941
            ],
            [
              116.357082,
              39.990923
            ]
          ]
        ],
        "type": "Polygon"
      },
      "id": "OSM-WAY-1411802902-DAILY_LIFE",
      "properties": {
        "amenity": "school",
        "evidence_status": "contextual",
        "id": "OSM-WAY-1411802902-DAILY_LIFE",
        "layer": "daily_life",
        "name": "北京科技大学附属小学",
        "osm_id": 1411802902,
        "osm_type": "way"
      },
      "type": "Feature"
    },
    {
      "geometry": {
        "coordinates": [
          [
            [
              116.301771,
              39.984955
            ],
            [
              116.301959,
              39.984959
            ],
            [
              116.301961,
              39.98489
            ],
            [
              116.301773,
              39.984886
            ],
            [
              116.301771,
              39.984955
            ]
          ]
        ],
        "type": "Polygon"
      },
      "id": "OSM-WAY-1419539434-DAILY_LIFE",
      "properties": {
        "amenity": "toilets",
        "building": "yes",
        "evidence_status": "contextual",
        "id": "OSM-WAY-1419539434-DAILY_LIFE",
        "layer": "daily_life",
        "osm_id": 1419539434,
        "osm_type": "way"
      },
      "type": "Feature"
    },
    {
      "geometry": {
        "coordinates": [
          [
            [
              116.363166,
              39.938333
            ],
            [
              116.363471,
              39.938325
            ],
            [
              116.363465,
              39.937995
            ],
            [
              116.363159,
              39.937994
            ],
            [
              116.363166,
              39.938333
            ]
          ]
        ],
        "type": "Polygon"
      },
      "id": "OSM-WAY-1423025967-DAILY_LIFE",
      "properties": {
        "amenity": "library",
        "building": "yes",
        "evidence_status": "contextual",
        "id": "OSM-WAY-1423025967-DAILY_LIFE",
        "layer": "daily_life",
        "name": "鲁迅书院",
        "osm_id": 1423025967,
        "osm_type": "way"
      },
      "type": "Feature"
    },
    {
      "geometry": {
        "coordinates": [
          [
            [
              116.374472,
              39.999428
            ],
            [
              116.374492,
              39.999604
            ],
            [
              116.3744,
              39.999607
            ],
            [
              116.374396,
              39.999427
            ],
            [
              116.374394,
              39.999367
            ],
            [
              116.374387,
              39.998891
            ],
            [
              116.374389,
              39.998818
            ],
            [
              116.374469,
              39.998849
            ],
            [
              116.374585,
              39.998887
            ],
            [
              116.374651,
              39.998909
            ],
            [
              116.374753,
              39.998948
            ],
            [
              116.374808,
              39.998973
            ],
            [
              116.374866,
              39.998993
            ],
            [
              116.374904,
              39.999014
            ],
            [
              116.374955,
              39.999032
            ],
            [
              116.374898,
              39.99914
            ],
            [
              116.374879,
              39.99913
            ],
            [
              116.374822,
              39.999112
            ],
            [
              116.374763,
              39.999104
            ],
            [
              116.374715,
              39.999102
            ],
            [
              116.374674,
              39.999104
            ],
            [
              116.374677,
              39.999151
            ],
            [
              116.37463,
              39.999159
            ],
            [
              116.374588,
              39.999172
            ],
            [
              116.374556,
              39.999189
            ],
            [
              116.374579,
              39.999221
            ],
            [
              116.374551,
              39.99924
            ],
            [
              116.374532,
              39.999263
            ],
            [
              116.374519,
              39.999296
            ],
            [
              116.374538,
              39.999304
            ],
            [
              116.37453,
              39.999323
            ],
            [
              116.374529,
              39.999334
            ],
            [
              116.374472,
              39.999332
            ],
            [
              116.374472,
              39.999428
            ]
          ]
        ],
        "type": "Polygon"
      },
      "id": "OSM-WAY-1423791717-DAILY_LIFE",
      "properties": {
        "amenity": "kindergarten",
        "evidence_status": "contextual",
        "id": "OSM-WAY-1423791717-DAILY_LIFE",
        "layer": "daily_life",
        "name": "海嘉实验幼儿园",
        "osm_id": 1423791717,
        "osm_type": "way"
      },
      "type": "Feature"
    },
    {
      "geometry": {
        "coordinates": [
          [
            [
              116.343224,
              39.962718
            ],
            [
              116.343226,
              39.962653
            ],
            [
              116.343348,
              39.96256
            ],
            [
              116.343669,
              39.962563
            ],
            [
              116.343666,
              39.962722
            ],
            [
              116.343224,
              39.962718
            ]
          ]
        ],
        "type": "Polygon"
      },
      "id": "OSM-WAY-1424647752-DAILY_LIFE",
      "properties": {
        "amenity": "hospital",
        "evidence_status": "contextual",
        "id": "OSM-WAY-1424647752-DAILY_LIFE",
        "layer": "daily_life",
        "name": "校医院",
        "osm_id": 1424647752,
        "osm_type": "way"
      },
      "type": "Feature"
    },
    {
      "geometry": {
        "coordinates": [
          [
            [
              116.331297,
              39.997078
            ],
            [
              116.331302,
              39.996947
            ],
            [
              116.331373,
              39.996949
            ],
            [
              116.331368,
              39.997079
            ],
            [
              116.331297,
              39.997078
            ]
          ]
        ],
        "type": "Polygon"
      },
      "id": "OSM-WAY-1424918575-DAILY_LIFE",
      "properties": {
        "amenity": "toilets",
        "building": "yes",
        "evidence_status": "contextual",
        "id": "OSM-WAY-1424918575-DAILY_LIFE",
        "layer": "daily_life",
        "osm_id": 1424918575,
        "osm_type": "way"
      },
      "type": "Feature"
    },
    {
      "geometry": {
        "coordinates": [
          [
            [
              116.340282,
              40.002029
            ],
            [
              116.340283,
              40.002087
            ],
            [
              116.340221,
              40.002088
            ],
            [
              116.340227,
              40.002458
            ],
            [
              116.340657,
              40.002461
            ],
            [
              116.340655,
              40.002536
            ],
            [
              116.340859,
              40.002538
            ],
            [
              116.340862,
              40.002457
            ],
            [
              116.34136,
              40.002465
            ],
            [
              116.341369,
              40.002133
            ],
            [
              116.341251,
              40.002127
            ],
            [
              116.341253,
              40.002042
            ],
            [
              116.340282,
              40.002029
            ]
          ]
        ],
        "type": "Polygon"
      },
      "id": "OSM-WAY-142604101-DAILY_LIFE",
      "properties": {
        "amenity": "library",
        "building": "yes",
        "evidence_status": "contextual",
        "id": "OSM-WAY-142604101-DAILY_LIFE",
        "layer": "daily_life",
        "name": "林业大学图书馆",
        "opening_hours": "6：00-22：30",
        "osm_id": 142604101,
        "osm_type": "way"
      },
      "type": "Feature"
    },
    {
      "geometry": {
        "coordinates": [
          [
            [
              116.365187,
              39.939352
            ],
            [
              116.365104,
              39.940404
            ],
            [
              116.366002,
              39.940421
            ],
            [
              116.365947,
              39.940864
            ],
            [
              116.364187,
              39.940878
            ],
            [
              116.364175,
              39.940157
            ],
            [
              116.363662,
              39.940211
            ],
            [
              116.36377,
              39.940889
            ],
            [
              116.363058,
              39.940899
            ],
            [
              116.362978,
              39.940626
            ],
            [
              116.362709,
              39.939738
            ],
            [
              116.363209,
              39.939726
            ],
            [
              116.363183,
              39.939307
            ],
            [
              116.365187,
              39.939352
            ]
          ]
        ],
        "type": "Polygon"
      },
      "id": "OSM-WAY-1426327177-DAILY_LIFE",
      "properties": {
        "amenity": "school",
        "evidence_status": "contextual",
        "id": "OSM-WAY-1426327177-DAILY_LIFE",
        "layer": "daily_life",
        "name": "北京四中（道元校区）",
        "osm_id": 1426327177,
        "osm_type": "way"
      },
      "type": "Feature"
    },
    {
      "geometry": {
        "coordinates": [
          [
            [
              116.375227,
              40.006439
            ],
            [
              116.375214,
              40.006457
            ],
            [
              116.375203,
              40.006485
            ],
            [
              116.37522,
              40.006508
            ],
            [
              116.375234,
              40.006526
            ],
            [
              116.375281,
              40.006543
            ],
            [
              116.375301,
              40.006562
            ],
            [
              116.375321,
              40.00659
            ],
            [
              116.375331,
              40.006641
            ],
            [
              116.375348,
              40.006658
            ],
            [
              116.375353,
              40.00669
            ],
            [
              116.375367,
              40.006726
            ],
            [
              116.375408,
              40.006745
            ],
            [
              116.375472,
              40.006753
            ],
            [
              116.375549,
              40.006759
            ],
            [
              116.375626,
              40.006753
            ],
            [
              116.375698,
              40.00673
            ],
            [
              116.375744,
              40.006711
            ],
            [
              116.375781,
              40.006718
            ],
            [
              116.375833,
              40.006718
            ],
            [
              116.375878,
              40.006703
            ],
            [
              116.375902,
              40.006667
            ],
            [
              116.375897,
              40.006635
            ],
            [
              116.375882,
              40.006622
            ],
            [
              116.375911,
              40.00661
            ],
            [
              116.375961,
              40.00659
            ],
            [
              116.37595,
              40.00652
            ],
            [
              116.375945,
              40.006468
            ],
            [
              116.375938,
              40.006397
            ],
            [
              116.375253,
              40.006404
            ],
            [
              116.375245,
              40.006404
            ],
            [
              116.375227,
              40.006439
            ]
          ]
        ],
        "type": "Polygon"
      },
      "id": "OSM-WAY-1466419406-DAILY_LIFE",
      "properties": {
        "amenity": "kindergarten",
        "evidence_status": "contextual",
        "id": "OSM-WAY-1466419406-DAILY_LIFE",
        "layer": "daily_life",
        "name": "伊顿国际双语幼儿园",
        "osm_id": 1466419406,
        "osm_type": "way"
      },
      "type": "Feature"
    },
    {
      "geometry": {
        "coordinates": [
          [
            [
              116.371308,
              40.010505
            ],
            [
              116.371323,
              40.01088
            ],
            [
              116.371923,
              40.01088
            ],
            [
              116.371923,
              40.010505
            ],
            [
              116.371308,
              40.010505
            ]
          ]
        ],
        "type": "Polygon"
      },
      "id": "OSM-WAY-1466476513-DAILY_LIFE",
      "properties": {
        "amenity": "theatre",
        "evidence_status": "contextual",
        "id": "OSM-WAY-1466476513-DAILY_LIFE",
        "layer": "daily_life",
        "osm_id": 1466476513,
        "osm_type": "way"
      },
      "type": "Feature"
    },
    {
      "geometry": {
        "coordinates": [
          [
            [
              116.376361,
              39.984856
            ],
            [
              116.37714,
              39.984867
            ],
            [
              116.378033,
              39.984368
            ],
            [
              116.376987,
              39.983605
            ],
            [
              116.3764,
              39.983598
            ],
            [
              116.376404,
              39.984314
            ],
            [
              116.375983,
              39.984314
            ],
            [
              116.375993,
              39.984074
            ],
            [
              116.37543,
              39.984073
            ],
            [
              116.375433,
              39.984209
            ],
            [
              116.375072,
              39.984204
            ],
            [
              116.375073,
              39.984858
            ],
            [
              116.376361,
              39.984856
            ]
          ]
        ],
        "type": "Polygon"
      },
      "id": "OSM-WAY-1470445560-DAILY_LIFE",
      "properties": {
        "alt_name": "华严里小学",
        "amenity": "school",
        "evidence_status": "contextual",
        "id": "OSM-WAY-1470445560-DAILY_LIFE",
        "layer": "daily_life",
        "name": "中国科学院附属实验学校（华严北里校区）",
        "osm_id": 1470445560,
        "osm_type": "way"
      },
      "type": "Feature"
    },
    {
      "geometry": {
        "coordinates": [
          [
            [
              116.330238,
              40.015565
            ],
            [
              116.330254,
              40.015509
            ],
            [
              116.33035,
              40.01552
            ],
            [
              116.330333,
              40.015576
            ],
            [
              116.330238,
              40.015565
            ]
          ]
        ],
        "type": "Polygon"
      },
      "id": "OSM-WAY-1472905109-DAILY_LIFE",
      "properties": {
        "access": "yes",
        "amenity": "toilets",
        "building": "yes",
        "evidence_status": "contextual",
        "id": "OSM-WAY-1472905109-DAILY_LIFE",
        "layer": "daily_life",
        "osm_id": 1472905109,
        "osm_type": "way"
      },
      "type": "Feature"
    },
    {
      "geometry": {
        "coordinates": [
          [
            [
              116.38625,
              39.989304
            ],
            [
              116.386311,
              39.989306
            ],
            [
              116.386314,
              39.989252
            ],
            [
              116.386386,
              39.989254
            ],
            [
              116.386389,
              39.989192
            ],
            [
              116.386256,
              39.989188
            ],
            [
              116.38625,
              39.989304
            ]
          ]
        ],
        "type": "Polygon"
      },
      "id": "OSM-WAY-1474345126-DAILY_LIFE",
      "properties": {
        "access": "yes",
        "amenity": "toilets",
        "building": "yes",
        "evidence_status": "contextual",
        "id": "OSM-WAY-1474345126-DAILY_LIFE",
        "layer": "daily_life",
        "osm_id": 1474345126,
        "osm_type": "way"
      },
      "type": "Feature"
    },
    {
      "geometry": {
        "coordinates": [
          [
            [
              116.38627,
              39.989071
            ],
            [
              116.386406,
              39.989076
            ],
            [
              116.386414,
              39.988966
            ],
            [
              116.386356,
              39.988963
            ],
            [
              116.386353,
              39.989015
            ],
            [
              116.386274,
              39.989012
            ],
            [
              116.38627,
              39.989071
            ]
          ]
        ],
        "type": "Polygon"
      },
      "id": "OSM-WAY-1474345127-DAILY_LIFE",
      "properties": {
        "access": "yes",
        "amenity": "toilets",
        "building": "yes",
        "evidence_status": "contextual",
        "id": "OSM-WAY-1474345127-DAILY_LIFE",
        "layer": "daily_life",
        "osm_id": 1474345127,
        "osm_type": "way"
      },
      "type": "Feature"
    },
    {
      "geometry": {
        "coordinates": [
          [
            [
              116.335376,
              39.992875
            ],
            [
              116.335388,
              39.992499
            ],
            [
              116.335392,
              39.992381
            ],
            [
              116.335856,
              39.992386
            ],
            [
              116.33607,
              39.992386
            ],
            [
              116.336048,
              39.992671
            ],
            [
              116.335869,
              39.992661
            ],
            [
              116.335841,
              39.992683
            ],
            [
              116.335807,
              39.99271
            ],
            [
              116.335678,
              39.992708
            ],
            [
              116.33567,
              39.992884
            ],
            [
              116.335376,
              39.992875
            ]
          ]
        ],
        "type": "Polygon"
      },
      "id": "OSM-WAY-1478721552-DAILY_LIFE",
      "properties": {
        "amenity": "kindergarten",
        "evidence_status": "contextual",
        "id": "OSM-WAY-1478721552-DAILY_LIFE",
        "layer": "daily_life",
        "name": "北京语言大学幼儿园",
        "osm_id": 1478721552,
        "osm_type": "way"
      },
      "type": "Feature"
    },
    {
      "geometry": {
        "coordinates": [
          [
            [
              116.393266,
              39.987727
            ],
            [
              116.393376,
              39.987729
            ],
            [
              116.393386,
              39.987422
            ],
            [
              116.392984,
              39.987414
            ],
            [
              116.392978,
              39.987598
            ],
            [
              116.39327,
              39.987604
            ],
            [
              116.393266,
              39.987727
            ]
          ]
        ],
        "type": "Polygon"
      },
      "id": "OSM-WAY-1488546446-DAILY_LIFE",
      "properties": {
        "amenity": "police",
        "building": "yes",
        "evidence_status": "contextual",
        "id": "OSM-WAY-1488546446-DAILY_LIFE",
        "layer": "daily_life",
        "name": "奥林匹克公园派出所",
        "osm_id": 1488546446,
        "osm_type": "way"
      },
      "type": "Feature"
    },
    {
      "geometry": {
        "coordinates": [
          [
            [
              116.315798,
              40.020319
            ],
            [
              116.315866,
              40.020321
            ],
            [
              116.315895,
              40.020152
            ],
            [
              116.315814,
              40.020148
            ],
            [
              116.315798,
              40.020319
            ]
          ]
        ],
        "type": "Polygon"
      },
      "id": "OSM-WAY-1489331315-DAILY_LIFE",
      "properties": {
        "amenity": "post_office",
        "building": "yes",
        "evidence_status": "contextual",
        "id": "OSM-WAY-1489331315-DAILY_LIFE",
        "layer": "daily_life",
        "name": "中国邮政（已停业）",
        "osm_id": 1489331315,
        "osm_type": "way"
      },
      "type": "Feature"
    },
    {
      "geometry": {
        "coordinates": [
          [
            [
              116.374576,
              39.996428
            ],
            [
              116.374575,
              39.996499
            ],
            [
              116.374571,
              39.996628
            ],
            [
              116.375142,
              39.996641
            ],
            [
              116.375147,
              39.996512
            ],
            [
              116.375148,
              39.996477
            ],
            [
              116.374931,
              39.996468
            ],
            [
              116.374844,
              39.996462
            ],
            [
              116.37476,
              39.996453
            ],
            [
              116.374669,
              39.99644
            ],
            [
              116.374576,
              39.996428
            ]
          ]
        ],
        "type": "Polygon"
      },
      "id": "OSM-WAY-1531139569-DAILY_LIFE",
      "properties": {
        "amenity": "kindergarten",
        "evidence_status": "contextual",
        "id": "OSM-WAY-1531139569-DAILY_LIFE",
        "layer": "daily_life",
        "name": "中国科学院第五幼儿园",
        "osm_id": 1531139569,
        "osm_type": "way"
      },
      "type": "Feature"
    },
    {
      "geometry": {
        "coordinates": [
          [
            [
              116.369788,
              39.995612
            ],
            [
              116.369831,
              39.995644
            ],
            [
              116.369806,
              39.995652
            ],
            [
              116.369494,
              39.995603
            ],
            [
              116.369476,
              39.995567
            ],
            [
              116.369488,
              39.995539
            ],
            [
              116.369522,
              39.995452
            ],
            [
              116.369062,
              39.995346
            ],
            [
              116.369015,
              39.995327
            ],
            [
              116.369268,
              39.994816
            ],
            [
              116.369339,
              39.99476
            ],
            [
              116.369388,
              39.994666
            ],
            [
              116.370061,
              39.994835
            ],
            [
              116.370159,
              39.994852
            ],
            [
              116.370279,
              39.99493
            ],
            [
              116.370248,
              39.995184
            ],
            [
              116.370078,
              39.995327
            ],
            [
              116.369985,
              39.995332
            ],
            [
              116.369788,
              39.995612
            ]
          ]
        ],
        "type": "Polygon"
      },
      "id": "OSM-WAY-1531139643-DAILY_LIFE",
      "properties": {
        "alt_name": "南沙滩小学",
        "amenity": "school",
        "evidence_status": "contextual",
        "id": "OSM-WAY-1531139643-DAILY_LIFE",
        "layer": "daily_life",
        "name": "中国科学院附属实验学校（南沙滩校区）",
        "name:zh": "中国科学院附属实验学校（南沙滩校区）",
        "osm_id": 1531139643,
        "osm_type": "way"
      },
      "type": "Feature"
    },
    {
      "geometry": {
        "coordinates": [
          [
            [
              116.378609,
              39.996565
            ],
            [
              116.378615,
              39.996616
            ],
            [
              116.378686,
              39.996915
            ],
            [
              116.378703,
              39.996926
            ],
            [
              116.378737,
              39.996937
            ],
            [
              116.37877,
              39.997002
            ],
            [
              116.379321,
              39.997018
            ],
            [
              116.379332,
              39.996575
            ],
            [
              116.378609,
              39.996565
            ]
          ]
        ],
        "type": "Polygon"
      },
      "id": "OSM-WAY-1531139674-DAILY_LIFE",
      "properties": {
        "amenity": "kindergarten",
        "evidence_status": "contextual",
        "id": "OSM-WAY-1531139674-DAILY_LIFE",
        "layer": "daily_life",
        "name": "中国科学院幼儿园",
        "name:zh": "中国科学院幼儿园",
        "osm_id": 1531139674,
        "osm_type": "way"
      },
      "type": "Feature"
    },
    {
      "geometry": {
        "coordinates": [
          [
            [
              116.374375,
              39.998126
            ],
            [
              116.374844,
              39.998148
            ],
            [
              116.37551,
              39.998222
            ],
            [
              116.375531,
              39.998224
            ],
            [
              116.375457,
              39.998415
            ],
            [
              116.375437,
              39.998627
            ],
            [
              116.375437,
              39.998915
            ],
            [
              116.375359,
              39.998963
            ],
            [
              116.37526,
              39.998986
            ],
            [
              116.375067,
              39.998991
            ],
            [
              116.374849,
              39.998914
            ],
            [
              116.374589,
              39.998814
            ],
            [
              116.374392,
              39.998763
            ],
            [
              116.374375,
              39.998126
            ]
          ]
        ],
        "type": "Polygon"
      },
      "id": "OSM-WAY-1531139678-DAILY_LIFE",
      "properties": {
        "amenity": "school",
        "evidence_status": "contextual",
        "id": "OSM-WAY-1531139678-DAILY_LIFE",
        "layer": "daily_life",
        "name": "北京市朝阳外国语学校小学部（风林校区）",
        "name:zh": "北京市朝阳外国语学校小学部（风林校区）",
        "osm_id": 1531139678,
        "osm_type": "way"
      },
      "type": "Feature"
    },
    {
      "geometry": {
        "coordinates": [
          [
            [
              116.369788,
              39.995612
            ],
            [
              116.369985,
              39.995332
            ],
            [
              116.370078,
              39.995327
            ],
            [
              116.370248,
              39.995184
            ],
            [
              116.370279,
              39.99493
            ],
            [
              116.370159,
              39.994852
            ],
            [
              116.37074,
              39.994903
            ],
            [
              116.371112,
              39.99493
            ],
            [
              116.371127,
              39.99482
            ],
            [
              116.371425,
              39.994825
            ],
            [
              116.371431,
              39.994901
            ],
            [
              116.371497,
              39.994943
            ],
            [
              116.371448,
              39.995743
            ],
            [
              116.371332,
              39.995736
            ],
            [
              116.371316,
              39.995764
            ],
            [
              116.370293,
              39.995684
            ],
            [
              116.369831,
              39.995644
            ],
            [
              116.369788,
              39.995612
            ]
          ]
        ],
        "type": "Polygon"
      },
      "id": "OSM-WAY-1531139707-DAILY_LIFE",
      "properties": {
        "amenity": "school",
        "evidence_status": "contextual",
        "id": "OSM-WAY-1531139707-DAILY_LIFE",
        "layer": "daily_life",
        "name": "中国科学院附属实验学校分校",
        "name:zh": "中国科学院附属实验学校分校",
        "osm_id": 1531139707,
        "osm_type": "way"
      },
      "type": "Feature"
    },
    {
      "geometry": {
        "coordinates": [
          [
            [
              116.378445,
              39.99603
            ],
            [
              116.378446,
              39.995905
            ],
            [
              116.378451,
              39.995182
            ],
            [
              116.379249,
              39.995198
            ],
            [
              116.379231,
              39.996048
            ],
            [
              116.378848,
              39.99604
            ],
            [
              116.378536,
              39.996032
            ],
            [
              116.378445,
              39.99603
            ]
          ]
        ],
        "type": "Polygon"
      },
      "id": "OSM-WAY-1531139749-DAILY_LIFE",
      "properties": {
        "alt_name": "科学园小学",
        "amenity": "school",
        "evidence_status": "contextual",
        "id": "OSM-WAY-1531139749-DAILY_LIFE",
        "layer": "daily_life",
        "name": "中国科学院附属实验学校（科学园校区）",
        "name:zh": "中国科学院附属实验学校（科学园校区）",
        "osm_id": 1531139749,
        "osm_type": "way"
      },
      "type": "Feature"
    },
    {
      "geometry": {
        "coordinates": [
          [
            [
              116.305681,
              40.017676
            ],
            [
              116.305705,
              40.017563
            ],
            [
              116.305788,
              40.017573
            ],
            [
              116.30578,
              40.017613
            ],
            [
              116.305916,
              40.01763
            ],
            [
              116.3059,
              40.017704
            ],
            [
              116.305681,
              40.017676
            ]
          ]
        ],
        "type": "Polygon"
      },
      "id": "OSM-WAY-1539021176-DAILY_LIFE",
      "properties": {
        "amenity": "toilets",
        "building": "yes",
        "evidence_status": "contextual",
        "id": "OSM-WAY-1539021176-DAILY_LIFE",
        "layer": "daily_life",
        "osm_id": 1539021176,
        "osm_type": "way"
      },
      "type": "Feature"
    },
    {
      "geometry": {
        "coordinates": [
          [
            [
              116.323192,
              40.000626
            ],
            [
              116.32306,
              40.000579
            ],
            [
              116.322958,
              40.000501
            ],
            [
              116.322905,
              40.00042
            ],
            [
              116.322894,
              40.000322
            ],
            [
              116.322918,
              40.000217
            ],
            [
              116.322993,
              40.000116
            ],
            [
              116.323095,
              40.000057
            ],
            [
              116.323229,
              40.000026
            ],
            [
              116.323374,
              40.000032
            ],
            [
              116.323374,
              39.999981
            ],
            [
              116.323779,
              39.999997
            ],
            [
              116.323771,
              40.00011
            ],
            [
              116.3239,
              40.000114
            ],
            [
              116.323865,
              40.000701
            ],
            [
              116.323331,
              40.000675
            ],
            [
              116.323331,
              40.000634
            ],
            [
              116.323192,
              40.000626
            ]
          ]
        ],
        "type": "Polygon"
      },
      "id": "OSM-WAY-158112141-DAILY_LIFE",
      "properties": {
        "amenity": "theatre",
        "building": "yes",
        "evidence_status": "contextual",
        "id": "OSM-WAY-158112141-DAILY_LIFE",
        "layer": "daily_life",
        "name": "新清华学堂",
        "name:en": "New Tsinghua Auditorium",
        "name:zh": "新清华学堂",
        "operator": "清华大学",
        "osm_id": 158112141,
        "osm_type": "way",
        "wheelchair": "yes"
      },
      "type": "Feature"
    },
    {
      "geometry": {
        "coordinates": [
          [
            [
              116.379175,
              39.934402
            ],
            [
              116.376949,
              39.934209
            ],
            [
              116.376638,
              39.934184
            ],
            [
              116.376464,
              39.935318
            ],
            [
              116.378148,
              39.935445
            ],
            [
              116.378073,
              39.935873
            ],
            [
              116.378464,
              39.935902
            ],
            [
              116.378534,
              39.935597
            ],
            [
              116.378557,
              39.935555
            ],
            [
              116.378686,
              39.935317
            ],
            [
              116.378946,
              39.934817
            ],
            [
              116.379175,
              39.934402
            ]
          ]
        ],
        "type": "Polygon"
      },
      "id": "OSM-WAY-162380529-DAILY_LIFE",
      "properties": {
        "alt_name": "辅仁大学本部旧址",
        "amenity": "college",
        "evidence_status": "contextual",
        "id": "OSM-WAY-162380529-DAILY_LIFE",
        "layer": "daily_life",
        "name": "北京师范大学继续教育与教师培训学院",
        "osm_id": 162380529,
        "osm_type": "way"
      },
      "type": "Feature"
    },
    {
      "geometry": {
        "coordinates": [
          [
            [
              116.364925,
              39.942918
            ],
            [
              116.364925,
              39.943096
            ],
            [
              116.365251,
              39.943096
            ],
            [
              116.36525,
              39.943263
            ],
            [
              116.365678,
              39.943264
            ],
            [
              116.365679,
              39.94292
            ],
            [
              116.364925,
              39.942918
            ]
          ]
        ],
        "type": "Polygon"
      },
      "id": "OSM-WAY-162982988-DAILY_LIFE",
      "properties": {
        "amenity": "pharmacy",
        "building": "yes",
        "evidence_status": "contextual",
        "id": "OSM-WAY-162982988-DAILY_LIFE",
        "layer": "daily_life",
        "name": "利君堂大药房新街口分店",
        "osm_id": 162982988,
        "osm_type": "way"
      },
      "type": "Feature"
    },
    {
      "geometry": {
        "coordinates": [
          [
            [
              116.366536,
              39.946375
            ],
            [
              116.3672,
              39.946486
            ],
            [
              116.367153,
              39.946616
            ],
            [
              116.367086,
              39.94661
            ],
            [
              116.367055,
              39.946786
            ],
            [
              116.366931,
              39.946766
            ],
            [
              116.36692,
              39.946833
            ],
            [
              116.366507,
              39.946784
            ],
            [
              116.366536,
              39.946375
            ]
          ]
        ],
        "type": "Polygon"
      },
      "id": "OSM-WAY-162983004-DAILY_LIFE",
      "properties": {
        "amenity": "theatre",
        "building": "yes",
        "evidence_status": "contextual",
        "id": "OSM-WAY-162983004-DAILY_LIFE",
        "layer": "daily_life",
        "name": "解放军歌剧院",
        "osm_id": 162983004,
        "osm_type": "way"
      },
      "type": "Feature"
    },
    {
      "geometry": {
        "coordinates": [
          [
            [
              116.361264,
              39.949411
            ],
            [
              116.361239,
              39.949489
            ],
            [
              116.361293,
              39.949499
            ],
            [
              116.361318,
              39.949421
            ],
            [
              116.361264,
              39.949411
            ]
          ]
        ],
        "type": "Polygon"
      },
      "id": "OSM-WAY-162987413-DAILY_LIFE",
      "properties": {
        "amenity": "toilets",
        "building": "yes",
        "evidence_status": "contextual",
        "id": "OSM-WAY-162987413-DAILY_LIFE",
        "layer": "daily_life",
        "name": "文慧园55号",
        "operator": "海淀环卫服务中心四队",
        "osm_id": 162987413,
        "osm_type": "way"
      },
      "type": "Feature"
    },
    {
      "geometry": {
        "coordinates": [
          [
            [
              116.327157,
              39.989331
            ],
            [
              116.327196,
              39.988422
            ],
            [
              116.328009,
              39.988447
            ],
            [
              116.327952,
              39.989491
            ],
            [
              116.328384,
              39.989504
            ],
            [
              116.328346,
              39.99021
            ],
            [
              116.327714,
              39.990198
            ],
            [
              116.327659,
              39.990197
            ],
            [
              116.327117,
              39.990187
            ],
            [
              116.327157,
              39.989331
            ]
          ]
        ],
        "type": "Polygon"
      },
      "id": "OSM-WAY-163825705-DAILY_LIFE",
      "properties": {
        "amenity": "school",
        "evidence_status": "contextual",
        "id": "OSM-WAY-163825705-DAILY_LIFE",
        "layer": "daily_life",
        "name": "海淀区中关村第二小学华清校区",
        "name:zh": "海淀区中关村第二小学华清校区",
        "osm_id": 163825705,
        "osm_type": "way"
      },
      "type": "Feature"
    },
    {
      "geometry": {
        "coordinates": [
          [
            [
              116.347842,
              40.002203
            ],
            [
              116.347864,
              40.001813
            ],
            [
              116.347976,
              40.001817
            ],
            [
              116.347961,
              40.002079
            ],
            [
              116.348398,
              40.002093
            ],
            [
              116.34839,
              40.002221
            ],
            [
              116.347842,
              40.002203
            ]
          ]
        ],
        "type": "Polygon"
      },
      "id": "OSM-WAY-167169164-DAILY_LIFE",
      "properties": {
        "alt_name": "校医院",
        "amenity": "hospital",
        "evidence_status": "contextual",
        "id": "OSM-WAY-167169164-DAILY_LIFE",
        "layer": "daily_life",
        "name": "中国农业大学东区社区卫生服务中心",
        "name:zh": "East Campus Community Health Service Center of China Agricultural University",
        "osm_id": 167169164,
        "osm_type": "way"
      },
      "type": "Feature"
    },
    {
      "geometry": {
        "coordinates": [
          [
            [
              116.346913,
              40.002353
            ],
            [
              116.346965,
              40.001721
            ],
            [
              116.347141,
              40.001726
            ],
            [
              116.34714,
              40.001684
            ],
            [
              116.347777,
              40.00168
            ],
            [
              116.347741,
              40.002623
            ],
            [
              116.346777,
              40.002581
            ],
            [
              116.346793,
              40.002346
            ],
            [
              116.346913,
              40.002353
            ]
          ]
        ],
        "type": "Polygon"
      },
      "id": "OSM-WAY-167304641-DAILY_LIFE",
      "properties": {
        "amenity": "school",
        "evidence_status": "contextual",
        "id": "OSM-WAY-167304641-DAILY_LIFE",
        "layer": "daily_life",
        "name": "中国农业大学附属实验小学",
        "name:zh": "中国农业大学附属实验小学",
        "osm_id": 167304641,
        "osm_type": "way"
      },
      "type": "Feature"
    },
    {
      "geometry": {
        "coordinates": [
          [
            [
              116.349968,
              40.005708
            ],
            [
              116.349971,
              40.005488
            ],
            [
              116.350248,
              40.005491
            ],
            [
              116.350251,
              40.005338
            ],
            [
              116.350057,
              40.005336
            ],
            [
              116.35006,
              40.005121
            ],
            [
              116.350275,
              40.005123
            ],
            [
              116.350277,
              40.00496
            ],
            [
              116.349993,
              40.004958
            ],
            [
              116.349997,
              40.004737
            ],
            [
              116.350527,
              40.004742
            ],
            [
              116.350512,
              40.005713
            ],
            [
              116.349968,
              40.005708
            ]
          ]
        ],
        "type": "Polygon"
      },
      "id": "OSM-WAY-169065601-DAILY_LIFE",
      "properties": {
        "amenity": "college",
        "building": "school",
        "evidence_status": "contextual",
        "id": "OSM-WAY-169065601-DAILY_LIFE",
        "layer": "daily_life",
        "name": "信息与电气工程学院",
        "name:en": "College of Information and Electric Engineering",
        "name:zh": "信息与电气工程学院",
        "osm_id": 169065601,
        "osm_type": "way"
      },
      "type": "Feature"
    },
    {
      "geometry": {
        "coordinates": [
          [
            [
              116.359696,
              39.938733
            ],
            [
              116.359837,
              39.938738
            ],
            [
              116.359852,
              39.938353
            ],
            [
              116.359817,
              39.938355
            ],
            [
              116.359819,
              39.938335
            ],
            [
              116.359776,
              39.938318
            ],
            [
              116.359736,
              39.938326
            ],
            [
              116.359736,
              39.938345
            ],
            [
              116.359704,
              39.938347
            ],
            [
              116.359696,
              39.938733
            ]
          ]
        ],
        "type": "Polygon"
      },
      "id": "OSM-WAY-170431450-DAILY_LIFE",
      "properties": {
        "amenity": "place_of_worship",
        "building": "yes",
        "evidence_status": "contextual",
        "id": "OSM-WAY-170431450-DAILY_LIFE",
        "layer": "daily_life",
        "name": "西直门天主堂 (西堂)",
        "name:en": "Our Lady of Mount Carmel (West Church",
        "name:zh": "西直门天主党 (西堂)",
        "osm_id": 170431450,
        "osm_type": "way"
      },
      "type": "Feature"
    },
    {
      "geometry": {
        "coordinates": [
          [
            [
              116.347938,
              39.963581
            ],
            [
              116.347935,
              39.963633
            ],
            [
              116.348011,
              39.963635
            ],
            [
              116.348013,
              39.963583
            ],
            [
              116.347938,
              39.963581
            ]
          ]
        ],
        "type": "Polygon"
      },
      "id": "OSM-WAY-170476565-DAILY_LIFE",
      "properties": {
        "amenity": "toilets",
        "building": "yes",
        "evidence_status": "contextual",
        "id": "OSM-WAY-170476565-DAILY_LIFE",
        "layer": "daily_life",
        "name": "西土城南(2)",
        "opening_hours": "Mo-Su 05:00-23:00; Apr-Oct Mo-Su 05:00-24:00",
        "operator": "海淀区环境卫生服务中心四队",
        "osm_id": 170476565,
        "osm_type": "way"
      },
      "type": "Feature"
    },
    {
      "geometry": {
        "coordinates": [
          [
            [
              116.307429,
              39.998916
            ],
            [
              116.307403,
              39.999068
            ],
            [
              116.307513,
              39.999079
            ],
            [
              116.307539,
              39.998928
            ],
            [
              116.307429,
              39.998916
            ]
          ]
        ],
        "type": "Polygon"
      },
      "id": "OSM-WAY-171504590-DAILY_LIFE",
      "properties": {
        "amenity": "toilets",
        "building": "yes",
        "evidence_status": "contextual",
        "id": "OSM-WAY-171504590-DAILY_LIFE",
        "layer": "daily_life",
        "name": "圆明园南门外",
        "opening_hours": "Mo-Su 05:00-23:00; Apr-Oct Mo-Su 05:00-24:00",
        "operator": "海淀区环境卫生服务中心四队",
        "osm_id": 171504590,
        "osm_type": "way"
      },
      "type": "Feature"
    },
    {
      "geometry": {
        "coordinates": [
          [
            [
              116.376244,
              39.967444
            ],
            [
              116.376288,
              39.967527
            ],
            [
              116.376402,
              39.967491
            ],
            [
              116.376358,
              39.967408
            ],
            [
              116.376313,
              39.967422
            ],
            [
              116.376244,
              39.967444
            ]
          ]
        ],
        "type": "Polygon"
      },
      "id": "OSM-WAY-172203895-DAILY_LIFE",
      "properties": {
        "amenity": "toilets",
        "building": "yes",
        "evidence_status": "contextual",
        "id": "OSM-WAY-172203895-DAILY_LIFE",
        "layer": "daily_life",
        "name": "马甸桥东北角",
        "opening_hours": "Mo-Su 05:00-23:00; Apr-Oct Mo-Su 05:00-24:00",
        "operator": "北京市西城区环境卫生服务中心",
        "osm_id": 172203895,
        "osm_type": "way",
        "wheelchair": "yes"
      },
      "type": "Feature"
    },
    {
      "geometry": {
        "coordinates": [
          [
            [
              116.378976,
              39.944445
            ],
            [
              116.380144,
              39.944436
            ],
            [
              116.380168,
              39.945357
            ],
            [
              116.380181,
              39.946628
            ],
            [
              116.379,
              39.946616
            ],
            [
              116.378973,
              39.94655
            ],
            [
              116.378973,
              39.944629
            ],
            [
              116.378976,
              39.944445
            ]
          ]
        ],
        "type": "Polygon"
      },
      "id": "OSM-WAY-187248303-DAILY_LIFE",
      "properties": {
        "amenity": "place_of_worship",
        "evidence_status": "contextual",
        "id": "OSM-WAY-187248303-DAILY_LIFE",
        "layer": "daily_life",
        "name": "关岳庙",
        "name:en": "Guan-Yue Temple",
        "name:zh": "关岳庙",
        "osm_id": 187248303,
        "osm_type": "way"
      },
      "type": "Feature"
    },
    {
      "geometry": {
        "coordinates": [
          [
            [
              116.380168,
              39.945357
            ],
            [
              116.380718,
              39.945333
            ],
            [
              116.38089,
              39.945329
            ],
            [
              116.380973,
              39.94533
            ],
            [
              116.381737,
              39.945304
            ],
            [
              116.381777,
              39.94662
            ],
            [
              116.380181,
              39.946628
            ],
            [
              116.380168,
              39.945357
            ]
          ]
        ],
        "type": "Polygon"
      },
      "id": "OSM-WAY-187248305-DAILY_LIFE",
      "properties": {
        "access": "no",
        "amenity": "place_of_worship",
        "evidence_status": "contextual",
        "id": "OSM-WAY-187248305-DAILY_LIFE",
        "layer": "daily_life",
        "name": "拈花寺",
        "name:en": "Nianhua Temple",
        "osm_id": 187248305,
        "osm_type": "way"
      },
      "type": "Feature"
    },
    {
      "geometry": {
        "coordinates": [
          [
            [
              116.33697,
              39.950691
            ],
            [
              116.336986,
              39.95058
            ],
            [
              116.337361,
              39.95042
            ],
            [
              116.337447,
              39.950432
            ],
            [
              116.337494,
              39.950493
            ],
            [
              116.337576,
              39.950461
            ],
            [
              116.337687,
              39.950481
            ],
            [
              116.337748,
              39.950547
            ],
            [
              116.337719,
              39.950633
            ],
            [
              116.337624,
              39.950679
            ],
            [
              116.337687,
              39.950727
            ],
            [
              116.33766,
              39.95083
            ],
            [
              116.337592,
              39.950868
            ],
            [
              116.337517,
              39.950864
            ],
            [
              116.337414,
              39.950908
            ],
            [
              116.337383,
              39.950966
            ],
            [
              116.337313,
              39.951003
            ],
            [
              116.3372,
              39.950987
            ],
            [
              116.337147,
              39.950938
            ],
            [
              116.337088,
              39.950971
            ],
            [
              116.336959,
              39.950954
            ],
            [
              116.3369,
              39.95088
            ],
            [
              116.336921,
              39.950781
            ],
            [
              116.337023,
              39.950753
            ],
            [
              116.33697,
              39.950691
            ]
          ]
        ],
        "type": "Polygon"
      },
      "id": "OSM-WAY-188600671-DAILY_LIFE",
      "properties": {
        "amenity": "library",
        "building": "yes",
        "evidence_status": "contextual",
        "id": "OSM-WAY-188600671-DAILY_LIFE",
        "layer": "daily_life",
        "name": "图书馆",
        "name:zh": "图书馆",
        "osm_id": 188600671,
        "osm_type": "way"
      },
      "type": "Feature"
    },
    {
      "geometry": {
        "coordinates": [
          [
            [
              116.337159,
              39.979464
            ],
            [
              116.337167,
              39.979311
            ],
            [
              116.337381,
              39.979318
            ],
            [
              116.33739,
              39.979155
            ],
            [
              116.337178,
              39.979148
            ],
            [
              116.337186,
              39.978994
            ],
            [
              116.337904,
              39.979016
            ],
            [
              116.337896,
              39.979173
            ],
            [
              116.33764,
              39.979165
            ],
            [
              116.337631,
              39.979335
            ],
            [
              116.337879,
              39.979342
            ],
            [
              116.337871,
              39.979486
            ],
            [
              116.337512,
              39.979475
            ],
            [
              116.337159,
              39.979464
            ]
          ]
        ],
        "type": "Polygon"
      },
      "id": "OSM-WAY-190427034-DAILY_LIFE",
      "properties": {
        "amenity": "hospital",
        "building": "yes",
        "evidence_status": "contextual",
        "id": "OSM-WAY-190427034-DAILY_LIFE",
        "layer": "daily_life",
        "name": "北航校医院",
        "name:en": "Beihang Hospital",
        "osm_id": 190427034,
        "osm_type": "way"
      },
      "type": "Feature"
    },
    {
      "geometry": {
        "coordinates": [
          [
            [
              116.301164,
              39.98184
            ],
            [
              116.301219,
              39.981667
            ],
            [
              116.301317,
              39.981659
            ],
            [
              116.30143,
              39.981686
            ],
            [
              116.301559,
              39.981652
            ],
            [
              116.301638,
              39.981763
            ],
            [
              116.301717,
              39.981875
            ],
            [
              116.301623,
              39.982031
            ],
            [
              116.301577,
              39.982017
            ],
            [
              116.301526,
              39.982104
            ],
            [
              116.301382,
              39.982004
            ],
            [
              116.301247,
              39.981971
            ],
            [
              116.301164,
              39.98184
            ]
          ]
        ],
        "type": "Polygon"
      },
      "id": "OSM-WAY-208170381-DAILY_LIFE",
      "properties": {
        "amenity": "place_of_worship",
        "building": "yes",
        "evidence_status": "contextual",
        "id": "OSM-WAY-208170381-DAILY_LIFE",
        "layer": "daily_life",
        "name": "海淀基督教堂",
        "name:en": "Haidian Christian Church",
        "name:zh": "海淀基督教堂",
        "osm_id": 208170381,
        "osm_type": "way"
      },
      "type": "Feature"
    },
    {
      "geometry": {
        "coordinates": [
          [
            [
              116.319411,
              39.996553
            ],
            [
              116.319601,
              39.995702
            ],
            [
              116.319968,
              39.995762
            ],
            [
              116.320217,
              39.994738
            ],
            [
              116.321241,
              39.994886
            ],
            [
              116.320995,
              39.996411
            ],
            [
              116.32042,
              39.996355
            ],
            [
              116.320339,
              39.996662
            ],
            [
              116.319411,
              39.996553
            ]
          ]
        ],
        "type": "Polygon"
      },
      "id": "OSM-WAY-226628792-DAILY_LIFE",
      "properties": {
        "amenity": "kindergarten",
        "evidence_status": "contextual",
        "id": "OSM-WAY-226628792-DAILY_LIFE",
        "layer": "daily_life",
        "name": "清华大学洁华幼儿园",
        "name:en": "Tsinghua University Jiehua Kindergarten",
        "name:zh": "清华大学洁华幼儿园",
        "operator": "清华大学",
        "osm_id": 226628792,
        "osm_type": "way",
        "wheelchair": "yes"
      },
      "type": "Feature"
    },
    {
      "geometry": {
        "coordinates": [
          [
            [
              116.316961,
              39.996136
            ],
            [
              116.316981,
              39.995899
            ],
            [
              116.317427,
              39.995922
            ],
            [
              116.317442,
              39.995745
            ],
            [
              116.317784,
              39.995762
            ],
            [
              116.317748,
              39.996176
            ],
            [
              116.316961,
              39.996136
            ]
          ]
        ],
        "type": "Polygon"
      },
      "id": "OSM-WAY-226632802-DAILY_LIFE",
      "properties": {
        "amenity": "social_facility",
        "building": "yes",
        "evidence_status": "contextual",
        "id": "OSM-WAY-226632802-DAILY_LIFE",
        "layer": "daily_life",
        "name": "熊知行楼",
        "name:zh": "熊知行楼",
        "operator": "清华大学",
        "osm_id": 226632802,
        "osm_type": "way",
        "wheelchair": "yes"
      },
      "type": "Feature"
    },
    {
      "geometry": {
        "coordinates": [
          [
            [
              116.314754,
              40.001561
            ],
            [
              116.314763,
              40.001406
            ],
            [
              116.315195,
              40.00142
            ],
            [
              116.315186,
              40.001576
            ],
            [
              116.314754,
              40.001561
            ]
          ]
        ],
        "type": "Polygon"
      },
      "id": "OSM-WAY-226666911-DAILY_LIFE",
      "properties": {
        "amenity": "community_centre",
        "building": "yes",
        "evidence_status": "contextual",
        "id": "OSM-WAY-226666911-DAILY_LIFE",
        "layer": "daily_life",
        "name": "工会俱乐部",
        "name:zh": "工会俱乐部",
        "operator": "清华大学",
        "osm_id": 226666911,
        "osm_type": "way",
        "wheelchair": "yes"
      },
      "type": "Feature"
    },
    {
      "geometry": {
        "coordinates": [
          [
            [
              116.315742,
              39.994153
            ],
            [
              116.315801,
              39.993595
            ],
            [
              116.315815,
              39.993447
            ],
            [
              116.3162,
              39.993469
            ],
            [
              116.31621,
              39.993429
            ],
            [
              116.316726,
              39.993451
            ],
            [
              116.316734,
              39.993335
            ],
            [
              116.317807,
              39.993375
            ],
            [
              116.317715,
              39.994389
            ],
            [
              116.317739,
              39.994454
            ],
            [
              116.317776,
              39.994455
            ],
            [
              116.318057,
              39.994466
            ],
            [
              116.317933,
              39.995504
            ],
            [
              116.316812,
              39.995447
            ],
            [
              116.316114,
              39.995414
            ],
            [
              116.316144,
              39.995041
            ],
            [
              116.316204,
              39.994281
            ],
            [
              116.316211,
              39.994194
            ],
            [
              116.315742,
              39.994153
            ]
          ]
        ],
        "type": "Polygon"
      },
      "id": "OSM-WAY-226670880-DAILY_LIFE",
      "properties": {
        "amenity": "school",
        "evidence_status": "contextual",
        "id": "OSM-WAY-226670880-DAILY_LIFE",
        "layer": "daily_life",
        "name": "清华大学附属小学",
        "name:zh": "清华大学附属小学",
        "operator": "清华大学",
        "osm_id": 226670880,
        "osm_type": "way",
        "wheelchair": "yes"
      },
      "type": "Feature"
    },
    {
      "geometry": {
        "coordinates": [
          [
            [
              116.320567,
              40.000446
            ],
            [
              116.320577,
              40.000326
            ],
            [
              116.321506,
              40.000372
            ],
            [
              116.321496,
              40.000492
            ],
            [
              116.320567,
              40.000446
            ]
          ]
        ],
        "type": "Polygon"
      },
      "id": "OSM-WAY-226670893-DAILY_LIFE",
      "properties": {
        "amenity": "police",
        "building": "yes",
        "evidence_status": "contextual",
        "id": "OSM-WAY-226670893-DAILY_LIFE",
        "layer": "daily_life",
        "name": "保卫处派出所",
        "name:en": "Security Department",
        "name:zh": "保卫处派出所",
        "operator": "清华大学",
        "osm_id": 226670893,
        "osm_type": "way",
        "wheelchair": "yes"
      },
      "type": "Feature"
    },
    {
      "geometry": {
        "coordinates": [
          [
            [
              116.322186,
              40.000773
            ],
            [
              116.322194,
              40.000676
            ],
            [
              116.322133,
              40.000673
            ],
            [
              116.322147,
              40.000508
            ],
            [
              116.322204,
              40.000511
            ],
            [
              116.32221,
              40.000444
            ],
            [
              116.322606,
              40.000463
            ],
            [
              116.322591,
              40.00064
            ],
            [
              116.322579,
              40.000792
            ],
            [
              116.322186,
              40.000773
            ]
          ]
        ],
        "type": "Polygon"
      },
      "id": "OSM-WAY-226671400-DAILY_LIFE",
      "properties": {
        "amenity": "theatre",
        "building": "yes",
        "evidence_status": "contextual",
        "id": "OSM-WAY-226671400-DAILY_LIFE",
        "layer": "daily_life",
        "name": "蒙民伟音乐厅",
        "name:en": "Mong Man-wai Concert Hall",
        "name:zh": "蒙民伟音乐厅",
        "operator": "清华大学",
        "osm_id": 226671400,
        "osm_type": "way",
        "wheelchair": "yes"
      },
      "type": "Feature"
    },
    {
      "geometry": {
        "coordinates": [
          [
            [
              116.321886,
              40.00319
            ],
            [
              116.3219,
              40.002988
            ],
            [
              116.32201,
              40.003065
            ],
            [
              116.321961,
              40.002991
            ],
            [
              116.321943,
              40.002905
            ],
            [
              116.321971,
              40.002818
            ],
            [
              116.322027,
              40.002744
            ],
            [
              116.32212,
              40.002699
            ],
            [
              116.322227,
              40.002685
            ],
            [
              116.32233,
              40.002689
            ],
            [
              116.32244,
              40.002725
            ],
            [
              116.32251,
              40.002791
            ],
            [
              116.32255,
              40.002864
            ],
            [
              116.322556,
              40.00294
            ],
            [
              116.322534,
              40.003015
            ],
            [
              116.32308,
              40.003029
            ],
            [
              116.323068,
              40.003224
            ],
            [
              116.322245,
              40.003201
            ],
            [
              116.321886,
              40.00319
            ]
          ]
        ],
        "type": "Polygon"
      },
      "id": "OSM-WAY-226671429-DAILY_LIFE",
      "properties": {
        "amenity": "library",
        "building": "yes",
        "evidence_status": "contextual",
        "id": "OSM-WAY-226671429-DAILY_LIFE",
        "layer": "daily_life",
        "name": "人文社科图书馆（凯风楼）",
        "name:en": "Humanities and Social Sciences Library (Kaifeng Building)",
        "name:zh": "人文社科图书馆（凯风楼）",
        "operator": "清华大学",
        "osm_id": 226671429,
        "osm_type": "way",
        "wheelchair": "yes"
      },
      "type": "Feature"
    },
    {
      "geometry": {
        "coordinates": [
          [
            [
              116.384749,
              39.964068
            ],
            [
              116.384758,
              39.963927
            ],
            [
              116.384765,
              39.963786
            ],
            [
              116.384715,
              39.963778
            ],
            [
              116.384654,
              39.963741
            ],
            [
              116.384661,
              39.963703
            ],
            [
              116.384679,
              39.963494
            ],
            [
              116.384687,
              39.963395
            ],
            [
              116.384687,
              39.963292
            ],
            [
              116.384688,
              39.963258
            ],
            [
              116.384697,
              39.963154
            ],
            [
              116.384705,
              39.963053
            ],
            [
              116.384712,
              39.962988
            ],
            [
              116.384722,
              39.962885
            ],
            [
              116.384737,
              39.962726
            ],
            [
              116.384672,
              39.962721
            ],
            [
              116.384673,
              39.962661
            ],
            [
              116.384736,
              39.962664
            ],
            [
              116.384742,
              39.962559
            ],
            [
              116.384751,
              39.962465
            ],
            [
              116.384765,
              39.96233
            ],
            [
              116.38474,
              39.962184
            ],
            [
              116.384746,
              39.962099
            ],
            [
              116.384757,
              39.961953
            ],
            [
              116.384763,
              39.961865
            ],
            [
              116.384685,
              39.961862
            ],
            [
              116.384598,
              39.961856
            ],
            [
              116.384565,
              39.961853
            ],
            [
              116.384442,
              39.961843
            ],
            [
              116.384401,
              39.961873
            ],
            [
              116.384378,
              39.961872
            ],
            [
              116.384381,
              39.961841
            ],
            [
              116.384296,
              39.961838
            ],
            [
              116.384215,
              39.961834
            ],
            [
              116.384213,
              39.961863
            ],
            [
              116.384202,
              39.961862
            ],
            [
              116.38416,
              39.961821
            ],
            [
              116.384023,
              39.961815
            ],
            [
              116.384006,
              39.961815
            ],
            [
              116.383954,
              39.961813
            ],
            [
              116.383912,
              39.961812
            ],
            [
              116.383791,
              39.961807
            ],
            [
              116.38379,
              39.961894
            ],
            [
              116.383789,
              39.962036
            ],
            [
              116.383789,
              39.962116
            ],
            [
              116.383887,
              39.96212
            ],
            [
              116.383886,
              39.962143
            ],
            [
              116.383884,
              39.96216
            ],
            [
              116.383883,
              39.962178
            ],
            [
              116.383876,
              39.962326
            ],
            [
              116.383861,
              39.962325
            ],
            [
              116.383857,
              39.962369
            ],
            [
              116.383823,
              39.962695
            ],
            [
              116.383813,
              39.962788
            ],
            [
              116.383804,
              39.962863
            ],
            [
              116.383795,
              39.962962
            ],
            [
              116.383716,
              39.963532
            ],
            [
              116.383702,
              39.963639
            ],
            [
              116.383687,
              39.963745
            ],
            [
              116.383672,
              39.96385
            ],
            [
              116.38367,
              39.963863
            ],
            [
              116.383635,
              39.963862
            ],
            [
              116.383616,
              39.964033
            ],
            [
              116.383679,
              39.964038
            ],
            [
              116.383674,
              39.964072
            ],
            [
              116.383659,
              39.964194
            ],
            [
              116.383651,
              39.964261
            ],
            [
              116.383572,
              39.964821
            ],
            [
              116.383612,
              39.964843
            ],
            [
              116.383918,
              39.964879
            ],
            [
              116.383937,
              39.964888
            ],
            [
              116.383937,
              39.964921
            ],
            [
              116.384551,
              39.964928
            ],
            [
              116.384585,
              39.964486
            ],
            [
              116.384722,
              39.96449
            ],
            [
              116.384749,
              39.964068
            ]
          ]
        ],
        "type": "Polygon"
      },
      "id": "OSM-WAY-232729787-DAILY_LIFE",
      "properties": {
        "alt_name": "西黄寺",
        "amenity": "college",
        "evidence_status": "contextual",
        "id": "OSM-WAY-232729787-DAILY_LIFE",
        "layer": "daily_life",
        "name": "西黃寺（中国藏语系高级佛学院）",
        "name:zh": "西黃寺（中国藏语系高级佛学院）",
        "osm_id": 232729787,
        "osm_type": "way"
      },
      "type": "Feature"
    },
    {
      "geometry": {
        "coordinates": [
          [
            [
              116.348037,
              39.959862
            ],
            [
              116.348033,
              39.959938
            ],
            [
              116.34816,
              39.959942
            ],
            [
              116.348164,
              39.959866
            ],
            [
              116.348037,
              39.959862
            ]
          ]
        ],
        "type": "Polygon"
      },
      "id": "OSM-WAY-238564272-DAILY_LIFE",
      "properties": {
        "amenity": "toilets",
        "building": "yes",
        "evidence_status": "contextual",
        "id": "OSM-WAY-238564272-DAILY_LIFE",
        "layer": "daily_life",
        "osm_id": 238564272,
        "osm_type": "way",
        "wheelchair": "yes"
      },
      "type": "Feature"
    },
    {
      "geometry": {
        "coordinates": [
          [
            [
              116.361304,
              39.942569
            ],
            [
              116.362837,
              39.942582
            ],
            [
              116.362846,
              39.941786
            ],
            [
              116.361308,
              39.941783
            ],
            [
              116.361304,
              39.942569
            ]
          ]
        ],
        "type": "Polygon"
      },
      "id": "OSM-WAY-239150507-DAILY_LIFE",
      "properties": {
        "amenity": "school",
        "evidence_status": "contextual",
        "id": "OSM-WAY-239150507-DAILY_LIFE",
        "layer": "daily_life",
        "name": "北京教育学院附属中学",
        "name:en": "BIE High School",
        "osm_id": 239150507,
        "osm_type": "way"
      },
      "type": "Feature"
    },
    {
      "geometry": {
        "coordinates": [
          [
            [
              116.362345,
              39.944065
            ],
            [
              116.363221,
              39.944119
            ],
            [
              116.363187,
              39.943758
            ],
            [
              116.363152,
              39.943457
            ],
            [
              116.363111,
              39.943239
            ],
            [
              116.362996,
              39.942926
            ],
            [
              116.362512,
              39.942884
            ],
            [
              116.362345,
              39.944065
            ]
          ]
        ],
        "type": "Polygon"
      },
      "id": "OSM-WAY-239150547-DAILY_LIFE",
      "properties": {
        "amenity": "school",
        "evidence_status": "contextual",
        "id": "OSM-WAY-239150547-DAILY_LIFE",
        "layer": "daily_life",
        "name": "北京启喑实验学校",
        "osm_id": 239150547,
        "osm_type": "way"
      },
      "type": "Feature"
    },
    {
      "geometry": {
        "coordinates": [
          [
            [
              116.342683,
              40.002906
            ],
            [
              116.342799,
              40.002907
            ],
            [
              116.342802,
              40.002677
            ],
            [
              116.342686,
              40.002676
            ],
            [
              116.342683,
              40.002906
            ]
          ]
        ],
        "type": "Polygon"
      },
      "id": "OSM-WAY-239166840-DAILY_LIFE",
      "properties": {
        "amenity": "post_office",
        "building": "yes",
        "evidence_status": "contextual",
        "id": "OSM-WAY-239166840-DAILY_LIFE",
        "layer": "daily_life",
        "name": "林业大学邮政所",
        "name:en": "China Post",
        "name:zh": "中国邮政",
        "operator": "中国邮政",
        "osm_id": 239166840,
        "osm_type": "way"
      },
      "type": "Feature"
    },
    {
      "geometry": {
        "coordinates": [
          [
            [
              116.343252,
              39.990139
            ],
            [
              116.343996,
              39.990147
            ],
            [
              116.343986,
              39.990622
            ],
            [
              116.343243,
              39.990614
            ],
            [
              116.343252,
              39.990139
            ]
          ]
        ],
        "type": "Polygon"
      },
      "id": "OSM-WAY-244249227-DAILY_LIFE",
      "properties": {
        "amenity": "library",
        "building": "yes",
        "evidence_status": "contextual",
        "id": "OSM-WAY-244249227-DAILY_LIFE",
        "layer": "daily_life",
        "name": "中国地质图书馆",
        "name:zh": "中国地质图书馆",
        "osm_id": 244249227,
        "osm_type": "way"
      },
      "type": "Feature"
    },
    {
      "geometry": {
        "coordinates": [
          [
            [
              116.334384,
              39.991433
            ],
            [
              116.334453,
              39.989592
            ],
            [
              116.334627,
              39.987557
            ],
            [
              116.334797,
              39.985563
            ],
            [
              116.335817,
              39.985583
            ],
            [
              116.337226,
              39.98561
            ],
            [
              116.338051,
              39.985626
            ],
            [
              116.338014,
              39.986159
            ],
            [
              116.337952,
              39.986159
            ],
            [
              116.337887,
              39.986199
            ],
            [
              116.337869,
              39.986697
            ],
            [
              116.338191,
              39.98671
            ],
            [
              116.338159,
              39.98742
            ],
            [
              116.339697,
              39.987461
            ],
            [
              116.339692,
              39.987567
            ],
            [
              116.340688,
              39.987584
            ],
            [
              116.342167,
              39.98761
            ],
            [
              116.342247,
              39.987606
            ],
            [
              116.34679,
              39.987723
            ],
            [
              116.346626,
              39.991648
            ],
            [
              116.346416,
              39.991791
            ],
            [
              116.344608,
              39.991729
            ],
            [
              116.34213,
              39.991685
            ],
            [
              116.341032,
              39.991646
            ],
            [
              116.3372,
              39.991504
            ],
            [
              116.337111,
              39.991559
            ],
            [
              116.335189,
              39.991507
            ],
            [
              116.335153,
              39.991452
            ],
            [
              116.334384,
              39.991433
            ]
          ]
        ],
        "type": "Polygon"
      },
      "id": "OSM-WAY-245164271-DAILY_LIFE",
      "properties": {
        "alt_name": "中地,北地",
        "amenity": "university",
        "evidence_status": "contextual",
        "id": "OSM-WAY-245164271-DAILY_LIFE",
        "layer": "daily_life",
        "name": "中国地质大学（北京）",
        "name:en": "China University of Geosciences at Beijing",
        "name:zh": "中国地质大学（北京）",
        "operator": "中华人民共和国教育部",
        "osm_id": 245164271,
        "osm_type": "way"
      },
      "type": "Feature"
    },
    {
      "geometry": {
        "coordinates": [
          [
            [
              116.342826,
              39.997437
            ],
            [
              116.343723,
              39.99745
            ],
            [
              116.343732,
              39.997076
            ],
            [
              116.342835,
              39.997063
            ],
            [
              116.342826,
              39.997437
            ]
          ]
        ],
        "type": "Polygon"
      },
      "id": "OSM-WAY-247351547-DAILY_LIFE",
      "properties": {
        "amenity": "library",
        "building": "yes",
        "evidence_status": "contextual",
        "id": "OSM-WAY-247351547-DAILY_LIFE",
        "layer": "daily_life",
        "name": "矿大图书馆",
        "name:zh": "矿大图书馆",
        "osm_id": 247351547,
        "osm_type": "way"
      },
      "type": "Feature"
    },
    {
      "geometry": {
        "coordinates": [
          [
            [
              116.334048,
              39.95668
            ],
            [
              116.33901,
              39.956953
            ],
            [
              116.339016,
              39.957222
            ],
            [
              116.339405,
              39.957311
            ],
            [
              116.339146,
              39.957897
            ],
            [
              116.338906,
              39.958458
            ],
            [
              116.338647,
              39.959093
            ],
            [
              116.33842,
              39.959662
            ],
            [
              116.337046,
              39.95964
            ],
            [
              116.335959,
              39.959486
            ],
            [
              116.335103,
              39.959422
            ],
            [
              116.334955,
              39.959411
            ],
            [
              116.333957,
              39.959426
            ],
            [
              116.333031,
              39.959447
            ],
            [
              116.333054,
              39.958911
            ],
            [
              116.333167,
              39.958557
            ],
            [
              116.33351,
              39.958398
            ],
            [
              116.333556,
              39.957296
            ],
            [
              116.334048,
              39.95668
            ]
          ]
        ],
        "type": "Polygon"
      },
      "id": "OSM-WAY-248393687-DAILY_LIFE",
      "properties": {
        "amenity": "university",
        "evidence_status": "contextual",
        "id": "OSM-WAY-248393687-DAILY_LIFE",
        "layer": "daily_life",
        "name": "中央财经大学",
        "name:en": "Central University of Finance and Economics",
        "name:zh": "中央财经大学",
        "osm_id": 248393687,
        "osm_type": "way"
      },
      "type": "Feature"
    },
    {
      "geometry": {
        "coordinates": [
          [
            [
              116.324689,
              39.965657
            ],
            [
              116.325234,
              39.965679
            ],
            [
              116.325235,
              39.965615
            ],
            [
              116.325409,
              39.965617
            ],
            [
              116.325412,
              39.965476
            ],
            [
              116.32477,
              39.965444
            ],
            [
              116.324766,
              39.96553
            ],
            [
              116.324695,
              39.965527
            ],
            [
              116.324689,
              39.965657
            ]
          ]
        ],
        "type": "Polygon"
      },
      "id": "OSM-WAY-249229899-DAILY_LIFE",
      "properties": {
        "amenity": "fire_station",
        "evidence_status": "contextual",
        "id": "OSM-WAY-249229899-DAILY_LIFE",
        "layer": "daily_life",
        "osm_id": 249229899,
        "osm_type": "way"
      },
      "type": "Feature"
    },
    {
      "geometry": {
        "coordinates": [
          [
            [
              116.390088,
              39.977644
            ],
            [
              116.390559,
              39.977649
            ],
            [
              116.390556,
              39.977796
            ],
            [
              116.390085,
              39.977791
            ],
            [
              116.390088,
              39.977644
            ]
          ]
        ],
        "type": "Polygon"
      },
      "id": "OSM-WAY-250712057-DAILY_LIFE",
      "properties": {
        "amenity": "theatre",
        "building": "yes",
        "evidence_status": "contextual",
        "id": "OSM-WAY-250712057-DAILY_LIFE",
        "layer": "daily_life",
        "name": "福浪",
        "name:en": "Fullof",
        "osm_id": 250712057,
        "osm_type": "way"
      },
      "type": "Feature"
    },
    {
      "geometry": {
        "coordinates": [
          [
            [
              116.343148,
              39.955871
            ],
            [
              116.343475,
              39.955887
            ],
            [
              116.343475,
              39.956381
            ],
            [
              116.343121,
              39.956381
            ],
            [
              116.343148,
              39.955871
            ]
          ]
        ],
        "type": "Polygon"
      },
      "id": "OSM-WAY-256453433-DAILY_LIFE",
      "properties": {
        "amenity": "hospital",
        "building": "hospital",
        "evidence_status": "contextual",
        "id": "OSM-WAY-256453433-DAILY_LIFE",
        "layer": "daily_life",
        "name": "北京四惠西区医院",
        "name:en": "Beijing Sihui West District Hospital",
        "osm_id": 256453433,
        "osm_type": "way"
      },
      "type": "Feature"
    },
    {
      "geometry": {
        "coordinates": [
          [
            [
              116.337001,
              39.994986
            ],
            [
              116.33718,
              39.991839
            ],
            [
              116.346518,
              39.992149
            ],
            [
              116.346541,
              39.995198
            ],
            [
              116.346378,
              39.995196
            ],
            [
              116.346277,
              39.995195
            ],
            [
              116.346278,
              39.995147
            ],
            [
              116.340896,
              39.994998
            ],
            [
              116.340462,
              39.995118
            ],
            [
              116.337044,
              39.995013
            ],
            [
              116.337001,
              39.994986
            ]
          ]
        ],
        "type": "Polygon"
      },
      "id": "OSM-WAY-256753335-DAILY_LIFE",
      "properties": {
        "amenity": "university",
        "evidence_status": "contextual",
        "id": "OSM-WAY-256753335-DAILY_LIFE",
        "layer": "daily_life",
        "name": "北京语言大学",
        "name:en": "Beijing Language and Culture University",
        "osm_id": 256753335,
        "osm_type": "way"
      },
      "type": "Feature"
    },
    {
      "geometry": {
        "coordinates": [
          [
            [
              116.306916,
              40.030438
            ],
            [
              116.307821,
              40.03063
            ],
            [
              116.308213,
              40.030713
            ],
            [
              116.308402,
              40.030695
            ],
            [
              116.308572,
              40.030615
            ],
            [
              116.308705,
              40.030507
            ],
            [
              116.308783,
              40.030304
            ],
            [
              116.308789,
              40.030225
            ],
            [
              116.308783,
              40.030146
            ],
            [
              116.308765,
              40.030065
            ],
            [
              116.308699,
              40.029989
            ],
            [
              116.308632,
              40.029917
            ],
            [
              116.308547,
              40.029874
            ],
            [
              116.307225,
              40.029559
            ],
            [
              116.306916,
              40.030438
            ]
          ]
        ],
        "type": "Polygon"
      },
      "id": "OSM-WAY-25847391-DAILY_LIFE",
      "properties": {
        "amenity": "school",
        "evidence_status": "contextual",
        "id": "OSM-WAY-25847391-DAILY_LIFE",
        "layer": "daily_life",
        "name": "上地实验小学",
        "name:en": "Zhong Guan Cun 2nd School Shangdi Campus",
        "osm_id": 25847391,
        "osm_type": "way"
      },
      "type": "Feature"
    },
    {
      "geometry": {
        "coordinates": [
          [
            [
              116.363041,
              40.014285
            ],
            [
              116.363564,
              40.013591
            ],
            [
              116.363955,
              40.013737
            ],
            [
              116.364154,
              40.013741
            ],
            [
              116.36436,
              40.013819
            ],
            [
              116.36436,
              40.014592
            ],
            [
              116.362876,
              40.014589
            ],
            [
              116.363041,
              40.014285
            ]
          ]
        ],
        "type": "Polygon"
      },
      "id": "OSM-WAY-263218414-DAILY_LIFE",
      "properties": {
        "amenity": "school",
        "evidence_status": "contextual",
        "id": "OSM-WAY-263218414-DAILY_LIFE",
        "layer": "daily_life",
        "name": "北京师范大学朝阳附属学校（小学部）",
        "osm_id": 263218414,
        "osm_type": "way"
      },
      "type": "Feature"
    },
    {
      "geometry": {
        "coordinates": [
          [
            [
              116.342093,
              39.976857
            ],
            [
              116.34212,
              39.975925
            ],
            [
              116.343148,
              39.975943
            ],
            [
              116.343145,
              39.976044
            ],
            [
              116.34407,
              39.97606
            ],
            [
              116.344046,
              39.97689
            ],
            [
              116.342093,
              39.976857
            ]
          ]
        ],
        "type": "Polygon"
      },
      "id": "OSM-WAY-265008345-DAILY_LIFE",
      "properties": {
        "amenity": "school",
        "evidence_status": "contextual",
        "id": "OSM-WAY-265008345-DAILY_LIFE",
        "layer": "daily_life",
        "name": "北航实验学校小学部",
        "name:zh": "北航实验学校小学部",
        "osm_id": 265008345,
        "osm_type": "way"
      },
      "type": "Feature"
    },
    {
      "geometry": {
        "coordinates": [
          [
            [
              116.339126,
              39.947374
            ],
            [
              116.33922,
              39.946801
            ],
            [
              116.339164,
              39.946774
            ],
            [
              116.339215,
              39.946545
            ],
            [
              116.339388,
              39.946511
            ],
            [
              116.339635,
              39.944672
            ],
            [
              116.341337,
              39.944058
            ],
            [
              116.341943,
              39.943852
            ],
            [
              116.34205,
              39.945001
            ],
            [
              116.341893,
              39.946131
            ],
            [
              116.342615,
              39.946197
            ],
            [
              116.34253,
              39.946631
            ],
            [
              116.341789,
              39.946585
            ],
            [
              116.341772,
              39.946702
            ],
            [
              116.341657,
              39.946692
            ],
            [
              116.341549,
              39.947421
            ],
            [
              116.340352,
              39.947318
            ],
            [
              116.340336,
              39.947428
            ],
            [
              116.339126,
              39.947374
            ]
          ]
        ],
        "type": "Polygon"
      },
      "id": "OSM-WAY-266297360-DAILY_LIFE",
      "properties": {
        "amenity": "university",
        "evidence_status": "contextual",
        "id": "OSM-WAY-266297360-DAILY_LIFE",
        "layer": "daily_life",
        "name": "北京交通大学东校区",
        "name:en": "Beijing Jiaotong University east campus",
        "osm_id": 266297360,
        "osm_type": "way"
      },
      "type": "Feature"
    },
    {
      "geometry": {
        "coordinates": [
          [
            [
              116.347139,
              39.934636
            ],
            [
              116.348514,
              39.934678
            ],
            [
              116.348622,
              39.934676
            ],
            [
              116.348951,
              39.934753
            ],
            [
              116.34904,
              39.934803
            ],
            [
              116.349198,
              39.934921
            ],
            [
              116.349171,
              39.936209
            ],
            [
              116.34823,
              39.936139
            ],
            [
              116.346798,
              39.936078
            ],
            [
              116.346817,
              39.935908
            ],
            [
              116.34687,
              39.935442
            ],
            [
              116.346895,
              39.935222
            ],
            [
              116.346999,
              39.934845
            ],
            [
              116.347139,
              39.934636
            ]
          ]
        ],
        "type": "Polygon"
      },
      "id": "OSM-WAY-266298563-DAILY_LIFE",
      "properties": {
        "amenity": "hospital",
        "evidence_status": "contextual",
        "id": "OSM-WAY-266298563-DAILY_LIFE",
        "layer": "daily_life",
        "name": "北京大学人民医院",
        "osm_id": 266298563,
        "osm_type": "way"
      },
      "type": "Feature"
    },
    {
      "geometry": {
        "coordinates": [
          [
            [
              116.333782,
              39.94764
            ],
            [
              116.333321,
              39.947564
            ],
            [
              116.332546,
              39.948023
            ],
            [
              116.332064,
              39.948346
            ],
            [
              116.331847,
              39.948493
            ],
            [
              116.331625,
              39.948672
            ],
            [
              116.331521,
              39.948752
            ],
            [
              116.330801,
              39.949553
            ],
            [
              116.330719,
              39.949704
            ],
            [
              116.330622,
              39.949864
            ],
            [
              116.330501,
              39.950064
            ],
            [
              116.330384,
              39.950294
            ],
            [
              116.330279,
              39.950586
            ],
            [
              116.330218,
              39.950778
            ],
            [
              116.33016,
              39.951003
            ],
            [
              116.330119,
              39.951211
            ],
            [
              116.330056,
              39.951591
            ],
            [
              116.330784,
              39.951711
            ],
            [
              116.330775,
              39.951801
            ],
            [
              116.330883,
              39.951822
            ],
            [
              116.332156,
              39.952024
            ],
            [
              116.333512,
              39.952254
            ],
            [
              116.333671,
              39.951709
            ],
            [
              116.33596,
              39.952122
            ],
            [
              116.336543,
              39.952228
            ],
            [
              116.336984,
              39.952308
            ],
            [
              116.337563,
              39.952414
            ],
            [
              116.33791,
              39.95132
            ],
            [
              116.340535,
              39.95176
            ],
            [
              116.340416,
              39.952257
            ],
            [
              116.341448,
              39.952413
            ],
            [
              116.341038,
              39.954012
            ],
            [
              116.341764,
              39.954118
            ],
            [
              116.342196,
              39.95414
            ],
            [
              116.342562,
              39.954027
            ],
            [
              116.342693,
              39.953487
            ],
            [
              116.342749,
              39.95305
            ],
            [
              116.342784,
              39.952863
            ],
            [
              116.342843,
              39.952724
            ],
            [
              116.343062,
              39.952778
            ],
            [
              116.343143,
              39.952829
            ],
            [
              116.343263,
              39.952849
            ],
            [
              116.343343,
              39.952833
            ],
            [
              116.343456,
              39.952789
            ],
            [
              116.343533,
              39.952705
            ],
            [
              116.343544,
              39.952645
            ],
            [
              116.343605,
              39.952543
            ],
            [
              116.343717,
              39.952423
            ],
            [
              116.343738,
              39.952346
            ],
            [
              116.343698,
              39.952266
            ],
            [
              116.343589,
              39.952218
            ],
            [
              116.343473,
              39.952174
            ],
            [
              116.342872,
              39.952181
            ],
            [
              116.342699,
              39.952142
            ],
            [
              116.342544,
              39.952168
            ],
            [
              116.34239,
              39.95217
            ],
            [
              116.34163,
              39.952065
            ],
            [
              116.341348,
              39.952029
            ],
            [
              116.342104,
              39.949409
            ],
            [
              116.337177,
              39.947944
            ],
            [
              116.337469,
              39.947329
            ],
            [
              116.335782,
              39.946806
            ],
            [
              116.335409,
              39.947879
            ],
            [
              116.335366,
              39.947871
            ],
            [
              116.335309,
              39.947861
            ],
            [
              116.333782,
              39.94764
            ]
          ]
        ],
        "type": "Polygon"
      },
      "id": "OSM-WAY-266512538-DAILY_LIFE",
      "properties": {
        "amenity": "university",
        "evidence_status": "contextual",
        "id": "OSM-WAY-266512538-DAILY_LIFE",
        "layer": "daily_life",
        "name": "北京交通大学主校区",
        "name:en": "Beijing Jiaotong University main campus",
        "osm_id": 266512538,
        "osm_type": "way"
      },
      "type": "Feature"
    },
    {
      "geometry": {
        "coordinates": [
          [
            [
              116.307474,
              39.976537
            ],
            [
              116.30754,
              39.975745
            ],
            [
              116.307759,
              39.975746
            ],
            [
              116.307809,
              39.974965
            ],
            [
              116.309162,
              39.975007
            ],
            [
              116.309172,
              39.974799
            ],
            [
              116.309494,
              39.974808
            ],
            [
              116.309486,
              39.975011
            ],
            [
              116.310876,
              39.975071
            ],
            [
              116.310848,
              39.975564
            ],
            [
              116.310824,
              39.975794
            ],
            [
              116.310804,
              39.975871
            ],
            [
              116.310723,
              39.976132
            ],
            [
              116.310377,
              39.976136
            ],
            [
              116.310332,
              39.976013
            ],
            [
              116.30986,
              39.97602
            ],
            [
              116.309754,
              39.976022
            ],
            [
              116.309729,
              39.976602
            ],
            [
              116.307474,
              39.976537
            ]
          ]
        ],
        "type": "Polygon"
      },
      "id": "OSM-WAY-26812097-DAILY_LIFE",
      "properties": {
        "amenity": "hospital",
        "evidence_status": "contextual",
        "id": "OSM-WAY-26812097-DAILY_LIFE",
        "layer": "daily_life",
        "name": "海淀医院",
        "name:en": "Beijing Haidian Hospital",
        "osm_id": 26812097,
        "osm_type": "way"
      },
      "type": "Feature"
    },
    {
      "geometry": {
        "coordinates": [
          [
            [
              116.366371,
              40.038171
            ],
            [
              116.366426,
              40.03798
            ],
            [
              116.366506,
              40.037994
            ],
            [
              116.366522,
              40.037938
            ],
            [
              116.367072,
              40.038031
            ],
            [
              116.367054,
              40.038092
            ],
            [
              116.367149,
              40.038108
            ],
            [
              116.367123,
              40.038198
            ],
            [
              116.366696,
              40.038125
            ],
            [
              116.366677,
              40.038189
            ],
            [
              116.366588,
              40.038174
            ],
            [
              116.366579,
              40.038206
            ],
            [
              116.366371,
              40.038171
            ]
          ]
        ],
        "type": "Polygon"
      },
      "id": "OSM-WAY-277748303-DAILY_LIFE",
      "properties": {
        "amenity": "kindergarten",
        "evidence_status": "contextual",
        "id": "OSM-WAY-277748303-DAILY_LIFE",
        "layer": "daily_life",
        "osm_id": 277748303,
        "osm_type": "way"
      },
      "type": "Feature"
    },
    {
      "geometry": {
        "coordinates": [
          [
            [
              116.35903,
              39.98625
            ],
            [
              116.359026,
              39.98807
            ],
            [
              116.358862,
              39.992149
            ],
            [
              116.349793,
              39.991936
            ],
            [
              116.349805,
              39.991678
            ],
            [
              116.349205,
              39.991667
            ],
            [
              116.349198,
              39.991787
            ],
            [
              116.349103,
              39.991782
            ],
            [
              116.349097,
              39.991862
            ],
            [
              116.347356,
              39.991804
            ],
            [
              116.347463,
              39.9888
            ],
            [
              116.347571,
              39.987711
            ],
            [
              116.347574,
              39.987498
            ],
            [
              116.347625,
              39.986882
            ],
            [
              116.347693,
              39.986066
            ],
            [
              116.347845,
              39.985987
            ],
            [
              116.349603,
              39.986053
            ],
            [
              116.349797,
              39.985946
            ],
            [
              116.349962,
              39.985951
            ],
            [
              116.350257,
              39.98597
            ],
            [
              116.350265,
              39.985943
            ],
            [
              116.351963,
              39.985987
            ],
            [
              116.35903,
              39.98625
            ]
          ]
        ],
        "type": "Polygon"
      },
      "id": "OSM-WAY-277989175-DAILY_LIFE",
      "properties": {
        "alt_name": "北科",
        "amenity": "university",
        "evidence_status": "contextual",
        "id": "OSM-WAY-277989175-DAILY_LIFE",
        "layer": "daily_life",
        "name": "北京科技大学",
        "name:en": "University of Science and Technology Beijing",
        "name:zh": "北京科技大学",
        "operator": "中华人民共和国教育部",
        "osm_id": 277989175,
        "osm_type": "way"
      },
      "type": "Feature"
    },
    {
      "geometry": {
        "coordinates": [
          [
            [
              116.351059,
              40.005018
            ],
            [
              116.351673,
              40.00503
            ],
            [
              116.351707,
              40.004084
            ],
            [
              116.350985,
              40.004069
            ],
            [
              116.350978,
              40.004241
            ],
            [
              116.351313,
              40.004247
            ],
            [
              116.351306,
              40.004443
            ],
            [
              116.351292,
              40.004821
            ],
            [
              116.351066,
              40.004816
            ],
            [
              116.351059,
              40.005018
            ]
          ]
        ],
        "type": "Polygon"
      },
      "id": "OSM-WAY-279281877-DAILY_LIFE",
      "properties": {
        "amenity": "college",
        "building": "school",
        "evidence_status": "contextual",
        "id": "OSM-WAY-279281877-DAILY_LIFE",
        "layer": "daily_life",
        "name": "工学院",
        "name:zh": "工学院",
        "osm_id": 279281877,
        "osm_type": "way"
      },
      "type": "Feature"
    },
    {
      "geometry": {
        "coordinates": [
          [
            [
              116.348867,
              39.963535
            ],
            [
              116.354686,
              39.963696
            ],
            [
              116.354967,
              39.956862
            ],
            [
              116.354913,
              39.956809
            ],
            [
              116.351834,
              39.956814
            ],
            [
              116.349307,
              39.956811
            ],
            [
              116.34921,
              39.956888
            ],
            [
              116.349209,
              39.956919
            ],
            [
              116.348867,
              39.963535
            ]
          ]
        ],
        "type": "Polygon"
      },
      "id": "OSM-WAY-279303636-DAILY_LIFE",
      "properties": {
        "amenity": "university",
        "evidence_status": "contextual",
        "id": "OSM-WAY-279303636-DAILY_LIFE",
        "layer": "daily_life",
        "name": "北京邮电大学",
        "name:en": "Beijing University of Posts and Telecommunications",
        "name:zh": "北京邮电大学",
        "osm_id": 279303636,
        "osm_type": "way"
      },
      "type": "Feature"
    },
    {
      "geometry": {
        "coordinates": [
          [
            [
              116.341267,
              39.994409
            ],
            [
              116.341785,
              39.994429
            ],
            [
              116.341802,
              39.994172
            ],
            [
              116.341858,
              39.994175
            ],
            [
              116.341864,
              39.994089
            ],
            [
              116.34164,
              39.99408
            ],
            [
              116.341645,
              39.994012
            ],
            [
              116.341232,
              39.993995
            ],
            [
              116.34122,
              39.994166
            ],
            [
              116.341283,
              39.994169
            ],
            [
              116.341267,
              39.994409
            ]
          ]
        ],
        "type": "Polygon"
      },
      "id": "OSM-WAY-290283254-DAILY_LIFE",
      "properties": {
        "amenity": "library",
        "building": "yes",
        "evidence_status": "contextual",
        "id": "OSM-WAY-290283254-DAILY_LIFE",
        "layer": "daily_life",
        "osm_id": 290283254,
        "osm_type": "way"
      },
      "type": "Feature"
    },
    {
      "geometry": {
        "coordinates": [
          [
            [
              116.37555,
              39.948491
            ],
            [
              116.375878,
              39.948491
            ],
            [
              116.375879,
              39.94875
            ],
            [
              116.375809,
              39.94875
            ],
            [
              116.375809,
              39.94884
            ],
            [
              116.375598,
              39.94884
            ],
            [
              116.375598,
              39.948806
            ],
            [
              116.375551,
              39.948806
            ],
            [
              116.37555,
              39.948491
            ]
          ]
        ],
        "type": "Polygon"
      },
      "id": "OSM-WAY-297313053-DAILY_LIFE",
      "properties": {
        "amenity": "police",
        "building": "yes",
        "evidence_status": "contextual",
        "id": "OSM-WAY-297313053-DAILY_LIFE",
        "layer": "daily_life",
        "name": "北京市公安局德胜门外派出所",
        "osm_id": 297313053,
        "osm_type": "way"
      },
      "type": "Feature"
    },
    {
      "geometry": {
        "coordinates": [
          [
            [
              116.339243,
              40.034666
            ],
            [
              116.33928,
              40.034444
            ],
            [
              116.340406,
              40.034486
            ],
            [
              116.340406,
              40.034722
            ],
            [
              116.339988,
              40.034708
            ],
            [
              116.339243,
              40.034666
            ]
          ]
        ],
        "type": "Polygon"
      },
      "id": "OSM-WAY-297338338-DAILY_LIFE",
      "properties": {
        "amenity": "hospital",
        "evidence_status": "contextual",
        "id": "OSM-WAY-297338338-DAILY_LIFE",
        "layer": "daily_life",
        "name": "北京大学人民医院(清河分院)",
        "osm_id": 297338338,
        "osm_type": "way"
      },
      "type": "Feature"
    },
    {
      "geometry": {
        "coordinates": [
          [
            [
              116.33712,
              40.020605
            ],
            [
              116.339625,
              40.020451
            ],
            [
              116.339642,
              40.020591
            ],
            [
              116.341012,
              40.02049
            ],
            [
              116.341005,
              40.020365
            ],
            [
              116.341075,
              40.020369
            ],
            [
              116.34098,
              40.019602
            ],
            [
              116.340918,
              40.01926
            ],
            [
              116.340966,
              40.019234
            ],
            [
              116.340887,
              40.018658
            ],
            [
              116.340026,
              40.01868
            ],
            [
              116.340008,
              40.018464
            ],
            [
              116.338999,
              40.01851
            ],
            [
              116.338944,
              40.018977
            ],
            [
              116.338896,
              40.019261
            ],
            [
              116.338057,
              40.019223
            ],
            [
              116.338028,
              40.018849
            ],
            [
              116.337639,
              40.018852
            ],
            [
              116.337529,
              40.01918
            ],
            [
              116.337468,
              40.01931
            ],
            [
              116.33739,
              40.019647
            ],
            [
              116.337208,
              40.019811
            ],
            [
              116.33713,
              40.020267
            ],
            [
              116.33712,
              40.020605
            ]
          ]
        ],
        "type": "Polygon"
      },
      "id": "OSM-WAY-298041155-DAILY_LIFE",
      "properties": {
        "amenity": "college",
        "evidence_status": "contextual",
        "id": "OSM-WAY-298041155-DAILY_LIFE",
        "layer": "daily_life",
        "name": "北京培黎职业学院",
        "name:en": "Beijing Bailie University",
        "name:zh": "北京培黎职业学院",
        "osm_id": 298041155,
        "osm_type": "way"
      },
      "type": "Feature"
    },
    {
      "geometry": {
        "coordinates": [
          [
            [
              116.351001,
              40.032027
            ],
            [
              116.351278,
              40.032106
            ],
            [
              116.351657,
              40.032102
            ],
            [
              116.352472,
              40.032326
            ],
            [
              116.352905,
              40.031479
            ],
            [
              116.351514,
              40.031107
            ],
            [
              116.351001,
              40.032027
            ]
          ]
        ],
        "type": "Polygon"
      },
      "id": "OSM-WAY-298474891-DAILY_LIFE",
      "properties": {
        "amenity": "school",
        "evidence_status": "contextual",
        "id": "OSM-WAY-298474891-DAILY_LIFE",
        "layer": "daily_life",
        "name": "海淀区永泰小学",
        "osm_id": 298474891,
        "osm_type": "way"
      },
      "type": "Feature"
    },
    {
      "geometry": {
        "coordinates": [
          [
            [
              116.323217,
              39.981131
            ],
            [
              116.324196,
              39.981161
            ],
            [
              116.324613,
              39.981176
            ],
            [
              116.324674,
              39.981058
            ],
            [
              116.324682,
              39.980849
            ],
            [
              116.324703,
              39.980237
            ],
            [
              116.324713,
              39.979863
            ],
            [
              116.324712,
              39.979826
            ],
            [
              116.323966,
              39.979799
            ],
            [
              116.323739,
              39.979793
            ],
            [
              116.322992,
              39.979782
            ],
            [
              116.322999,
              39.980255
            ],
            [
              116.322991,
              39.980644
            ],
            [
              116.323237,
              39.980654
            ],
            [
              116.323237,
              39.980689
            ],
            [
              116.323217,
              39.981131
            ]
          ]
        ],
        "type": "Polygon"
      },
      "id": "OSM-WAY-302985254-DAILY_LIFE",
      "properties": {
        "amenity": "college",
        "evidence_status": "contextual",
        "id": "OSM-WAY-302985254-DAILY_LIFE",
        "layer": "daily_life",
        "name": "中国科学院大学中关村校区",
        "name:en": "University of Chinese Academy of Sciences (UCAS) Zhongguancun Campus",
        "name:zh": "中国科学院大学中关村校区",
        "osm_id": 302985254,
        "osm_type": "way"
      },
      "type": "Feature"
    },
    {
      "geometry": {
        "coordinates": [
          [
            [
              116.321805,
              39.956765
            ],
            [
              116.321891,
              39.956027
            ],
            [
              116.322995,
              39.956095
            ],
            [
              116.322902,
              39.956845
            ],
            [
              116.321805,
              39.956765
            ]
          ]
        ],
        "type": "Polygon"
      },
      "id": "OSM-WAY-305570852-DAILY_LIFE",
      "properties": {
        "amenity": "school",
        "evidence_status": "contextual",
        "id": "OSM-WAY-305570852-DAILY_LIFE",
        "layer": "daily_life",
        "name": "中国农业科学院附属小学（农科院校区）",
        "name:zh": "中国农业科学院附属小学（农科院校区）",
        "osm_id": 305570852,
        "osm_type": "way"
      },
      "type": "Feature"
    },
    {
      "geometry": {
        "coordinates": [
          [
            [
              116.319869,
              39.957137
            ],
            [
              116.320551,
              39.95719
            ],
            [
              116.320527,
              39.957369
            ],
            [
              116.319846,
              39.957316
            ],
            [
              116.319869,
              39.957137
            ]
          ]
        ],
        "type": "Polygon"
      },
      "id": "OSM-WAY-305570853-DAILY_LIFE",
      "properties": {
        "amenity": "community_centre",
        "evidence_status": "contextual",
        "id": "OSM-WAY-305570853-DAILY_LIFE",
        "layer": "daily_life",
        "name": "老干部活动中心",
        "osm_id": 305570853,
        "osm_type": "way"
      },
      "type": "Feature"
    },
    {
      "geometry": {
        "coordinates": [
          [
            [
              116.321716,
              39.958104
            ],
            [
              116.321815,
              39.957279
            ],
            [
              116.322389,
              39.957319
            ],
            [
              116.322728,
              39.957343
            ],
            [
              116.322629,
              39.958169
            ],
            [
              116.321716,
              39.958104
            ]
          ]
        ],
        "type": "Polygon"
      },
      "id": "OSM-WAY-305570854-DAILY_LIFE",
      "properties": {
        "amenity": "kindergarten",
        "evidence_status": "contextual",
        "id": "OSM-WAY-305570854-DAILY_LIFE",
        "layer": "daily_life",
        "name": "中国农业科学院附属幼儿园",
        "name:zh": "中国农业科学院附属幼儿园",
        "osm_id": 305570854,
        "osm_type": "way"
      },
      "type": "Feature"
    },
    {
      "geometry": {
        "coordinates": [
          [
            [
              116.31974,
              39.958195
            ],
            [
              116.320101,
              39.958219
            ],
            [
              116.32011,
              39.958151
            ],
            [
              116.320381,
              39.958171
            ],
            [
              116.320371,
              39.958238
            ],
            [
              116.320721,
              39.958261
            ],
            [
              116.320641,
              39.958951
            ],
            [
              116.319932,
              39.958903
            ],
            [
              116.319924,
              39.958978
            ],
            [
              116.319876,
              39.958974
            ],
            [
              116.319688,
              39.958962
            ],
            [
              116.319652,
              39.958959
            ],
            [
              116.31974,
              39.958195
            ]
          ]
        ],
        "type": "Polygon"
      },
      "id": "OSM-WAY-305570856-DAILY_LIFE",
      "properties": {
        "amenity": "library",
        "building": "yes",
        "evidence_status": "contextual",
        "id": "OSM-WAY-305570856-DAILY_LIFE",
        "layer": "daily_life",
        "name": "国家农业图书馆",
        "name:en": "National Agricultural Library",
        "osm_id": 305570856,
        "osm_type": "way"
      },
      "type": "Feature"
    },
    {
      "geometry": {
        "coordinates": [
          [
            [
              116.321793,
              39.957158
            ],
            [
              116.321979,
              39.95717
            ],
            [
              116.321984,
              39.957129
            ],
            [
              116.321856,
              39.957121
            ],
            [
              116.321892,
              39.956796
            ],
            [
              116.321833,
              39.956793
            ],
            [
              116.321793,
              39.957158
            ]
          ]
        ],
        "type": "Polygon"
      },
      "id": "OSM-WAY-305570858-DAILY_LIFE",
      "properties": {
        "amenity": "police",
        "building": "yes",
        "evidence_status": "contextual",
        "id": "OSM-WAY-305570858-DAILY_LIFE",
        "layer": "daily_life",
        "osm_id": 305570858,
        "osm_type": "way"
      },
      "type": "Feature"
    },
    {
      "geometry": {
        "coordinates": [
          [
            [
              116.300749,
              39.971295
            ],
            [
              116.302916,
              39.971619
            ],
            [
              116.304987,
              39.97192
            ],
            [
              116.306128,
              39.972064
            ],
            [
              116.310623,
              39.972375
            ],
            [
              116.311639,
              39.972462
            ],
            [
              116.311895,
              39.97024
            ],
            [
              116.312962,
              39.970387
            ],
            [
              116.314028,
              39.967348
            ],
            [
              116.312034,
              39.967068
            ],
            [
              116.305332,
              39.966127
            ],
            [
              116.305315,
              39.966149
            ],
            [
              116.304862,
              39.966078
            ],
            [
              116.304699,
              39.967272
            ],
            [
              116.303559,
              39.967194
            ],
            [
              116.301307,
              39.967027
            ],
            [
              116.301302,
              39.967083
            ],
            [
              116.301145,
              39.968609
            ],
            [
              116.301099,
              39.968839
            ],
            [
              116.300749,
              39.971295
            ]
          ]
        ],
        "type": "Polygon"
      },
      "id": "OSM-WAY-30725330-DAILY_LIFE",
      "properties": {
        "amenity": "university",
        "evidence_status": "contextual",
        "id": "OSM-WAY-30725330-DAILY_LIFE",
        "layer": "daily_life",
        "name": "中国人民大学",
        "name:en": "Renmin University of China",
        "name:zh": "中国人民大学",
        "osm_id": 30725330,
        "osm_type": "way"
      },
      "type": "Feature"
    },
    {
      "geometry": {
        "coordinates": [
          [
            [
              116.30339,
              39.955756
            ],
            [
              116.308987,
              39.955783
            ],
            [
              116.316369,
              39.955658
            ],
            [
              116.316635,
              39.955659
            ],
            [
              116.316799,
              39.955696
            ],
            [
              116.316701,
              39.956668
            ],
            [
              116.316549,
              39.958249
            ],
            [
              116.316491,
              39.958239
            ],
            [
              116.316488,
              39.958266
            ],
            [
              116.316458,
              39.958465
            ],
            [
              116.316434,
              39.958612
            ],
            [
              116.316427,
              39.958643
            ],
            [
              116.316494,
              39.958654
            ],
            [
              116.3163,
              39.96006
            ],
            [
              116.307751,
              39.959954
            ],
            [
              116.303472,
              39.960003
            ],
            [
              116.303076,
              39.959998
            ],
            [
              116.302682,
              39.959991
            ],
            [
              116.303129,
              39.957404
            ],
            [
              116.30339,
              39.955756
            ]
          ]
        ],
        "type": "Polygon"
      },
      "id": "OSM-WAY-30748230-DAILY_LIFE",
      "properties": {
        "amenity": "university",
        "evidence_status": "contextual",
        "id": "OSM-WAY-30748230-DAILY_LIFE",
        "layer": "daily_life",
        "name": "北京理工大学",
        "name:en": "Beijing Institute of Technology (BIT)",
        "osm_id": 30748230,
        "osm_type": "way"
      },
      "type": "Feature"
    },
    {
      "geometry": {
        "coordinates": [
          [
            [
              116.3553,
              39.956848
            ],
            [
              116.360237,
              39.95684
            ],
            [
              116.360237,
              39.956801
            ],
            [
              116.360512,
              39.956804
            ],
            [
              116.364084,
              39.956849
            ],
            [
              116.364289,
              39.956848
            ],
            [
              116.364403,
              39.956857
            ],
            [
              116.364487,
              39.956907
            ],
            [
              116.364513,
              39.956971
            ],
            [
              116.364478,
              39.957379
            ],
            [
              116.36445,
              39.957696
            ],
            [
              116.364218,
              39.960552
            ],
            [
              116.364117,
              39.961437
            ],
            [
              116.363225,
              39.961401
            ],
            [
              116.363145,
              39.963039
            ],
            [
              116.363097,
              39.963853
            ],
            [
              116.36192,
              39.963825
            ],
            [
              116.354996,
              39.963655
            ],
            [
              116.355122,
              39.961308
            ],
            [
              116.355141,
              39.960949
            ],
            [
              116.355182,
              39.958974
            ],
            [
              116.355215,
              39.957926
            ],
            [
              116.3553,
              39.956848
            ]
          ]
        ],
        "type": "Polygon"
      },
      "id": "OSM-WAY-30784020-DAILY_LIFE",
      "properties": {
        "amenity": "university",
        "evidence_status": "contextual",
        "id": "OSM-WAY-30784020-DAILY_LIFE",
        "layer": "daily_life",
        "name": "北京师范大学",
        "name:en": "Beijing Normal University (BNU)",
        "name:zh": "北京师范大学",
        "osm_id": 30784020,
        "osm_type": "way"
      },
      "type": "Feature"
    },
    {
      "geometry": {
        "coordinates": [
          [
            [
              116.327702,
              39.977533
            ],
            [
              116.32774,
              39.976933
            ],
            [
              116.328916,
              39.976988
            ],
            [
              116.328863,
              39.977584
            ],
            [
              116.327702,
              39.977533
            ]
          ]
        ],
        "type": "Polygon"
      },
      "id": "OSM-WAY-313367526-DAILY_LIFE",
      "properties": {
        "amenity": "police",
        "building": "yes",
        "evidence_status": "contextual",
        "id": "OSM-WAY-313367526-DAILY_LIFE",
        "layer": "daily_life",
        "name": "海淀交通支队中关村大队",
        "name:zh": "海淀交通支队中关村大队",
        "osm_id": 313367526,
        "osm_type": "way"
      },
      "type": "Feature"
    },
    {
      "geometry": {
        "coordinates": [
          [
            [
              116.318101,
              40.002347
            ],
            [
              116.318088,
              40.002535
            ],
            [
              116.318139,
              40.002537
            ],
            [
              116.318132,
              40.002635
            ],
            [
              116.318364,
              40.002644
            ],
            [
              116.31837,
              40.002543
            ],
            [
              116.318439,
              40.002546
            ],
            [
              116.318452,
              40.002363
            ],
            [
              116.318404,
              40.002361
            ],
            [
              116.318412,
              40.002248
            ],
            [
              116.318163,
              40.002238
            ],
            [
              116.318156,
              40.002349
            ],
            [
              116.318101,
              40.002347
            ]
          ]
        ],
        "type": "Polygon"
      },
      "id": "OSM-WAY-33457842-DAILY_LIFE",
      "properties": {
        "amenity": "theatre",
        "building": "yes",
        "evidence_status": "contextual",
        "id": "OSM-WAY-33457842-DAILY_LIFE",
        "layer": "daily_life",
        "name": "大礼堂",
        "name:en": "Auditorium",
        "name:zh": "大礼堂",
        "osm_id": 33457842,
        "osm_type": "way"
      },
      "type": "Feature"
    },
    {
      "geometry": {
        "coordinates": [
          [
            [
              116.370339,
              39.939972
            ],
            [
              116.372053,
              39.940036
            ],
            [
              116.37208,
              39.939611
            ],
            [
              116.370366,
              39.939547
            ],
            [
              116.370339,
              39.939972
            ]
          ]
        ],
        "type": "Polygon"
      },
      "id": "OSM-WAY-33611055-DAILY_LIFE",
      "properties": {
        "amenity": "marketplace",
        "building": "yes",
        "evidence_status": "contextual",
        "id": "OSM-WAY-33611055-DAILY_LIFE",
        "layer": "daily_life",
        "name": "四环市场",
        "name:en": "Sihuan Market",
        "name:zh": "四环市场",
        "osm_id": 33611055,
        "osm_type": "way"
      },
      "type": "Feature"
    },
    {
      "geometry": {
        "coordinates": [
          [
            [
              116.350355,
              39.958487
            ],
            [
              116.350567,
              39.958492
            ],
            [
              116.350569,
              39.958442
            ],
            [
              116.350691,
              39.958445
            ],
            [
              116.350814,
              39.958448
            ],
            [
              116.350812,
              39.958494
            ],
            [
              116.35098,
              39.958498
            ],
            [
              116.350969,
              39.958765
            ],
            [
              116.350817,
              39.958762
            ],
            [
              116.350823,
              39.958624
            ],
            [
              116.350458,
              39.958614
            ],
            [
              116.350455,
              39.958678
            ],
            [
              116.350688,
              39.958683
            ],
            [
              116.350685,
              39.958756
            ],
            [
              116.350344,
              39.958747
            ],
            [
              116.350355,
              39.958487
            ]
          ]
        ],
        "type": "Polygon"
      },
      "id": "OSM-WAY-344373140-DAILY_LIFE",
      "properties": {
        "amenity": "hospital",
        "evidence_status": "contextual",
        "id": "OSM-WAY-344373140-DAILY_LIFE",
        "layer": "daily_life",
        "name": "校医院（北京邮电大学社区卫生服务中心）",
        "name:en": "BUPT Hospital",
        "name:zh": "校医院（北京邮电大学社区卫生服务中心）",
        "osm_id": 344373140,
        "osm_type": "way"
      },
      "type": "Feature"
    },
    {
      "geometry": {
        "coordinates": [
          [
            [
              116.386054,
              39.995944
            ],
            [
              116.386227,
              39.995947
            ],
            [
              116.38623,
              39.995853
            ],
            [
              116.386184,
              39.995852
            ],
            [
              116.386185,
              39.995811
            ],
            [
              116.38599,
              39.995807
            ],
            [
              116.385986,
              39.995918
            ],
            [
              116.386054,
              39.995919
            ],
            [
              116.386054,
              39.995944
            ]
          ]
        ],
        "type": "Polygon"
      },
      "id": "OSM-WAY-351596013-DAILY_LIFE",
      "properties": {
        "amenity": "toilets",
        "building": "yes",
        "evidence_status": "contextual",
        "id": "OSM-WAY-351596013-DAILY_LIFE",
        "layer": "daily_life",
        "osm_id": 351596013,
        "osm_type": "way"
      },
      "type": "Feature"
    },
    {
      "geometry": {
        "coordinates": [
          [
            [
              116.323919,
              39.942534
            ],
            [
              116.324853,
              39.942621
            ],
            [
              116.324645,
              39.944276
            ],
            [
              116.32276,
              39.944123
            ],
            [
              116.32279,
              39.943154
            ],
            [
              116.323286,
              39.943137
            ],
            [
              116.323366,
              39.942539
            ],
            [
              116.323907,
              39.942582
            ],
            [
              116.323919,
              39.942534
            ]
          ]
        ],
        "type": "Polygon"
      },
      "id": "OSM-WAY-352165031-DAILY_LIFE",
      "properties": {
        "alt_name": "五塔寺",
        "amenity": "place_of_worship",
        "evidence_status": "contextual",
        "heritage": "2",
        "id": "OSM-WAY-352165031-DAILY_LIFE",
        "landuse": "religious",
        "layer": "daily_life",
        "name": "真觉寺",
        "name:en": "Five Pagoda Temple",
        "osm_id": 352165031,
        "osm_type": "way"
      },
      "type": "Feature"
    },
    {
      "geometry": {
        "coordinates": [
          [
            [
              116.320952,
              40.01184
            ],
            [
              116.32112,
              40.011809
            ],
            [
              116.321051,
              40.011595
            ],
            [
              116.320883,
              40.011627
            ],
            [
              116.320952,
              40.01184
            ]
          ]
        ],
        "type": "Polygon"
      },
      "id": "OSM-WAY-354312341-DAILY_LIFE",
      "properties": {
        "amenity": "post_office",
        "building": "yes",
        "evidence_status": "contextual",
        "id": "OSM-WAY-354312341-DAILY_LIFE",
        "layer": "daily_life",
        "name": "学生区快递服务站",
        "name:en": "Student Delivery Service",
        "name:zh": "学生区快递服务站",
        "operator": "近邻宝",
        "osm_id": 354312341,
        "osm_type": "way",
        "wheelchair": "yes"
      },
      "type": "Feature"
    },
    {
      "geometry": {
        "coordinates": [
          [
            [
              116.311239,
              39.951757
            ],
            [
              116.31109,
              39.95042
            ],
            [
              116.312025,
              39.950173
            ],
            [
              116.312143,
              39.949199
            ],
            [
              116.312461,
              39.947015
            ],
            [
              116.315923,
              39.947296
            ],
            [
              116.317139,
              39.947395
            ],
            [
              116.31792,
              39.947458
            ],
            [
              116.317239,
              39.952269
            ],
            [
              116.311239,
              39.951757
            ]
          ]
        ],
        "type": "Polygon"
      },
      "id": "OSM-WAY-365025448-DAILY_LIFE",
      "properties": {
        "amenity": "university",
        "evidence_status": "contextual",
        "id": "OSM-WAY-365025448-DAILY_LIFE",
        "layer": "daily_life",
        "name": "中央民族大学",
        "name:en": "Minzu University of China",
        "name:zh": "中央民族大学",
        "osm_id": 365025448,
        "osm_type": "way"
      },
      "type": "Feature"
    },
    {
      "geometry": {
        "coordinates": [
          [
            [
              116.356972,
              39.994193
            ],
            [
              116.357889,
              39.994215
            ],
            [
              116.357932,
              39.993166
            ],
            [
              116.357015,
              39.993143
            ],
            [
              116.356972,
              39.994193
            ]
          ]
        ],
        "type": "Polygon"
      },
      "id": "OSM-WAY-365805614-DAILY_LIFE",
      "properties": {
        "amenity": "school",
        "evidence_status": "contextual",
        "id": "OSM-WAY-365805614-DAILY_LIFE",
        "layer": "daily_life",
        "name": "北京石油学院附属小学",
        "name:zh": "北京石油学院附属小学",
        "operator": "北京石油学院",
        "osm_id": 365805614,
        "osm_type": "way"
      },
      "type": "Feature"
    },
    {
      "geometry": {
        "coordinates": [
          [
            [
              116.355901,
              39.998686
            ],
            [
              116.356325,
              39.998696
            ],
            [
              116.357155,
              39.998729
            ],
            [
              116.357259,
              39.997245
            ],
            [
              116.357108,
              39.997243
            ],
            [
              116.357139,
              39.99676
            ],
            [
              116.356014,
              39.99674
            ],
            [
              116.355925,
              39.99793
            ],
            [
              116.355901,
              39.998686
            ]
          ]
        ],
        "type": "Polygon"
      },
      "id": "OSM-WAY-365816824-DAILY_LIFE",
      "properties": {
        "amenity": "school",
        "evidence_status": "contextual",
        "id": "OSM-WAY-365816824-DAILY_LIFE",
        "layer": "daily_life",
        "name": "北京石油学院附属中学",
        "name:zh": "北京石油学院附属中学",
        "osm_id": 365816824,
        "osm_type": "way"
      },
      "type": "Feature"
    },
    {
      "geometry": {
        "coordinates": [
          [
            [
              116.33852,
              40.038506
            ],
            [
              116.34052,
              40.038604
            ],
            [
              116.341223,
              40.038598
            ],
            [
              116.34198,
              40.038619
            ],
            [
              116.342035,
              40.038436
            ],
            [
              116.342489,
              40.03845
            ],
            [
              116.342521,
              40.038137
            ],
            [
              116.342075,
              40.038121
            ],
            [
              116.342105,
              40.037764
            ],
            [
              116.342402,
              40.037658
            ],
            [
              116.342418,
              40.036899
            ],
            [
              116.343049,
              40.036933
            ],
            [
              116.343113,
              40.036474
            ],
            [
              116.343361,
              40.035108
            ],
            [
              116.340479,
              40.034889
            ],
            [
              116.340448,
              40.034751
            ],
            [
              116.339081,
              40.03471
            ],
            [
              116.339016,
              40.03558
            ],
            [
              116.33852,
              40.038506
            ]
          ]
        ],
        "type": "Polygon"
      },
      "id": "OSM-WAY-367970203-DAILY_LIFE",
      "properties": {
        "amenity": "school",
        "evidence_status": "contextual",
        "id": "OSM-WAY-367970203-DAILY_LIFE",
        "layer": "daily_life",
        "name": "北京信息科技大学（清河小营校区）",
        "osm_id": 367970203,
        "osm_type": "way"
      },
      "type": "Feature"
    },
    {
      "geometry": {
        "coordinates": [
          [
            [
              116.364128,
              39.97984
            ],
            [
              116.364609,
              39.979845
            ],
            [
              116.364735,
              39.979888
            ],
            [
              116.364812,
              39.979956
            ],
            [
              116.364841,
              39.98001
            ],
            [
              116.364839,
              39.980073
            ],
            [
              116.364804,
              39.980143
            ],
            [
              116.364747,
              39.980185
            ],
            [
              116.364697,
              39.980209
            ],
            [
              116.364787,
              39.980379
            ],
            [
              116.364569,
              39.980368
            ],
            [
              116.364546,
              39.980334
            ],
            [
              116.364435,
              39.980378
            ],
            [
              116.364331,
              39.980387
            ],
            [
              116.364209,
              39.980362
            ],
            [
              116.364107,
              39.980321
            ],
            [
              116.364023,
              39.980246
            ],
            [
              116.363967,
              39.980163
            ],
            [
              116.363954,
              39.98006
            ],
            [
              116.363964,
              39.979986
            ],
            [
              116.364023,
              39.979916
            ],
            [
              116.364128,
              39.97984
            ]
          ]
        ],
        "type": "Polygon"
      },
      "id": "OSM-WAY-377569800-DAILY_LIFE",
      "properties": {
        "amenity": "theatre",
        "building": "yes",
        "evidence_status": "contextual",
        "id": "OSM-WAY-377569800-DAILY_LIFE",
        "layer": "daily_life",
        "name": "国安剧院",
        "osm_id": 377569800,
        "osm_type": "way"
      },
      "type": "Feature"
    },
    {
      "geometry": {
        "coordinates": [
          [
            [
              116.343727,
              39.962487
            ],
            [
              116.34391,
              39.962488
            ],
            [
              116.344626,
              39.962534
            ],
            [
              116.345095,
              39.962553
            ],
            [
              116.3455,
              39.962558
            ],
            [
              116.345613,
              39.962498
            ],
            [
              116.346892,
              39.962532
            ],
            [
              116.346701,
              39.964894
            ],
            [
              116.346527,
              39.965382
            ],
            [
              116.345725,
              39.965376
            ],
            [
              116.345675,
              39.96534
            ],
            [
              116.34407,
              39.965288
            ],
            [
              116.344037,
              39.965546
            ],
            [
              116.3431,
              39.965533
            ],
            [
              116.343147,
              39.964591
            ],
            [
              116.343217,
              39.963463
            ],
            [
              116.343676,
              39.96347
            ],
            [
              116.343665,
              39.962768
            ],
            [
              116.343134,
              39.962772
            ],
            [
              116.343084,
              39.962456
            ],
            [
              116.343727,
              39.962487
            ]
          ]
        ],
        "type": "Polygon"
      },
      "id": "OSM-WAY-378420724-DAILY_LIFE",
      "properties": {
        "amenity": "university",
        "evidence_status": "contextual",
        "id": "OSM-WAY-378420724-DAILY_LIFE",
        "layer": "daily_life",
        "name": "中国政法大学（学院路校区）",
        "name:en": "China University of Political Science and Law",
        "name:zh": "中国政法大学（学院路校区）",
        "osm_id": 378420724,
        "osm_type": "way",
        "wheelchair": "yes"
      },
      "type": "Feature"
    },
    {
      "geometry": {
        "coordinates": [
          [
            [
              116.31451,
              39.97125
            ],
            [
              116.315328,
              39.97128
            ],
            [
              116.315411,
              39.970134
            ],
            [
              116.314588,
              39.970107
            ],
            [
              116.31451,
              39.97125
            ]
          ]
        ],
        "type": "Polygon"
      },
      "id": "OSM-WAY-380109089-DAILY_LIFE",
      "properties": {
        "amenity": "school",
        "evidence_status": "contextual",
        "id": "OSM-WAY-380109089-DAILY_LIFE",
        "layer": "daily_life",
        "name": "中关村中学（双榆树校区）",
        "name:zh": "中关村中学（双榆树校区）",
        "osm_id": 380109089,
        "osm_type": "way"
      },
      "type": "Feature"
    },
    {
      "geometry": {
        "coordinates": [
          [
            [
              116.301596,
              39.936733
            ],
            [
              116.302138,
              39.936746
            ],
            [
              116.302149,
              39.936635
            ],
            [
              116.30224,
              39.93647
            ],
            [
              116.302224,
              39.936363
            ],
            [
              116.302138,
              39.936236
            ],
            [
              116.302138,
              39.936088
            ],
            [
              116.301591,
              39.936096
            ],
            [
              116.301593,
              39.936363
            ],
            [
              116.301594,
              39.93648
            ],
            [
              116.301596,
              39.936733
            ]
          ]
        ],
        "type": "Polygon"
      },
      "id": "OSM-WAY-383266188-DAILY_LIFE",
      "properties": {
        "amenity": "library",
        "building": "yes",
        "evidence_status": "contextual",
        "id": "OSM-WAY-383266188-DAILY_LIFE",
        "layer": "daily_life",
        "name": "北一区图书馆",
        "opening_hours": "PH,Mo-Su 07:00-23:00",
        "operator": "首都师范大学",
        "osm_id": 383266188,
        "osm_type": "way"
      },
      "type": "Feature"
    },
    {
      "geometry": {
        "coordinates": [
          [
            [
              116.348614,
              39.968422
            ],
            [
              116.350157,
              39.968447
            ],
            [
              116.350164,
              39.968199
            ],
            [
              116.350614,
              39.968206
            ],
            [
              116.35057,
              39.972203
            ],
            [
              116.349797,
              39.972196
            ],
            [
              116.349808,
              39.971936
            ],
            [
              116.349337,
              39.971935
            ],
            [
              116.348447,
              39.971932
            ],
            [
              116.348614,
              39.968422
            ]
          ]
        ],
        "type": "Polygon"
      },
      "id": "OSM-WAY-388355720-DAILY_LIFE",
      "properties": {
        "amenity": "college",
        "evidence_status": "contextual",
        "id": "OSM-WAY-388355720-DAILY_LIFE",
        "layer": "daily_life",
        "name": "北京电影学院",
        "name:en": "Beijing Film Academy",
        "name:zh": "北京电影学院",
        "osm_id": 388355720,
        "osm_type": "way"
      },
      "type": "Feature"
    },
    {
      "geometry": {
        "coordinates": [
          [
            [
              116.32798,
              39.984464
            ],
            [
              116.328428,
              39.984488
            ],
            [
              116.328742,
              39.984427
            ],
            [
              116.329495,
              39.984411
            ],
            [
              116.331295,
              39.982324
            ],
            [
              116.331394,
              39.982214
            ],
            [
              116.331545,
              39.982046
            ],
            [
              116.332066,
              39.981469
            ],
            [
              116.331896,
              39.98139
            ],
            [
              116.331634,
              39.981544
            ],
            [
              116.330857,
              39.981533
            ],
            [
              116.330864,
              39.981492
            ],
            [
              116.330862,
              39.9813
            ],
            [
              116.330829,
              39.981306
            ],
            [
              116.329673,
              39.981253
            ],
            [
              116.328449,
              39.981257
            ],
            [
              116.32842,
              39.981431
            ],
            [
              116.328811,
              39.981447
            ],
            [
              116.328776,
              39.981547
            ],
            [
              116.328592,
              39.982938
            ],
            [
              116.328084,
              39.982935
            ],
            [
              116.32798,
              39.984464
            ]
          ]
        ],
        "type": "Polygon"
      },
      "id": "OSM-WAY-389714442-DAILY_LIFE",
      "properties": {
        "amenity": "university",
        "evidence_status": "contextual",
        "id": "OSM-WAY-389714442-DAILY_LIFE",
        "layer": "daily_life",
        "name": "中国科学院大学（中关村校区）",
        "name:en": "University of the Chinese Academy of Sciences Zhongguancun Campus",
        "name:zh": "中国科学院大学（中关村校区）",
        "operator": "中国科学院大学",
        "osm_id": 389714442,
        "osm_type": "way",
        "wheelchair": "yes"
      },
      "type": "Feature"
    },
    {
      "geometry": {
        "coordinates": [
          [
            [
              116.314996,
              40.015683
            ],
            [
              116.315061,
              40.015229
            ],
            [
              116.315067,
              40.015204
            ],
            [
              116.316077,
              40.015271
            ],
            [
              116.316019,
              40.015706
            ],
            [
              116.315633,
              40.015685
            ],
            [
              116.315478,
              40.015672
            ],
            [
              116.315428,
              40.015711
            ],
            [
              116.314996,
              40.015683
            ]
          ]
        ],
        "type": "Polygon"
      },
      "id": "OSM-WAY-398506106-DAILY_LIFE",
      "properties": {
        "amenity": "school",
        "evidence_status": "contextual",
        "id": "OSM-WAY-398506106-DAILY_LIFE",
        "layer": "daily_life",
        "name": "清华大学附属中学上地小学",
        "name:zh": "清华大学附属中学上地小学",
        "osm_id": 398506106,
        "osm_type": "way"
      },
      "type": "Feature"
    },
    {
      "geometry": {
        "coordinates": [
          [
            [
              116.313951,
              40.028746
            ],
            [
              116.312929,
              40.028618
            ],
            [
              116.31299,
              40.027789
            ],
            [
              116.311721,
              40.027656
            ],
            [
              116.309255,
              40.027477
            ],
            [
              116.30941,
              40.026348
            ],
            [
              116.309568,
              40.024972
            ],
            [
              116.308119,
              40.024873
            ],
            [
              116.308168,
              40.024413
            ],
            [
              116.307784,
              40.024376
            ],
            [
              116.30799,
              40.022607
            ],
            [
              116.308205,
              40.022524
            ],
            [
              116.308214,
              40.022432
            ],
            [
              116.308233,
              40.02228
            ],
            [
              116.308249,
              40.022157
            ],
            [
              116.308047,
              40.022026
            ],
            [
              116.30809,
              40.021723
            ],
            [
              116.308689,
              40.021746
            ],
            [
              116.308777,
              40.020779
            ],
            [
              116.308231,
              40.020735
            ],
            [
              116.308377,
              40.019444
            ],
            [
              116.310407,
              40.019579
            ],
            [
              116.311035,
              40.019422
            ],
            [
              116.311172,
              40.018655
            ],
            [
              116.311366,
              40.018351
            ],
            [
              116.312529,
              40.018487
            ],
            [
              116.312776,
              40.018762
            ],
            [
              116.313474,
              40.018819
            ],
            [
              116.313629,
              40.018959
            ],
            [
              116.314819,
              40.019046
            ],
            [
              116.314997,
              40.019059
            ],
            [
              116.315035,
              40.018758
            ],
            [
              116.315748,
              40.018889
            ],
            [
              116.316,
              40.019074
            ],
            [
              116.31666,
              40.019078
            ],
            [
              116.317326,
              40.019395
            ],
            [
              116.317796,
              40.019628
            ],
            [
              116.317908,
              40.019693
            ],
            [
              116.31798,
              40.019767
            ],
            [
              116.318021,
              40.019841
            ],
            [
              116.318018,
              40.019959
            ],
            [
              116.317973,
              40.02037
            ],
            [
              116.317951,
              40.020497
            ],
            [
              116.317881,
              40.020718
            ],
            [
              116.317793,
              40.020955
            ],
            [
              116.317291,
              40.022459
            ],
            [
              116.316619,
              40.024129
            ],
            [
              116.316509,
              40.024567
            ],
            [
              116.315808,
              40.026175
            ],
            [
              116.315336,
              40.027693
            ],
            [
              116.315035,
              40.028307
            ],
            [
              116.314735,
              40.028861
            ],
            [
              116.313951,
              40.028746
            ]
          ]
        ],
        "type": "Polygon"
      },
      "id": "OSM-WAY-398508191-DAILY_LIFE",
      "properties": {
        "amenity": "university",
        "evidence_status": "contextual",
        "id": "OSM-WAY-398508191-DAILY_LIFE",
        "layer": "daily_life",
        "name": "北京体育大学",
        "name:en": "Beijing Sport University",
        "osm_id": 398508191,
        "osm_type": "way"
      },
      "type": "Feature"
    },
    {
      "geometry": {
        "coordinates": [
          [
            [
              116.340731,
              39.935555
            ],
            [
              116.34234,
              39.935392
            ],
            [
              116.342344,
              39.934914
            ],
            [
              116.342235,
              39.934853
            ],
            [
              116.340731,
              39.934858
            ],
            [
              116.340731,
              39.935555
            ]
          ]
        ],
        "type": "Polygon"
      },
      "id": "OSM-WAY-403594616-DAILY_LIFE",
      "properties": {
        "amenity": "school",
        "evidence_status": "contextual",
        "id": "OSM-WAY-403594616-DAILY_LIFE",
        "layer": "daily_life",
        "name": "西城区进步小学",
        "osm_id": 403594616,
        "osm_type": "way"
      },
      "type": "Feature"
    },
    {
      "geometry": {
        "coordinates": [
          [
            [
              116.342364,
              39.936284
            ],
            [
              116.343258,
              39.936298
            ],
            [
              116.343273,
              39.935727
            ],
            [
              116.342387,
              39.935731
            ],
            [
              116.342364,
              39.936284
            ]
          ]
        ],
        "type": "Polygon"
      },
      "id": "OSM-WAY-403595578-DAILY_LIFE",
      "properties": {
        "amenity": "hospital",
        "evidence_status": "contextual",
        "id": "OSM-WAY-403595578-DAILY_LIFE",
        "layer": "daily_life",
        "name": "展览路医院",
        "osm_id": 403595578,
        "osm_type": "way"
      },
      "type": "Feature"
    },
    {
      "geometry": {
        "coordinates": [
          [
            [
              116.333348,
              39.935688
            ],
            [
              116.334965,
              39.935891
            ],
            [
              116.336316,
              39.936039
            ],
            [
              116.337018,
              39.935276
            ],
            [
              116.337258,
              39.935029
            ],
            [
              116.33764,
              39.934417
            ],
            [
              116.337712,
              39.933991
            ],
            [
              116.337587,
              39.933805
            ],
            [
              116.337485,
              39.933365
            ],
            [
              116.336696,
              39.933377
            ],
            [
              116.336689,
              39.932935
            ],
            [
              116.335718,
              39.932872
            ],
            [
              116.335604,
              39.93288
            ],
            [
              116.335607,
              39.932373
            ],
            [
              116.3357,
              39.932223
            ],
            [
              116.335181,
              39.932151
            ],
            [
              116.334981,
              39.93209
            ],
            [
              116.333258,
              39.932121
            ],
            [
              116.333348,
              39.935688
            ]
          ]
        ],
        "type": "Polygon"
      },
      "id": "OSM-WAY-412295595-DAILY_LIFE",
      "properties": {
        "amenity": "university",
        "evidence_status": "contextual",
        "id": "OSM-WAY-412295595-DAILY_LIFE",
        "layer": "daily_life",
        "name": "北京建筑大学（西城校区）",
        "name:en": "Beijing University of Civil Engineering and Architecture - Xicheng Campus",
        "name:zh": "北京建筑大学（西城校区）",
        "osm_id": 412295595,
        "osm_type": "way",
        "wheelchair": "yes"
      },
      "type": "Feature"
    },
    {
      "geometry": {
        "coordinates": [
          [
            [
              116.300154,
              39.934968
            ],
            [
              116.302454,
              39.934982
            ],
            [
              116.303702,
              39.934992
            ],
            [
              116.303664,
              39.936625
            ],
            [
              116.303342,
              39.936624
            ],
            [
              116.303339,
              39.937024
            ],
            [
              116.303339,
              39.93707
            ],
            [
              116.30302,
              39.937072
            ],
            [
              116.303029,
              39.937709
            ],
            [
              116.300954,
              39.937697
            ],
            [
              116.300957,
              39.937371
            ],
            [
              116.299994,
              39.937363
            ],
            [
              116.300003,
              39.936468
            ],
            [
              116.299896,
              39.936397
            ],
            [
              116.29991,
              39.934967
            ],
            [
              116.300154,
              39.934968
            ]
          ]
        ],
        "type": "Polygon"
      },
      "id": "OSM-WAY-412296444-DAILY_LIFE",
      "properties": {
        "amenity": "university",
        "evidence_status": "contextual",
        "id": "OSM-WAY-412296444-DAILY_LIFE",
        "layer": "daily_life",
        "name": "首都师范大学（北一区）",
        "name:en": "Capital Normal University - North Campus 1",
        "operator": "首都师范大学",
        "osm_id": 412296444,
        "osm_type": "way"
      },
      "type": "Feature"
    },
    {
      "geometry": {
        "coordinates": [
          [
            [
              116.304445,
              39.936513
            ],
            [
              116.306878,
              39.936528
            ],
            [
              116.30683,
              39.935392
            ],
            [
              116.306458,
              39.93539
            ],
            [
              116.305468,
              39.935383
            ],
            [
              116.30547,
              39.935143
            ],
            [
              116.305084,
              39.935127
            ],
            [
              116.30506,
              39.935215
            ],
            [
              116.304821,
              39.935213
            ],
            [
              116.304745,
              39.935219
            ],
            [
              116.304533,
              39.935211
            ],
            [
              116.304461,
              39.935213
            ],
            [
              116.304445,
              39.936513
            ]
          ]
        ],
        "type": "Polygon"
      },
      "id": "OSM-WAY-412296512-DAILY_LIFE",
      "properties": {
        "amenity": "university",
        "evidence_status": "contextual",
        "id": "OSM-WAY-412296512-DAILY_LIFE",
        "layer": "daily_life",
        "name": "首都师范大学（北二区）",
        "name:en": "Capital Normal University - North Campus 2",
        "operator": "首都师范大学",
        "osm_id": 412296512,
        "osm_type": "way"
      },
      "type": "Feature"
    },
    {
      "geometry": {
        "coordinates": [
          [
            [
              116.296472,
              39.941226
            ],
            [
              116.296883,
              39.941946
            ],
            [
              116.297099,
              39.942298
            ],
            [
              116.299065,
              39.941631
            ],
            [
              116.299134,
              39.941735
            ],
            [
              116.299542,
              39.942307
            ],
            [
              116.300392,
              39.941944
            ],
            [
              116.299217,
              39.939272
            ],
            [
              116.29765,
              39.939457
            ],
            [
              116.296349,
              39.939579
            ],
            [
              116.2956,
              39.939457
            ],
            [
              116.295665,
              39.940722
            ],
            [
              116.295657,
              39.941489
            ],
            [
              116.296472,
              39.941226
            ]
          ]
        ],
        "type": "Polygon"
      },
      "id": "OSM-WAY-412296579-DAILY_LIFE",
      "properties": {
        "amenity": "university",
        "evidence_status": "contextual",
        "id": "OSM-WAY-412296579-DAILY_LIFE",
        "layer": "daily_life",
        "name": "北京化工大学(西校区)",
        "name:en": "Beijing University of Chemical Technology(West Campus)",
        "name:zh": "北京化工大学(西校区)",
        "operator": "中华人民共和国教育部",
        "osm_id": 412296579,
        "osm_type": "way"
      },
      "type": "Feature"
    },
    {
      "geometry": {
        "coordinates": [
          [
            [
              116.299418,
              39.950443
            ],
            [
              116.300492,
              39.950504
            ],
            [
              116.300566,
              39.94992
            ],
            [
              116.301519,
              39.949942
            ],
            [
              116.301352,
              39.951785
            ],
            [
              116.303026,
              39.951861
            ],
            [
              116.303268,
              39.947525
            ],
            [
              116.302443,
              39.94745
            ],
            [
              116.301558,
              39.947408
            ],
            [
              116.300779,
              39.947915
            ],
            [
              116.300717,
              39.94815
            ],
            [
              116.300207,
              39.948181
            ],
            [
              116.300139,
              39.948553
            ],
            [
              116.299588,
              39.948535
            ],
            [
              116.299559,
              39.948852
            ],
            [
              116.299418,
              39.950443
            ]
          ]
        ],
        "type": "Polygon"
      },
      "id": "OSM-WAY-412296635-DAILY_LIFE",
      "properties": {
        "amenity": "university",
        "evidence_status": "contextual",
        "id": "OSM-WAY-412296635-DAILY_LIFE",
        "layer": "daily_life",
        "name": "中国青年政治学院",
        "name:en": "China Youth University of Political Studies",
        "name:zh": "中国青年政治学院",
        "osm_id": 412296635,
        "osm_type": "way"
      },
      "type": "Feature"
    },
    {
      "geometry": {
        "coordinates": [
          [
            [
              116.311937,
              39.972693
            ],
            [
              116.311728,
              39.973284
            ],
            [
              116.311534,
              39.973232
            ],
            [
              116.311475,
              39.973339
            ],
            [
              116.311415,
              39.973447
            ],
            [
              116.311384,
              39.973505
            ],
            [
              116.31135,
              39.973542
            ],
            [
              116.311035,
              39.974198
            ],
            [
              116.310864,
              39.974268
            ],
            [
              116.30936,
              39.974114
            ],
            [
              116.309101,
              39.974097
            ],
            [
              116.309046,
              39.974096
            ],
            [
              116.308383,
              39.974047
            ],
            [
              116.305637,
              39.973899
            ],
            [
              116.30565,
              39.973805
            ],
            [
              116.305923,
              39.972148
            ],
            [
              116.306089,
              39.972161
            ],
            [
              116.307288,
              39.972258
            ],
            [
              116.3081,
              39.972324
            ],
            [
              116.308233,
              39.972335
            ],
            [
              116.308294,
              39.97234
            ],
            [
              116.309043,
              39.9724
            ],
            [
              116.309085,
              39.972404
            ],
            [
              116.309252,
              39.972417
            ],
            [
              116.310616,
              39.972527
            ],
            [
              116.311937,
              39.972693
            ]
          ]
        ],
        "type": "Polygon"
      },
      "id": "OSM-WAY-412296879-DAILY_LIFE",
      "properties": {
        "amenity": "school",
        "evidence_status": "contextual",
        "id": "OSM-WAY-412296879-DAILY_LIFE",
        "layer": "daily_life",
        "name": "中国人民大学附属中学",
        "name:en": "High School Affiliated to Renmin University",
        "name:zh": "中国人民大学附属中学",
        "osm_id": 412296879,
        "osm_type": "way"
      },
      "type": "Feature"
    },
    {
      "geometry": {
        "coordinates": [
          [
            [
              116.315312,
              39.975935
            ],
            [
              116.31554,
              39.975863
            ],
            [
              116.316075,
              39.97589
            ],
            [
              116.315972,
              39.976927
            ],
            [
              116.315923,
              39.977885
            ],
            [
              116.314074,
              39.977863
            ],
            [
              116.314007,
              39.977804
            ],
            [
              116.313969,
              39.977666
            ],
            [
              116.313422,
              39.977656
            ],
            [
              116.313435,
              39.977505
            ],
            [
              116.312737,
              39.977483
            ],
            [
              116.312774,
              39.976343
            ],
            [
              116.312807,
              39.975892
            ],
            [
              116.314041,
              39.975945
            ],
            [
              116.314068,
              39.975946
            ],
            [
              116.315312,
              39.975935
            ]
          ]
        ],
        "type": "Polygon"
      },
      "id": "OSM-WAY-412297452-DAILY_LIFE",
      "properties": {
        "alt_name": "北大附中",
        "amenity": "school",
        "evidence_status": "contextual",
        "id": "OSM-WAY-412297452-DAILY_LIFE",
        "layer": "daily_life",
        "name": "北京大学附属中学",
        "name:en": "The Affiliated High School of Peking University",
        "name:zh": "北京大学附属中学",
        "osm_id": 412297452,
        "osm_type": "way"
      },
      "type": "Feature"
    },
    {
      "geometry": {
        "coordinates": [
          [
            [
              116.312907,
              40.009357
            ],
            [
              116.312953,
              40.008901
            ],
            [
              116.31296,
              40.008813
            ],
            [
              116.312994,
              40.008549
            ],
            [
              116.313009,
              40.008371
            ],
            [
              116.313312,
              40.006307
            ],
            [
              116.314772,
              40.006382
            ],
            [
              116.31469,
              40.006999
            ],
            [
              116.316557,
              40.00709
            ],
            [
              116.31636,
              40.008817
            ],
            [
              116.316225,
              40.009102
            ],
            [
              116.316133,
              40.009571
            ],
            [
              116.316119,
              40.009643
            ],
            [
              116.314031,
              40.009459
            ],
            [
              116.312907,
              40.009357
            ]
          ]
        ],
        "type": "Polygon"
      },
      "id": "OSM-WAY-412298166-DAILY_LIFE",
      "properties": {
        "amenity": "school",
        "evidence_status": "contextual",
        "id": "OSM-WAY-412298166-DAILY_LIFE",
        "layer": "daily_life",
        "name": "清华大学附属中学",
        "name:en": "Tsinghua University High School",
        "name:zh": "清华大学附属中学",
        "operator": "清华大学",
        "osm_id": 412298166,
        "osm_type": "way",
        "wheelchair": "yes"
      },
      "type": "Feature"
    },
    {
      "geometry": {
        "coordinates": [
          [
            [
              116.36284,
              39.939041
            ],
            [
              116.362846,
              39.938815
            ],
            [
              116.362514,
              39.938813
            ],
            [
              116.362514,
              39.938696
            ],
            [
              116.362437,
              39.938108
            ],
            [
              116.362448,
              39.937788
            ],
            [
              116.362515,
              39.937742
            ],
            [
              116.362516,
              39.937691
            ],
            [
              116.362517,
              39.937624
            ],
            [
              116.362455,
              39.937576
            ],
            [
              116.362463,
              39.937316
            ],
            [
              116.362475,
              39.936956
            ],
            [
              116.363486,
              39.936972
            ],
            [
              116.364176,
              39.936976
            ],
            [
              116.36437,
              39.936977
            ],
            [
              116.364684,
              39.936974
            ],
            [
              116.364665,
              39.938947
            ],
            [
              116.364664,
              39.939048
            ],
            [
              116.363885,
              39.939045
            ],
            [
              116.36284,
              39.939041
            ]
          ]
        ],
        "type": "Polygon"
      },
      "id": "OSM-WAY-412304646-DAILY_LIFE",
      "properties": {
        "amenity": "school",
        "evidence_status": "contextual",
        "id": "OSM-WAY-412304646-DAILY_LIFE",
        "layer": "daily_life",
        "name": "北京市第三十五中学",
        "name:en": "Beijing No.35 High School",
        "osm_id": 412304646,
        "osm_type": "way"
      },
      "type": "Feature"
    },
    {
      "geometry": {
        "coordinates": [
          [
            [
              116.334132,
              40.003287
            ],
            [
              116.333958,
              40.00282
            ],
            [
              116.333897,
              40.002203
            ],
            [
              116.334002,
              40.001014
            ],
            [
              116.333977,
              40.000902
            ],
            [
              116.334053,
              39.999581
            ],
            [
              116.334182,
              39.999497
            ],
            [
              116.336961,
              39.999578
            ],
            [
              116.337085,
              39.999581
            ],
            [
              116.337152,
              39.999583
            ],
            [
              116.337733,
              39.9996
            ],
            [
              116.337771,
              39.999634
            ],
            [
              116.339077,
              39.999682
            ],
            [
              116.339283,
              39.99969
            ],
            [
              116.33953,
              39.999701
            ],
            [
              116.340731,
              39.999723
            ],
            [
              116.340723,
              39.999978
            ],
            [
              116.34133,
              40.000017
            ],
            [
              116.341371,
              40.00002
            ],
            [
              116.341434,
              40.000021
            ],
            [
              116.341476,
              39.999727
            ],
            [
              116.342091,
              39.999763
            ],
            [
              116.342617,
              39.999794
            ],
            [
              116.342564,
              40.000918
            ],
            [
              116.342579,
              40.001002
            ],
            [
              116.342744,
              40.001957
            ],
            [
              116.342764,
              40.002114
            ],
            [
              116.342816,
              40.00254
            ],
            [
              116.342813,
              40.002929
            ],
            [
              116.342804,
              40.003195
            ],
            [
              116.342786,
              40.003558
            ],
            [
              116.342693,
              40.006348
            ],
            [
              116.339888,
              40.00626
            ],
            [
              116.339952,
              40.004068
            ],
            [
              116.339967,
              40.003548
            ],
            [
              116.340013,
              40.001997
            ],
            [
              116.338431,
              40.001954
            ],
            [
              116.337031,
              40.001915
            ],
            [
              116.336811,
              40.00621
            ],
            [
              116.335731,
              40.006216
            ],
            [
              116.335684,
              40.006149
            ],
            [
              116.335575,
              40.006081
            ],
            [
              116.334721,
              40.004474
            ],
            [
              116.334479,
              40.00401
            ],
            [
              116.334132,
              40.003287
            ]
          ]
        ],
        "type": "Polygon"
      },
      "id": "OSM-WAY-412323504-DAILY_LIFE",
      "properties": {
        "amenity": "university",
        "evidence_status": "contextual",
        "id": "OSM-WAY-412323504-DAILY_LIFE",
        "layer": "daily_life",
        "name": "北京林业大学",
        "name:en": "Beijing Forestry University",
        "name:zh": "北京林业大学",
        "osm_id": 412323504,
        "osm_type": "way"
      },
      "type": "Feature"
    },
    {
      "geometry": {
        "coordinates": [
          [
            [
              116.348137,
              39.976824
            ],
            [
              116.349739,
              39.976853
            ],
            [
              116.349757,
              39.976285
            ],
            [
              116.350203,
              39.976293
            ],
            [
              116.35023,
              39.975414
            ],
            [
              116.349186,
              39.975395
            ],
            [
              116.34856,
              39.975384
            ],
            [
              116.34851,
              39.975531
            ],
            [
              116.34822,
              39.975503
            ],
            [
              116.348159,
              39.976274
            ],
            [
              116.348137,
              39.976824
            ]
          ]
        ],
        "type": "Polygon"
      },
      "id": "OSM-WAY-412323507-DAILY_LIFE",
      "properties": {
        "amenity": "university",
        "evidence_status": "contextual",
        "id": "OSM-WAY-412323507-DAILY_LIFE",
        "layer": "daily_life",
        "name": "北京联合大学学院路校区",
        "osm_id": 412323507,
        "osm_type": "way"
      },
      "type": "Feature"
    },
    {
      "geometry": {
        "coordinates": [
          [
            [
              116.348021,
              40.010093
            ],
            [
              116.348805,
              40.009044
            ],
            [
              116.348865,
              40.008963
            ],
            [
              116.349571,
              40.007537
            ],
            [
              116.349874,
              40.006857
            ],
            [
              116.351301,
              40.006895
            ],
            [
              116.351841,
              40.00695
            ],
            [
              116.352352,
              40.00706
            ],
            [
              116.350524,
              40.010731
            ],
            [
              116.34994,
              40.010582
            ],
            [
              116.348353,
              40.010171
            ],
            [
              116.348021,
              40.010093
            ]
          ]
        ],
        "type": "Polygon"
      },
      "id": "OSM-WAY-412323508-DAILY_LIFE",
      "properties": {
        "amenity": "university",
        "evidence_status": "contextual",
        "id": "OSM-WAY-412323508-DAILY_LIFE",
        "layer": "daily_life",
        "name": "中国农业大学",
        "name:zh": "中国农业大学",
        "osm_id": 412323508,
        "osm_type": "way"
      },
      "type": "Feature"
    },
    {
      "geometry": {
        "coordinates": [
          [
            [
              116.328853,
              39.960662
            ],
            [
              116.330904,
              39.960792
            ],
            [
              116.330695,
              39.962248
            ],
            [
              116.329683,
              39.962188
            ],
            [
              116.329685,
              39.962071
            ],
            [
              116.32876,
              39.962048
            ],
            [
              116.328853,
              39.960662
            ]
          ]
        ],
        "type": "Polygon"
      },
      "id": "OSM-WAY-41705633-DAILY_LIFE",
      "properties": {
        "amenity": "school",
        "evidence_status": "contextual",
        "id": "OSM-WAY-41705633-DAILY_LIFE",
        "layer": "daily_life",
        "name": "北京交通大学附属中学（北校区）",
        "name:en": "The High School Affiliated to Beijing Jiaotong University",
        "name:zh": "北京交通大学附属中学（北校区）",
        "osm_id": 41705633,
        "osm_type": "way"
      },
      "type": "Feature"
    },
    {
      "geometry": {
        "coordinates": [
          [
            [
              116.331338,
              39.968927
            ],
            [
              116.332368,
              39.968993
            ],
            [
              116.332646,
              39.966724
            ],
            [
              116.331599,
              39.966672
            ],
            [
              116.331338,
              39.968927
            ]
          ]
        ],
        "type": "Polygon"
      },
      "id": "OSM-WAY-42411602-DAILY_LIFE",
      "properties": {
        "amenity": "place_of_worship",
        "evidence_status": "contextual",
        "historic": "monument",
        "id": "OSM-WAY-42411602-DAILY_LIFE",
        "layer": "daily_life",
        "name": "大钟寺",
        "name:en": "Dazhong Temple",
        "name:zh": "大钟寺",
        "osm_id": 42411602,
        "osm_type": "way"
      },
      "type": "Feature"
    },
    {
      "geometry": {
        "coordinates": [
          [
            [
              116.34032,
              39.996569
            ],
            [
              116.341128,
              39.99659
            ],
            [
              116.341725,
              39.996607
            ],
            [
              116.341866,
              39.996611
            ],
            [
              116.341862,
              39.996687
            ],
            [
              116.34185,
              39.996904
            ],
            [
              116.341974,
              39.996998
            ],
            [
              116.341899,
              39.998261
            ],
            [
              116.340305,
              39.998221
            ],
            [
              116.340307,
              39.997727
            ],
            [
              116.340416,
              39.997728
            ],
            [
              116.340433,
              39.997284
            ],
            [
              116.340305,
              39.997282
            ],
            [
              116.34032,
              39.996569
            ]
          ]
        ],
        "type": "Polygon"
      },
      "id": "OSM-WAY-434331017-DAILY_LIFE",
      "properties": {
        "amenity": "school",
        "evidence_status": "contextual",
        "id": "OSM-WAY-434331017-DAILY_LIFE",
        "layer": "daily_life",
        "name": "北京市第一零一中学矿大分校",
        "name:zh": "北京市第一零一中学矿大分校",
        "osm_id": 434331017,
        "osm_type": "way"
      },
      "type": "Feature"
    },
    {
      "geometry": {
        "coordinates": [
          [
            [
              116.355289,
              39.991987
            ],
            [
              116.355289,
              39.991814
            ],
            [
              116.355329,
              39.991085
            ],
            [
              116.357061,
              39.991135
            ],
            [
              116.357082,
              39.990923
            ],
            [
              116.357352,
              39.990928
            ],
            [
              116.358033,
              39.990941
            ],
            [
              116.358024,
              39.991213
            ],
            [
              116.358655,
              39.991225
            ],
            [
              116.358807,
              39.991225
            ],
            [
              116.358779,
              39.992083
            ],
            [
              116.355289,
              39.991987
            ]
          ]
        ],
        "type": "Polygon"
      },
      "id": "OSM-WAY-435148186-DAILY_LIFE",
      "properties": {
        "amenity": "school",
        "evidence_status": "contextual",
        "id": "OSM-WAY-435148186-DAILY_LIFE",
        "layer": "daily_life",
        "name": "北京科技大学附属中学",
        "name:zh": "北京科技大学附属中学",
        "osm_id": 435148186,
        "osm_type": "way"
      },
      "type": "Feature"
    },
    {
      "geometry": {
        "coordinates": [
          [
            [
              116.337332,
              39.990477
            ],
            [
              116.338156,
              39.990498
            ],
            [
              116.338168,
              39.990266
            ],
            [
              116.338198,
              39.989698
            ],
            [
              116.338199,
              39.989677
            ],
            [
              116.337371,
              39.98966
            ],
            [
              116.337332,
              39.990477
            ]
          ]
        ],
        "type": "Polygon"
      },
      "id": "OSM-WAY-437945146-DAILY_LIFE",
      "properties": {
        "amenity": "school",
        "evidence_status": "contextual",
        "id": "OSM-WAY-437945146-DAILY_LIFE",
        "layer": "daily_life",
        "name": "海淀区第三实验小学（南校区）",
        "name:zh": "海淀区第三实验小学（南校区）",
        "osm_id": 437945146,
        "osm_type": "way"
      },
      "type": "Feature"
    },
    {
      "geometry": {
        "coordinates": [
          [
            [
              116.365323,
              39.955577
            ],
            [
              116.365386,
              39.95418
            ],
            [
              116.36768,
              39.954259
            ],
            [
              116.367735,
              39.954325
            ],
            [
              116.367709,
              39.955011
            ],
            [
              116.367132,
              39.955009
            ],
            [
              116.36707,
              39.956245
            ],
            [
              116.36705,
              39.956305
            ],
            [
              116.367,
              39.956355
            ],
            [
              116.36692,
              39.956375
            ],
            [
              116.365433,
              39.956387
            ],
            [
              116.365333,
              39.956377
            ],
            [
              116.365263,
              39.956347
            ],
            [
              116.365243,
              39.956277
            ],
            [
              116.365323,
              39.955577
            ]
          ]
        ],
        "type": "Polygon"
      },
      "id": "OSM-WAY-438504958-DAILY_LIFE",
      "properties": {
        "amenity": "hospital",
        "evidence_status": "contextual",
        "id": "OSM-WAY-438504958-DAILY_LIFE",
        "landuse": "military",
        "layer": "daily_life",
        "name": "中国人民解放军火箭军特色医学中心",
        "osm_id": 438504958,
        "osm_type": "way"
      },
      "type": "Feature"
    },
    {
      "geometry": {
        "coordinates": [
          [
            [
              116.366052,
              40.010309
            ],
            [
              116.365357,
              40.010305
            ],
            [
              116.365363,
              40.009744
            ],
            [
              116.366052,
              40.009768
            ],
            [
              116.366052,
              40.010309
            ]
          ]
        ],
        "type": "Polygon"
      },
      "id": "OSM-WAY-439833755-DAILY_LIFE",
      "properties": {
        "amenity": "kindergarten",
        "evidence_status": "contextual",
        "id": "OSM-WAY-439833755-DAILY_LIFE",
        "layer": "daily_life",
        "name": "为明幼教实验幼儿园",
        "osm_id": 439833755,
        "osm_type": "way"
      },
      "type": "Feature"
    },
    {
      "geometry": {
        "coordinates": [
          [
            [
              116.386092,
              39.994003
            ],
            [
              116.386307,
              39.994006
            ],
            [
              116.386311,
              39.993857
            ],
            [
              116.386096,
              39.993854
            ],
            [
              116.386092,
              39.994003
            ]
          ]
        ],
        "type": "Polygon"
      },
      "id": "OSM-WAY-439956426-DAILY_LIFE",
      "properties": {
        "amenity": "toilets",
        "building": "yes",
        "evidence_status": "contextual",
        "id": "OSM-WAY-439956426-DAILY_LIFE",
        "layer": "daily_life",
        "osm_id": 439956426,
        "osm_type": "way"
      },
      "type": "Feature"
    },
    {
      "geometry": {
        "coordinates": [
          [
            [
              116.363045,
              40.008365
            ],
            [
              116.363003,
              40.009856
            ],
            [
              116.362633,
              40.009855
            ],
            [
              116.361638,
              40.009407
            ],
            [
              116.362402,
              40.008379
            ],
            [
              116.363045,
              40.008365
            ]
          ]
        ],
        "type": "Polygon"
      },
      "id": "OSM-WAY-442765604-DAILY_LIFE",
      "properties": {
        "amenity": "school",
        "evidence_status": "contextual",
        "id": "OSM-WAY-442765604-DAILY_LIFE",
        "layer": "daily_life",
        "name": "北京师范大学朝阳附属学校（中学部）",
        "name:zh": "北京师范大学朝阳附属学校（中学部）",
        "osm_id": 442765604,
        "osm_type": "way"
      },
      "type": "Feature"
    },
    {
      "geometry": {
        "coordinates": [
          [
            [
              116.362494,
              40.03195
            ],
            [
              116.363026,
              40.030298
            ],
            [
              116.363118,
              40.030264
            ],
            [
              116.363787,
              40.030396
            ],
            [
              116.364751,
              40.030669
            ],
            [
              116.364571,
              40.031533
            ],
            [
              116.363989,
              40.032304
            ],
            [
              116.363156,
              40.032115
            ],
            [
              116.362494,
              40.03195
            ]
          ]
        ],
        "type": "Polygon"
      },
      "id": "OSM-WAY-447572742-DAILY_LIFE",
      "properties": {
        "amenity": "school",
        "evidence_status": "contextual",
        "id": "OSM-WAY-447572742-DAILY_LIFE",
        "layer": "daily_life",
        "name": "北京师范大学第二附属中学国际部",
        "name:en": "The Second Highschool attached to Beijing Normal University-International Department",
        "osm_id": 447572742,
        "osm_type": "way"
      },
      "type": "Feature"
    },
    {
      "geometry": {
        "coordinates": [
          [
            [
              116.354671,
              40.031813
            ],
            [
              116.354294,
              40.031627
            ],
            [
              116.353388,
              40.031415
            ],
            [
              116.352518,
              40.03121
            ],
            [
              116.352786,
              40.029965
            ],
            [
              116.352919,
              40.02935
            ],
            [
              116.354184,
              40.029452
            ],
            [
              116.354172,
              40.029536
            ],
            [
              116.354736,
              40.029587
            ],
            [
              116.354722,
              40.029687
            ],
            [
              116.354652,
              40.030211
            ],
            [
              116.354963,
              40.030245
            ],
            [
              116.354671,
              40.031813
            ]
          ]
        ],
        "type": "Polygon"
      },
      "id": "OSM-WAY-448631004-DAILY_LIFE",
      "properties": {
        "amenity": "school",
        "evidence_status": "contextual",
        "id": "OSM-WAY-448631004-DAILY_LIFE",
        "layer": "daily_life",
        "name": "北京市信息管理学院",
        "osm_id": 448631004,
        "osm_type": "way"
      },
      "type": "Feature"
    },
    {
      "geometry": {
        "coordinates": [
          [
            [
              116.372485,
              40.002702
            ],
            [
              116.372582,
              40.001691
            ],
            [
              116.372684,
              40.00105
            ],
            [
              116.372734,
              40.000636
            ],
            [
              116.374091,
              40.000684
            ],
            [
              116.374184,
              40.000756
            ],
            [
              116.374314,
              40.002782
            ],
            [
              116.374349,
              40.003027
            ],
            [
              116.372622,
              40.002986
            ],
            [
              116.372224,
              40.002971
            ],
            [
              116.372152,
              40.002694
            ],
            [
              116.372485,
              40.002702
            ]
          ]
        ],
        "type": "Polygon"
      },
      "id": "OSM-WAY-467591980-DAILY_LIFE",
      "properties": {
        "amenity": "university",
        "evidence_status": "contextual",
        "id": "OSM-WAY-467591980-DAILY_LIFE",
        "layer": "daily_life",
        "name": "中国科学院大学（奥运村校区）",
        "name:en": "University of Chinese Academy of Sciences (Olympic Village Campus)",
        "name:zh": "中国科学院大学（奥运村校区）",
        "operator": "University of Chinese Academy of Sciences",
        "osm_id": 467591980,
        "osm_type": "way"
      },
      "type": "Feature"
    },
    {
      "geometry": {
        "coordinates": [
          [
            [
              116.355863,
              39.98004
            ],
            [
              116.356101,
              39.980051
            ],
            [
              116.356096,
              39.980207
            ],
            [
              116.356855,
              39.980223
            ],
            [
              116.356957,
              39.980089
            ],
            [
              116.357378,
              39.980108
            ],
            [
              116.357449,
              39.978895
            ],
            [
              116.35593,
              39.978827
            ],
            [
              116.355906,
              39.979271
            ],
            [
              116.355785,
              39.979295
            ],
            [
              116.35578,
              39.979357
            ],
            [
              116.355899,
              39.979391
            ],
            [
              116.355863,
              39.98004
            ]
          ]
        ],
        "type": "Polygon"
      },
      "id": "OSM-WAY-467711164-DAILY_LIFE",
      "properties": {
        "alt_name": "北医附中",
        "amenity": "school",
        "evidence_status": "contextual",
        "id": "OSM-WAY-467711164-DAILY_LIFE",
        "layer": "daily_life",
        "name": "北京大学附属中学北医分校",
        "name:zh": "北京大学附属中学北医分校",
        "osm_id": 467711164,
        "osm_type": "way"
      },
      "type": "Feature"
    },
    {
      "geometry": {
        "coordinates": [
          [
            [
              116.315622,
              39.983021
            ],
            [
              116.316652,
              39.982993
            ],
            [
              116.316702,
              39.981609
            ],
            [
              116.315695,
              39.981588
            ],
            [
              116.315611,
              39.982235
            ],
            [
              116.315119,
              39.982185
            ],
            [
              116.314993,
              39.982158
            ],
            [
              116.314943,
              39.982373
            ],
            [
              116.314932,
              39.982477
            ],
            [
              116.31493,
              39.982599
            ],
            [
              116.3149,
              39.983
            ],
            [
              116.315622,
              39.983021
            ]
          ]
        ],
        "type": "Polygon"
      },
      "id": "OSM-WAY-467844922-DAILY_LIFE",
      "properties": {
        "amenity": "school",
        "evidence_status": "contextual",
        "id": "OSM-WAY-467844922-DAILY_LIFE",
        "layer": "daily_life",
        "name": "海淀区中关村第一小学",
        "name:zh": "海淀区中关村第一小学",
        "osm_id": 467844922,
        "osm_type": "way"
      },
      "type": "Feature"
    },
    {
      "geometry": {
        "coordinates": [
          [
            [
              116.318995,
              39.977932
            ],
            [
              116.321761,
              39.977997
            ],
            [
              116.32183,
              39.97652
            ],
            [
              116.321775,
              39.976518
            ],
            [
              116.320833,
              39.976502
            ],
            [
              116.32082,
              39.976943
            ],
            [
              116.319736,
              39.976903
            ],
            [
              116.319725,
              39.977097
            ],
            [
              116.319052,
              39.977074
            ],
            [
              116.318995,
              39.977932
            ]
          ]
        ],
        "type": "Polygon"
      },
      "id": "OSM-WAY-467845000-DAILY_LIFE",
      "properties": {
        "amenity": "school",
        "evidence_status": "contextual",
        "id": "OSM-WAY-467845000-DAILY_LIFE",
        "layer": "daily_life",
        "name": "北京市中关村中学",
        "osm_id": 467845000,
        "osm_type": "way"
      },
      "type": "Feature"
    },
    {
      "geometry": {
        "coordinates": [
          [
            [
              116.31703,
              39.96801
            ],
            [
              116.317811,
              39.968029
            ],
            [
              116.317845,
              39.967217
            ],
            [
              116.317064,
              39.967198
            ],
            [
              116.31703,
              39.96801
            ]
          ]
        ],
        "type": "Polygon"
      },
      "id": "OSM-WAY-467852131-DAILY_LIFE",
      "properties": {
        "amenity": "school",
        "evidence_status": "contextual",
        "id": "OSM-WAY-467852131-DAILY_LIFE",
        "layer": "daily_life",
        "name": "海淀区双榆树中心小学",
        "osm_id": 467852131,
        "osm_type": "way"
      },
      "type": "Feature"
    },
    {
      "geometry": {
        "coordinates": [
          [
            [
              116.334713,
              39.935208
            ],
            [
              116.334995,
              39.935237
            ],
            [
              116.33507,
              39.934813
            ],
            [
              116.334788,
              39.934783
            ],
            [
              116.334713,
              39.935208
            ]
          ]
        ],
        "type": "Polygon"
      },
      "id": "OSM-WAY-468830012-DAILY_LIFE",
      "properties": {
        "amenity": "community_centre",
        "building": "yes",
        "evidence_status": "contextual",
        "id": "OSM-WAY-468830012-DAILY_LIFE",
        "layer": "daily_life",
        "name": "大学生活动中心",
        "name:zh": "大学生活动中心",
        "osm_id": 468830012,
        "osm_type": "way"
      },
      "type": "Feature"
    },
    {
      "geometry": {
        "coordinates": [
          [
            [
              116.337581,
              39.953518
            ],
            [
              116.337753,
              39.952811
            ],
            [
              116.338627,
              39.952928
            ],
            [
              116.338466,
              39.953483
            ],
            [
              116.338812,
              39.953523
            ],
            [
              116.338793,
              39.953647
            ],
            [
              116.338626,
              39.953645
            ],
            [
              116.338537,
              39.953963
            ],
            [
              116.337918,
              39.953926
            ],
            [
              116.337869,
              39.954039
            ],
            [
              116.337387,
              39.953954
            ],
            [
              116.337581,
              39.953518
            ]
          ]
        ],
        "type": "Polygon"
      },
      "id": "OSM-WAY-473654610-DAILY_LIFE",
      "properties": {
        "amenity": "school",
        "evidence_status": "contextual",
        "id": "OSM-WAY-473654610-DAILY_LIFE",
        "layer": "daily_life",
        "name": "北京交通大学附属中学（南校区）",
        "name:zh": "北京交通大学附属中学（南校区）",
        "operator": "北京交通大学",
        "osm_id": 473654610,
        "osm_type": "way"
      },
      "type": "Feature"
    },
    {
      "geometry": {
        "coordinates": [
          [
            [
              116.316475,
              40.029567
            ],
            [
              116.318299,
              40.029852
            ],
            [
              116.317933,
              40.031251
            ],
            [
              116.317859,
              40.031277
            ],
            [
              116.317049,
              40.031183
            ],
            [
              116.316685,
              40.031133
            ],
            [
              116.31626,
              40.031039
            ],
            [
              116.316432,
              40.030576
            ],
            [
              116.316125,
              40.030493
            ],
            [
              116.316475,
              40.029567
            ]
          ]
        ],
        "type": "Polygon"
      },
      "id": "OSM-WAY-475229886-DAILY_LIFE",
      "properties": {
        "amenity": "university",
        "evidence_status": "contextual",
        "id": "OSM-WAY-475229886-DAILY_LIFE",
        "layer": "daily_life",
        "name": "中央财经大学清河校区",
        "name:zh": "中央财经大学清河校区",
        "osm_id": 475229886,
        "osm_type": "way"
      },
      "type": "Feature"
    },
    {
      "geometry": {
        "coordinates": [
          [
            [
              116.316169,
              40.033217
            ],
            [
              116.316303,
              40.032841
            ],
            [
              116.316386,
              40.032802
            ],
            [
              116.317418,
              40.032915
            ],
            [
              116.317252,
              40.033385
            ],
            [
              116.316169,
              40.033217
            ]
          ]
        ],
        "type": "Polygon"
      },
      "id": "OSM-WAY-475230083-DAILY_LIFE",
      "properties": {
        "amenity": "kindergarten",
        "evidence_status": "contextual",
        "id": "OSM-WAY-475230083-DAILY_LIFE",
        "layer": "daily_life",
        "name": "美和园幼儿园",
        "osm_id": 475230083,
        "osm_type": "way"
      },
      "type": "Feature"
    },
    {
      "geometry": {
        "coordinates": [
          [
            [
              116.313886,
              39.979602
            ],
            [
              116.314971,
              39.97962
            ],
            [
              116.315018,
              39.977967
            ],
            [
              116.313932,
              39.97795
            ],
            [
              116.313886,
              39.979602
            ]
          ]
        ],
        "type": "Polygon"
      },
      "id": "OSM-WAY-476901082-DAILY_LIFE",
      "properties": {
        "amenity": "hospital",
        "evidence_status": "contextual",
        "id": "OSM-WAY-476901082-DAILY_LIFE",
        "layer": "daily_life",
        "name": "北京市中关村医院",
        "name:zh": "北京市中关村医院",
        "osm_id": 476901082,
        "osm_type": "way"
      },
      "type": "Feature"
    },
    {
      "geometry": {
        "coordinates": [
          [
            [
              116.371916,
              39.989139
            ],
            [
              116.374179,
              39.989205
            ],
            [
              116.374116,
              39.991032
            ],
            [
              116.371305,
              39.990979
            ],
            [
              116.371174,
              39.9909
            ],
            [
              116.371431,
              39.99039
            ],
            [
              116.371614,
              39.989856
            ],
            [
              116.371916,
              39.989139
            ]
          ]
        ],
        "type": "Polygon"
      },
      "id": "OSM-WAY-48051017-DAILY_LIFE",
      "properties": {
        "amenity": "college",
        "evidence_status": "contextual",
        "id": "OSM-WAY-48051017-DAILY_LIFE",
        "layer": "daily_life",
        "name": "中国音乐学院",
        "name:en": "China Music Academy",
        "osm_id": 48051017,
        "osm_type": "way"
      },
      "type": "Feature"
    },
    {
      "geometry": {
        "coordinates": [
          [
            [
              116.39471,
              39.998642
            ],
            [
              116.396381,
              39.99865
            ],
            [
              116.39639,
              39.997558
            ],
            [
              116.395576,
              39.997554
            ],
            [
              116.395573,
              39.997909
            ],
            [
              116.395025,
              39.997906
            ],
            [
              116.395023,
              39.998108
            ],
            [
              116.394714,
              39.998107
            ],
            [
              116.39471,
              39.998642
            ]
          ]
        ],
        "type": "Polygon"
      },
      "id": "OSM-WAY-482818390-DAILY_LIFE",
      "properties": {
        "amenity": "school",
        "evidence_status": "contextual",
        "id": "OSM-WAY-482818390-DAILY_LIFE",
        "layer": "daily_life",
        "name": "北京市朝阳外国语学校小学部（232校区）",
        "osm_id": 482818390,
        "osm_type": "way"
      },
      "type": "Feature"
    },
    {
      "geometry": {
        "coordinates": [
          [
            [
              116.389409,
              39.93528
            ],
            [
              116.389626,
              39.935277
            ],
            [
              116.389642,
              39.935514
            ],
            [
              116.389581,
              39.935515
            ],
            [
              116.389612,
              39.936006
            ],
            [
              116.389251,
              39.936015
            ],
            [
              116.389252,
              39.935952
            ],
            [
              116.389233,
              39.935832
            ],
            [
              116.389167,
              39.935785
            ],
            [
              116.389163,
              39.935718
            ],
            [
              116.389212,
              39.935668
            ],
            [
              116.389201,
              39.93532
            ],
            [
              116.389198,
              39.935281
            ],
            [
              116.389303,
              39.935278
            ],
            [
              116.389302,
              39.935255
            ],
            [
              116.389408,
              39.935253
            ],
            [
              116.389409,
              39.93528
            ]
          ]
        ],
        "type": "Polygon"
      },
      "id": "OSM-WAY-497790863-DAILY_LIFE",
      "properties": {
        "amenity": "place_of_worship",
        "evidence_status": "contextual",
        "id": "OSM-WAY-497790863-DAILY_LIFE",
        "layer": "daily_life",
        "name": "火德真君庙",
        "name:en": "Huode Zhenjun Temple",
        "osm_id": 497790863,
        "osm_type": "way",
        "wheelchair": "no"
      },
      "type": "Feature"
    },
    {
      "geometry": {
        "coordinates": [
          [
            [
              116.345903,
              39.971892
            ],
            [
              116.34591,
              39.970796
            ],
            [
              116.344979,
              39.970793
            ],
            [
              116.344975,
              39.971444
            ],
            [
              116.344973,
              39.971889
            ],
            [
              116.345903,
              39.971892
            ]
          ]
        ],
        "type": "Polygon"
      },
      "id": "OSM-WAY-499007315-DAILY_LIFE",
      "properties": {
        "amenity": "school",
        "evidence_status": "contextual",
        "id": "OSM-WAY-499007315-DAILY_LIFE",
        "layer": "daily_life",
        "name": "中关村中学蓟门里",
        "osm_id": 499007315,
        "osm_type": "way"
      },
      "type": "Feature"
    },
    {
      "geometry": {
        "coordinates": [
          [
            [
              116.361587,
              39.962301
            ],
            [
              116.363029,
              39.962369
            ],
            [
              116.363106,
              39.961414
            ],
            [
              116.362604,
              39.961393
            ],
            [
              116.361666,
              39.961331
            ],
            [
              116.361587,
              39.962301
            ]
          ]
        ],
        "type": "Polygon"
      },
      "id": "OSM-WAY-499428275-DAILY_LIFE",
      "properties": {
        "amenity": "school",
        "evidence_status": "contextual",
        "id": "OSM-WAY-499428275-DAILY_LIFE",
        "layer": "daily_life",
        "name": "北师大实验小学",
        "name:zh": "北师大实验小学",
        "osm_id": 499428275,
        "osm_type": "way"
      },
      "type": "Feature"
    },
    {
      "geometry": {
        "coordinates": [
          [
            [
              116.344696,
              39.969935
            ],
            [
              116.344706,
              39.969178
            ],
            [
              116.345484,
              39.969184
            ],
            [
              116.345474,
              39.969941
            ],
            [
              116.344696,
              39.969935
            ]
          ]
        ],
        "type": "Polygon"
      },
      "id": "OSM-WAY-499474090-DAILY_LIFE",
      "properties": {
        "amenity": "school",
        "evidence_status": "contextual",
        "id": "OSM-WAY-499474090-DAILY_LIFE",
        "layer": "daily_life",
        "name": "海淀区学院路小学",
        "name:zh": "海淀区学院路小学",
        "osm_id": 499474090,
        "osm_type": "way"
      },
      "type": "Feature"
    },
    {
      "geometry": {
        "coordinates": [
          [
            [
              116.303669,
              39.97401
            ],
            [
              116.303674,
              39.973956
            ],
            [
              116.303767,
              39.97297
            ],
            [
              116.30378,
              39.972898
            ],
            [
              116.303963,
              39.971897
            ],
            [
              116.304274,
              39.971934
            ],
            [
              116.30517,
              39.972042
            ],
            [
              116.305861,
              39.972125
            ],
            [
              116.305577,
              39.974101
            ],
            [
              116.304632,
              39.974057
            ],
            [
              116.303851,
              39.974018
            ],
            [
              116.303669,
              39.97401
            ]
          ]
        ],
        "type": "Polygon"
      },
      "id": "OSM-WAY-515209524-DAILY_LIFE",
      "properties": {
        "amenity": "university",
        "evidence_status": "contextual",
        "id": "OSM-WAY-515209524-DAILY_LIFE",
        "layer": "daily_life",
        "name": "中国人民大学北校区",
        "name:zh": "中国人民大学北校区",
        "osm_id": 515209524,
        "osm_type": "way"
      },
      "type": "Feature"
    },
    {
      "geometry": {
        "coordinates": [
          [
            [
              116.309101,
              39.974097
            ],
            [
              116.309147,
              39.973696
            ],
            [
              116.309717,
              39.973734
            ],
            [
              116.309695,
              39.973925
            ],
            [
              116.309384,
              39.973904
            ],
            [
              116.30936,
              39.974114
            ],
            [
              116.309101,
              39.974097
            ]
          ]
        ],
        "type": "Polygon"
      },
      "id": "OSM-WAY-518469017-DAILY_LIFE",
      "properties": {
        "amenity": "library",
        "building": "yes",
        "evidence_status": "contextual",
        "id": "OSM-WAY-518469017-DAILY_LIFE",
        "layer": "daily_life",
        "name": "图书馆及计算机机房",
        "operator": "中国人民大学附属中学",
        "osm_id": 518469017,
        "osm_type": "way"
      },
      "type": "Feature"
    },
    {
      "geometry": {
        "coordinates": [
          [
            [
              116.368432,
              40.033159
            ],
            [
              116.368622,
              40.032594
            ],
            [
              116.368777,
              40.032092
            ],
            [
              116.370172,
              40.032243
            ],
            [
              116.3705,
              40.032262
            ],
            [
              116.370761,
              40.032242
            ],
            [
              116.371043,
              40.032276
            ],
            [
              116.370496,
              40.03362
            ],
            [
              116.368432,
              40.033159
            ]
          ]
        ],
        "type": "Polygon"
      },
      "id": "OSM-WAY-527503372-DAILY_LIFE",
      "properties": {
        "amenity": "school",
        "evidence_status": "contextual",
        "id": "OSM-WAY-527503372-DAILY_LIFE",
        "layer": "daily_life",
        "name": "北京石油学院附属实验小学",
        "osm_id": 527503372,
        "osm_type": "way"
      },
      "type": "Feature"
    },
    {
      "geometry": {
        "coordinates": [
          [
            [
              116.370957,
              40.03438
            ],
            [
              116.371284,
              40.033605
            ],
            [
              116.371863,
              40.03376
            ],
            [
              116.372472,
              40.033898
            ],
            [
              116.372833,
              40.033999
            ],
            [
              116.372864,
              40.03415
            ],
            [
              116.372867,
              40.034589
            ],
            [
              116.372832,
              40.034741
            ],
            [
              116.372609,
              40.035151
            ],
            [
              116.372135,
              40.034976
            ],
            [
              116.370957,
              40.03438
            ]
          ]
        ],
        "type": "Polygon"
      },
      "id": "OSM-WAY-527503509-DAILY_LIFE",
      "properties": {
        "amenity": "school",
        "evidence_status": "contextual",
        "id": "OSM-WAY-527503509-DAILY_LIFE",
        "layer": "daily_life",
        "name": "北京石油学院附属第二实验小学",
        "osm_id": 527503509,
        "osm_type": "way"
      },
      "type": "Feature"
    },
    {
      "geometry": {
        "coordinates": [
          [
            [
              116.297734,
              39.967258
            ],
            [
              116.298906,
              39.967249
            ],
            [
              116.299969,
              39.967318
            ],
            [
              116.299895,
              39.967661
            ],
            [
              116.300101,
              39.967689
            ],
            [
              116.300037,
              39.968353
            ],
            [
              116.299989,
              39.968522
            ],
            [
              116.299885,
              39.968606
            ],
            [
              116.300128,
              39.968762
            ],
            [
              116.299914,
              39.968959
            ],
            [
              116.299188,
              39.969371
            ],
            [
              116.29885,
              39.969082
            ],
            [
              116.298572,
              39.968845
            ],
            [
              116.297133,
              39.968421
            ],
            [
              116.297682,
              39.967355
            ],
            [
              116.297734,
              39.967258
            ]
          ]
        ],
        "type": "Polygon"
      },
      "id": "OSM-WAY-534432977-DAILY_LIFE",
      "properties": {
        "amenity": "school",
        "evidence_status": "contextual",
        "id": "OSM-WAY-534432977-DAILY_LIFE",
        "layer": "daily_life",
        "name": "北京市第十九中学",
        "osm_id": 534432977,
        "osm_type": "way"
      },
      "type": "Feature"
    },
    {
      "geometry": {
        "coordinates": [
          [
            [
              116.313417,
              40.031706
            ],
            [
              116.313481,
              40.031651
            ],
            [
              116.313513,
              40.031673
            ],
            [
              116.313448,
              40.031728
            ],
            [
              116.313417,
              40.031706
            ]
          ]
        ],
        "type": "Polygon"
      },
      "id": "OSM-WAY-534696730-DAILY_LIFE",
      "properties": {
        "amenity": "police",
        "building": "yes",
        "evidence_status": "contextual",
        "id": "OSM-WAY-534696730-DAILY_LIFE",
        "layer": "daily_life",
        "name": "警务站",
        "opening_hours": "24/7",
        "osm_id": 534696730,
        "osm_type": "way"
      },
      "type": "Feature"
    },
    {
      "geometry": {
        "coordinates": [
          [
            [
              116.350979,
              39.983199
            ],
            [
              116.350983,
              39.983052
            ],
            [
              116.351214,
              39.983056
            ],
            [
              116.351218,
              39.982925
            ],
            [
              116.35122,
              39.982845
            ],
            [
              116.351001,
              39.982841
            ],
            [
              116.351006,
              39.982661
            ],
            [
              116.351543,
              39.98267
            ],
            [
              116.351538,
              39.982863
            ],
            [
              116.351767,
              39.982867
            ],
            [
              116.351764,
              39.982991
            ],
            [
              116.351549,
              39.982988
            ],
            [
              116.351542,
              39.983209
            ],
            [
              116.350979,
              39.983199
            ]
          ]
        ],
        "type": "Polygon"
      },
      "id": "OSM-WAY-543824383-DAILY_LIFE",
      "properties": {
        "amenity": "library",
        "building": "yes",
        "evidence_status": "contextual",
        "id": "OSM-WAY-543824383-DAILY_LIFE",
        "layer": "daily_life",
        "name": "医学图书馆",
        "name:zh": "医学图书馆",
        "opening_hours": "Mo-Su 08:00-22:00",
        "osm_id": 543824383,
        "osm_type": "way"
      },
      "type": "Feature"
    },
    {
      "geometry": {
        "coordinates": [
          [
            [
              116.355367,
              39.985395
            ],
            [
              116.355384,
              39.985103
            ],
            [
              116.355725,
              39.985115
            ],
            [
              116.355738,
              39.984825
            ],
            [
              116.356031,
              39.984832
            ],
            [
              116.356045,
              39.984505
            ],
            [
              116.356728,
              39.984523
            ],
            [
              116.356743,
              39.984186
            ],
            [
              116.355903,
              39.984165
            ],
            [
              116.355914,
              39.98391
            ],
            [
              116.355548,
              39.983898
            ],
            [
              116.355551,
              39.983854
            ],
            [
              116.355566,
              39.983425
            ],
            [
              116.355606,
              39.982319
            ],
            [
              116.355503,
              39.982319
            ],
            [
              116.355444,
              39.98232
            ],
            [
              116.354795,
              39.982329
            ],
            [
              116.354207,
              39.982317
            ],
            [
              116.353818,
              39.982268
            ],
            [
              116.353257,
              39.982259
            ],
            [
              116.352042,
              39.982232
            ],
            [
              116.352105,
              39.981528
            ],
            [
              116.352212,
              39.980397
            ],
            [
              116.352161,
              39.980394
            ],
            [
              116.352079,
              39.98039
            ],
            [
              116.352033,
              39.980387
            ],
            [
              116.351952,
              39.981473
            ],
            [
              116.350302,
              39.981414
            ],
            [
              116.350316,
              39.981188
            ],
            [
              116.35075,
              39.981203
            ],
            [
              116.350866,
              39.980351
            ],
            [
              116.349885,
              39.980321
            ],
            [
              116.349876,
              39.980418
            ],
            [
              116.349757,
              39.980414
            ],
            [
              116.349725,
              39.980936
            ],
            [
              116.347926,
              39.980889
            ],
            [
              116.34784,
              39.982815
            ],
            [
              116.34782,
              39.98324
            ],
            [
              116.348496,
              39.984605
            ],
            [
              116.350008,
              39.984641
            ],
            [
              116.349983,
              39.985218
            ],
            [
              116.351831,
              39.985282
            ],
            [
              116.355367,
              39.985395
            ]
          ]
        ],
        "type": "Polygon"
      },
      "id": "OSM-WAY-543831707-DAILY_LIFE",
      "properties": {
        "amenity": "university",
        "evidence_status": "contextual",
        "id": "OSM-WAY-543831707-DAILY_LIFE",
        "layer": "daily_life",
        "name": "北京大学医学部",
        "osm_id": 543831707,
        "osm_type": "way",
        "wheelchair": "yes"
      },
      "type": "Feature"
    },
    {
      "geometry": {
        "coordinates": [
          [
            [
              116.352042,
              39.982232
            ],
            [
              116.352105,
              39.981528
            ],
            [
              116.352212,
              39.980397
            ],
            [
              116.352658,
              39.980404
            ],
            [
              116.353186,
              39.980411
            ],
            [
              116.354206,
              39.980424
            ],
            [
              116.354978,
              39.980435
            ],
            [
              116.355568,
              39.980443
            ],
            [
              116.355444,
              39.98232
            ],
            [
              116.354795,
              39.982329
            ],
            [
              116.354207,
              39.982317
            ],
            [
              116.353818,
              39.982268
            ],
            [
              116.353257,
              39.982259
            ],
            [
              116.352042,
              39.982232
            ]
          ]
        ],
        "type": "Polygon"
      },
      "id": "OSM-WAY-543831900-DAILY_LIFE",
      "properties": {
        "alt_name": "北大三院;北医三院",
        "amenity": "hospital",
        "evidence_status": "contextual",
        "id": "OSM-WAY-543831900-DAILY_LIFE",
        "layer": "daily_life",
        "name": "北京大学第三医院",
        "name:en": "Peking University Third Hospital",
        "name:zh": "北京大学第三医院",
        "osm_id": 543831900,
        "osm_type": "way"
      },
      "type": "Feature"
    },
    {
      "geometry": {
        "coordinates": [
          [
            [
              116.350316,
              39.981188
            ],
            [
              116.35075,
              39.981203
            ],
            [
              116.350866,
              39.980351
            ],
            [
              116.352033,
              39.980387
            ],
            [
              116.351952,
              39.981473
            ],
            [
              116.350302,
              39.981414
            ],
            [
              116.350316,
              39.981188
            ]
          ]
        ],
        "type": "Polygon"
      },
      "id": "OSM-WAY-543831903-DAILY_LIFE",
      "properties": {
        "alt_name": "北大六院;北医六院",
        "amenity": "hospital",
        "evidence_status": "contextual",
        "id": "OSM-WAY-543831903-DAILY_LIFE",
        "layer": "daily_life",
        "name": "北京大学第六医院",
        "name:en": "Peking University Sixth Hospital",
        "name:zh": "北京大学第六医院",
        "osm_id": 543831903,
        "osm_type": "way"
      },
      "type": "Feature"
    },
    {
      "geometry": {
        "coordinates": [
          [
            [
              116.366032,
              39.982841
            ],
            [
              116.366091,
              39.982656
            ],
            [
              116.366498,
              39.982677
            ],
            [
              116.366498,
              39.982459
            ],
            [
              116.366895,
              39.982472
            ],
            [
              116.366885,
              39.982817
            ],
            [
              116.366032,
              39.982841
            ]
          ]
        ],
        "type": "Polygon"
      },
      "id": "OSM-WAY-545585944-DAILY_LIFE",
      "properties": {
        "amenity": "hospital",
        "evidence_status": "contextual",
        "id": "OSM-WAY-545585944-DAILY_LIFE",
        "layer": "daily_life",
        "osm_id": 545585944,
        "osm_type": "way"
      },
      "type": "Feature"
    },
    {
      "geometry": {
        "coordinates": [
          [
            [
              116.339289,
              40.03018
            ],
            [
              116.339371,
              40.029943
            ],
            [
              116.339566,
              40.029966
            ],
            [
              116.339556,
              40.030008
            ],
            [
              116.34006,
              40.030086
            ],
            [
              116.340072,
              40.030063
            ],
            [
              116.340304,
              40.03013
            ],
            [
              116.340253,
              40.030237
            ],
            [
              116.340078,
              40.030208
            ],
            [
              116.340045,
              40.03027
            ],
            [
              116.339507,
              40.030172
            ],
            [
              116.339484,
              40.030209
            ],
            [
              116.339289,
              40.03018
            ]
          ]
        ],
        "type": "Polygon"
      },
      "id": "OSM-WAY-545780596-DAILY_LIFE",
      "properties": {
        "amenity": "school",
        "evidence_status": "contextual",
        "id": "OSM-WAY-545780596-DAILY_LIFE",
        "layer": "daily_life",
        "name": "北京市清河中学",
        "osm_id": 545780596,
        "osm_type": "way"
      },
      "type": "Feature"
    },
    {
      "geometry": {
        "coordinates": [
          [
            [
              116.314433,
              39.946992
            ],
            [
              116.314682,
              39.945107
            ],
            [
              116.311539,
              39.944843
            ],
            [
              116.311289,
              39.946731
            ],
            [
              116.314433,
              39.946992
            ]
          ]
        ],
        "type": "Polygon"
      },
      "id": "OSM-WAY-548810366-DAILY_LIFE",
      "properties": {
        "amenity": "university",
        "evidence_status": "contextual",
        "id": "OSM-WAY-548810366-DAILY_LIFE",
        "layer": "daily_life",
        "name": "北京舞蹈学院",
        "name:zh": "北京舞蹈学院",
        "operator": "北京舞蹈学院",
        "osm_id": 548810366,
        "osm_type": "way"
      },
      "type": "Feature"
    },
    {
      "geometry": {
        "coordinates": [
          [
            [
              116.318205,
              39.950377
            ],
            [
              116.319432,
              39.950438
            ],
            [
              116.319388,
              39.95095
            ],
            [
              116.319617,
              39.950962
            ],
            [
              116.319609,
              39.951054
            ],
            [
              116.319593,
              39.951235
            ],
            [
              116.319561,
              39.951618
            ],
            [
              116.318105,
              39.951544
            ],
            [
              116.318177,
              39.950707
            ],
            [
              116.318205,
              39.950377
            ]
          ]
        ],
        "type": "Polygon"
      },
      "id": "OSM-WAY-548815685-DAILY_LIFE",
      "properties": {
        "amenity": "hospital",
        "evidence_status": "contextual",
        "id": "OSM-WAY-548815685-DAILY_LIFE",
        "layer": "daily_life",
        "name": "北京大学口腔医院",
        "name:en": "Peking University Hospital of Stomatology",
        "osm_id": 548815685,
        "osm_type": "way"
      },
      "type": "Feature"
    },
    {
      "geometry": {
        "coordinates": [
          [
            [
              116.342224,
              40.044164
            ],
            [
              116.342353,
              40.043892
            ],
            [
              116.342441,
              40.043546
            ],
            [
              116.342486,
              40.043254
            ],
            [
              116.342508,
              40.042928
            ],
            [
              116.342538,
              40.042711
            ],
            [
              116.342613,
              40.042602
            ],
            [
              116.342897,
              40.042602
            ],
            [
              116.343278,
              40.042653
            ],
            [
              116.343599,
              40.042676
            ],
            [
              116.344152,
              40.042716
            ],
            [
              116.344257,
              40.042802
            ],
            [
              116.344182,
              40.043042
            ],
            [
              116.344085,
              40.043374
            ],
            [
              116.343958,
              40.043923
            ],
            [
              116.343906,
              40.044324
            ],
            [
              116.343891,
              40.044375
            ],
            [
              116.343218,
              40.044295
            ],
            [
              116.342456,
              40.044192
            ],
            [
              116.342224,
              40.044164
            ]
          ]
        ],
        "type": "Polygon"
      },
      "id": "OSM-WAY-556212984-DAILY_LIFE",
      "properties": {
        "amenity": "school",
        "evidence_status": "contextual",
        "id": "OSM-WAY-556212984-DAILY_LIFE",
        "layer": "daily_life",
        "name": "北京十一学校龙樾实验中学",
        "osm_id": 556212984,
        "osm_type": "way"
      },
      "type": "Feature"
    },
    {
      "geometry": {
        "coordinates": [
          [
            [
              116.36901,
              39.962954
            ],
            [
              116.369221,
              39.962962
            ],
            [
              116.369239,
              39.962651
            ],
            [
              116.369768,
              39.962671
            ],
            [
              116.369779,
              39.962527
            ],
            [
              116.36979,
              39.962382
            ],
            [
              116.369831,
              39.961961
            ],
            [
              116.369709,
              39.961953
            ],
            [
              116.36971,
              39.961878
            ],
            [
              116.369726,
              39.961593
            ],
            [
              116.369262,
              39.961587
            ],
            [
              116.36926,
              39.961238
            ],
            [
              116.369013,
              39.961223
            ],
            [
              116.369018,
              39.961115
            ],
            [
              116.368952,
              39.961114
            ],
            [
              116.368098,
              39.961067
            ],
            [
              116.36808,
              39.961305
            ],
            [
              116.368048,
              39.961729
            ],
            [
              116.367959,
              39.962905
            ],
            [
              116.367959,
              39.962908
            ],
            [
              116.36901,
              39.962954
            ]
          ]
        ],
        "type": "Polygon"
      },
      "id": "OSM-WAY-556779104-DAILY_LIFE",
      "properties": {
        "amenity": "school",
        "evidence_status": "contextual",
        "id": "OSM-WAY-556779104-DAILY_LIFE",
        "layer": "daily_life",
        "name": "北京市三帆中学",
        "osm_id": 556779104,
        "osm_type": "way"
      },
      "type": "Feature"
    },
    {
      "geometry": {
        "coordinates": [
          [
            [
              116.367323,
              39.959509
            ],
            [
              116.367402,
              39.958244
            ],
            [
              116.365946,
              39.958186
            ],
            [
              116.365964,
              39.957924
            ],
            [
              116.365804,
              39.957917
            ],
            [
              116.365792,
              39.958086
            ],
            [
              116.365338,
              39.958067
            ],
            [
              116.365276,
              39.958952
            ],
            [
              116.364918,
              39.958938
            ],
            [
              116.364869,
              39.959411
            ],
            [
              116.367323,
              39.959509
            ]
          ]
        ],
        "type": "Polygon"
      },
      "id": "OSM-WAY-556779106-DAILY_LIFE",
      "properties": {
        "amenity": "school",
        "evidence_status": "contextual",
        "id": "OSM-WAY-556779106-DAILY_LIFE",
        "layer": "daily_life",
        "name": "北京师范大学第二附属中学",
        "osm_id": 556779106,
        "osm_type": "way"
      },
      "type": "Feature"
    },
    {
      "geometry": {
        "coordinates": [
          [
            [
              116.348382,
              40.001065
            ],
            [
              116.348408,
              39.999978
            ],
            [
              116.349848,
              40.000015
            ],
            [
              116.352034,
              40.000073
            ],
            [
              116.352176,
              40.000076
            ],
            [
              116.352346,
              40.000081
            ],
            [
              116.352958,
              40.0001
            ],
            [
              116.355229,
              40.000138
            ],
            [
              116.355096,
              40.001386
            ],
            [
              116.357035,
              40.001395
            ],
            [
              116.357091,
              40.001522
            ],
            [
              116.357157,
              40.00167
            ],
            [
              116.357021,
              40.001792
            ],
            [
              116.356203,
              40.002522
            ],
            [
              116.354674,
              40.003843
            ],
            [
              116.354024,
              40.004517
            ],
            [
              116.353358,
              40.005254
            ],
            [
              116.352871,
              40.005815
            ],
            [
              116.352249,
              40.006571
            ],
            [
              116.346626,
              40.006222
            ],
            [
              116.346856,
              40.002845
            ],
            [
              116.346862,
              40.002732
            ],
            [
              116.346767,
              40.002728
            ],
            [
              116.346777,
              40.002581
            ],
            [
              116.346793,
              40.002346
            ],
            [
              116.346913,
              40.002353
            ],
            [
              116.346965,
              40.001721
            ],
            [
              116.347031,
              40.001052
            ],
            [
              116.348382,
              40.001065
            ]
          ]
        ],
        "type": "Polygon"
      },
      "id": "OSM-WAY-55816439-DAILY_LIFE",
      "properties": {
        "amenity": "university",
        "evidence_status": "contextual",
        "id": "OSM-WAY-55816439-DAILY_LIFE",
        "layer": "daily_life",
        "name": "中国农业大学东校区",
        "name:en": "China Agricultural University - East Campus",
        "name:zh": "中国农业大学东校区",
        "osm_id": 55816439,
        "osm_type": "way"
      },
      "type": "Feature"
    },
    {
      "geometry": {
        "coordinates": [
          [
            [
              116.383547,
              39.988439
            ],
            [
              116.384365,
              39.988456
            ],
            [
              116.384291,
              39.98983
            ],
            [
              116.383501,
              39.989814
            ],
            [
              116.383547,
              39.988439
            ]
          ]
        ],
        "type": "Polygon"
      },
      "id": "OSM-WAY-55883973-DAILY_LIFE",
      "properties": {
        "alt_name": "北顶碧霞元君庙",
        "amenity": "place_of_worship",
        "evidence_status": "contextual",
        "id": "OSM-WAY-55883973-DAILY_LIFE",
        "landuse": "religious",
        "layer": "daily_life",
        "name": "北顶娘娘庙",
        "name:en": "Taishan Summit Bixia Yuanjun Temple in North Beijing",
        "name:zh": "北顶娘娘庙",
        "osm_id": 55883973,
        "osm_type": "way"
      },
      "type": "Feature"
    },
    {
      "geometry": {
        "coordinates": [
          [
            [
              116.344289,
              40.042745
            ],
            [
              116.344227,
              40.043261
            ],
            [
              116.344977,
              40.043307
            ],
            [
              116.345073,
              40.042818
            ],
            [
              116.344289,
              40.042745
            ]
          ]
        ],
        "type": "Polygon"
      },
      "id": "OSM-WAY-564175101-DAILY_LIFE",
      "properties": {
        "amenity": "kindergarten",
        "evidence_status": "contextual",
        "id": "OSM-WAY-564175101-DAILY_LIFE",
        "layer": "daily_life",
        "name": "北师大实验幼儿园龙樾分园",
        "osm_id": 564175101,
        "osm_type": "way"
      },
      "type": "Feature"
    },
    {
      "geometry": {
        "coordinates": [
          [
            [
              116.350997,
              39.963585
            ],
            [
              116.351312,
              39.963591
            ],
            [
              116.351316,
              39.963463
            ],
            [
              116.351001,
              39.963457
            ],
            [
              116.350998,
              39.963552
            ],
            [
              116.350997,
              39.963585
            ]
          ]
        ],
        "type": "Polygon"
      },
      "id": "OSM-WAY-582551392-DAILY_LIFE",
      "properties": {
        "amenity": "post_office",
        "building": "yes",
        "evidence_status": "contextual",
        "id": "OSM-WAY-582551392-DAILY_LIFE",
        "layer": "daily_life",
        "name": "北邮邮驿站",
        "name:zh": "北邮邮驿站",
        "opening_hours": "Mo-Su 08:00-20:00",
        "osm_id": 582551392,
        "osm_type": "way"
      },
      "type": "Feature"
    },
    {
      "geometry": {
        "coordinates": [
          [
            [
              116.317933,
              40.043466
            ],
            [
              116.318007,
              40.043397
            ],
            [
              116.318168,
              40.043512
            ],
            [
              116.318028,
              40.043603
            ],
            [
              116.317959,
              40.043555
            ],
            [
              116.318014,
              40.043508
            ],
            [
              116.317933,
              40.043466
            ]
          ]
        ],
        "type": "Polygon"
      },
      "id": "OSM-WAY-588615417-DAILY_LIFE",
      "properties": {
        "amenity": "place_of_worship",
        "building": "yes",
        "evidence_status": "contextual",
        "id": "OSM-WAY-588615417-DAILY_LIFE",
        "layer": "daily_life",
        "name": "安宁庄兴隆寺",
        "osm_id": 588615417,
        "osm_type": "way"
      },
      "type": "Feature"
    },
    {
      "geometry": {
        "coordinates": [
          [
            [
              116.321794,
              40.043635
            ],
            [
              116.3234,
              40.0436
            ],
            [
              116.322755,
              40.044349
            ],
            [
              116.321168,
              40.043599
            ],
            [
              116.321794,
              40.043635
            ]
          ]
        ],
        "type": "Polygon"
      },
      "id": "OSM-WAY-588615418-DAILY_LIFE",
      "properties": {
        "amenity": "hospital",
        "evidence_status": "contextual",
        "id": "OSM-WAY-588615418-DAILY_LIFE",
        "layer": "daily_life",
        "name": "清河社区卫生服务中心",
        "name:zh": "清河医院",
        "osm_id": 588615418,
        "osm_type": "way"
      },
      "type": "Feature"
    },
    {
      "geometry": {
        "coordinates": [
          [
            [
              116.352831,
              39.997538
            ],
            [
              116.352853,
              39.997261
            ],
            [
              116.352652,
              39.997263
            ],
            [
              116.352655,
              39.997214
            ],
            [
              116.353039,
              39.997203
            ],
            [
              116.35301,
              39.99753
            ],
            [
              116.352831,
              39.997538
            ]
          ]
        ],
        "type": "Polygon"
      },
      "id": "OSM-WAY-595098635-DAILY_LIFE",
      "properties": {
        "amenity": "clinic",
        "building": "yes",
        "evidence_status": "contextual",
        "id": "OSM-WAY-595098635-DAILY_LIFE",
        "layer": "daily_life",
        "name": "医务室",
        "name:zh": "医务室",
        "osm_id": 595098635,
        "osm_type": "way"
      },
      "type": "Feature"
    },
    {
      "geometry": {
        "coordinates": [
          [
            [
              116.321077,
              39.967882
            ],
            [
              116.321817,
              39.968127
            ],
            [
              116.321991,
              39.967895
            ],
            [
              116.322119,
              39.967382
            ],
            [
              116.321811,
              39.967315
            ],
            [
              116.321817,
              39.966971
            ],
            [
              116.321153,
              39.966954
            ],
            [
              116.321077,
              39.967882
            ]
          ]
        ],
        "type": "Polygon"
      },
      "id": "OSM-WAY-595353308-DAILY_LIFE",
      "properties": {
        "amenity": "school",
        "evidence_status": "contextual",
        "id": "OSM-WAY-595353308-DAILY_LIFE",
        "layer": "daily_life",
        "name": "北京一零一中学双榆树校区",
        "osm_id": 595353308,
        "osm_type": "way"
      },
      "type": "Feature"
    },
    {
      "geometry": {
        "coordinates": [
          [
            [
              116.314502,
              39.973745
            ],
            [
              116.314703,
              39.973421
            ],
            [
              116.3155,
              39.972821
            ],
            [
              116.315716,
              39.972882
            ],
            [
              116.31625,
              39.973186
            ],
            [
              116.315301,
              39.973996
            ],
            [
              116.314502,
              39.973745
            ]
          ]
        ],
        "type": "Polygon"
      },
      "id": "OSM-WAY-595357025-DAILY_LIFE",
      "properties": {
        "amenity": "school",
        "evidence_status": "contextual",
        "id": "OSM-WAY-595357025-DAILY_LIFE",
        "layer": "daily_life",
        "name": "人大附中实验小学",
        "name:zh": "人大附中实验小学",
        "osm_id": 595357025,
        "osm_type": "way"
      },
      "type": "Feature"
    },
    {
      "geometry": {
        "coordinates": [
          [
            [
              116.352202,
              40.005125
            ],
            [
              116.353101,
              40.005154
            ],
            [
              116.353146,
              40.004337
            ],
            [
              116.352247,
              40.004308
            ],
            [
              116.352202,
              40.005125
            ]
          ]
        ],
        "type": "Polygon"
      },
      "id": "OSM-WAY-608650150-DAILY_LIFE",
      "properties": {
        "amenity": "library",
        "building": "yes",
        "evidence_status": "contextual",
        "id": "OSM-WAY-608650150-DAILY_LIFE",
        "layer": "daily_life",
        "name": "中国农业大学新图书馆",
        "name:zh": "中国农业大学新图书馆",
        "osm_id": 608650150,
        "osm_type": "way"
      },
      "type": "Feature"
    },
    {
      "geometry": {
        "coordinates": [
          [
            [
              116.370007,
              39.993225
            ],
            [
              116.369739,
              39.993098
            ],
            [
              116.369924,
              39.992862
            ],
            [
              116.373655,
              39.992999
            ],
            [
              116.373896,
              39.993176
            ],
            [
              116.373973,
              39.993664
            ],
            [
              116.37397,
              39.994174
            ],
            [
              116.37287,
              39.994129
            ],
            [
              116.372823,
              39.995
            ],
            [
              116.371497,
              39.994943
            ],
            [
              116.371431,
              39.994901
            ],
            [
              116.371425,
              39.994825
            ],
            [
              116.371127,
              39.99482
            ],
            [
              116.371132,
              39.994689
            ],
            [
              116.370778,
              39.994636
            ],
            [
              116.37082,
              39.994262
            ],
            [
              116.371098,
              39.994266
            ],
            [
              116.371107,
              39.994068
            ],
            [
              116.370621,
              39.994056
            ],
            [
              116.370664,
              39.993098
            ],
            [
              116.370165,
              39.993069
            ],
            [
              116.370007,
              39.993225
            ]
          ]
        ],
        "type": "Polygon"
      },
      "id": "OSM-WAY-622703490-DAILY_LIFE",
      "properties": {
        "amenity": "hospital",
        "evidence_status": "contextual",
        "id": "OSM-WAY-622703490-DAILY_LIFE",
        "landuse": "military",
        "layer": "daily_life",
        "name": "中国人民解放军总医院第九医学中心",
        "name:zh": "中国人民解放军总医院第九医学中心",
        "osm_id": 622703490,
        "osm_type": "way"
      },
      "type": "Feature"
    },
    {
      "geometry": {
        "coordinates": [
          [
            [
              116.315351,
              39.944711
            ],
            [
              116.316255,
              39.94479
            ],
            [
              116.318328,
              39.944983
            ],
            [
              116.318508,
              39.943541
            ],
            [
              116.318728,
              39.941933
            ],
            [
              116.31886,
              39.940759
            ],
            [
              116.316118,
              39.9405
            ],
            [
              116.315351,
              39.944711
            ]
          ]
        ],
        "type": "Polygon"
      },
      "id": "OSM-WAY-625701993-DAILY_LIFE",
      "properties": {
        "alt_name": "国家图书馆;中国国图;国图;中国图书馆",
        "amenity": "library",
        "evidence_status": "contextual",
        "id": "OSM-WAY-625701993-DAILY_LIFE",
        "layer": "daily_life",
        "name": "中国国家图书馆",
        "name:en": "National Library of China",
        "name:zh": "中国国家图书馆",
        "osm_id": 625701993,
        "osm_type": "way"
      },
      "type": "Feature"
    },
    {
      "geometry": {
        "coordinates": [
          [
            [
              116.297815,
              39.998587
            ],
            [
              116.298,
              39.99859
            ],
            [
              116.297981,
              39.999152
            ],
            [
              116.298918,
              39.999236
            ],
            [
              116.29916,
              39.999459
            ],
            [
              116.299533,
              39.999504
            ],
            [
              116.299969,
              39.999848
            ],
            [
              116.300041,
              39.999892
            ],
            [
              116.300091,
              39.99993
            ],
            [
              116.300124,
              39.999986
            ],
            [
              116.300196,
              40.000108
            ],
            [
              116.300251,
              40.00024
            ],
            [
              116.30029,
              40.000301
            ],
            [
              116.300337,
              40.000345
            ],
            [
              116.300406,
              40.000395
            ],
            [
              116.300467,
              40.000424
            ],
            [
              116.300506,
              40.000451
            ],
            [
              116.300565,
              40.000531
            ],
            [
              116.300287,
              40.002892
            ],
            [
              116.300844,
              40.002938
            ],
            [
              116.300816,
              40.003138
            ],
            [
              116.300805,
              40.003256
            ],
            [
              116.300679,
              40.003788
            ],
            [
              116.300443,
              40.003765
            ],
            [
              116.30029,
              40.004695
            ],
            [
              116.29941,
              40.00461
            ],
            [
              116.299337,
              40.004595
            ],
            [
              116.298399,
              40.004514
            ],
            [
              116.297946,
              40.004474
            ],
            [
              116.297509,
              40.004436
            ],
            [
              116.297313,
              40.004421
            ],
            [
              116.297387,
              40.003866
            ],
            [
              116.297583,
              40.003881
            ],
            [
              116.297952,
              40.003906
            ],
            [
              116.298001,
              40.003533
            ],
            [
              116.297529,
              40.003271
            ],
            [
              116.297616,
              40.002329
            ],
            [
              116.297573,
              40.002326
            ],
            [
              116.29724,
              40.002307
            ],
            [
              116.296676,
              40.002271
            ],
            [
              116.296697,
              40.002015
            ],
            [
              116.296701,
              40.001978
            ],
            [
              116.296755,
              40.00198
            ],
            [
              116.296802,
              40.001448
            ],
            [
              116.295861,
              40.001356
            ],
            [
              116.295991,
              40.000112
            ],
            [
              116.296034,
              39.999707
            ],
            [
              116.295936,
              39.999701
            ],
            [
              116.295979,
              39.999307
            ],
            [
              116.29598,
              39.999282
            ],
            [
              116.296976,
              39.999349
            ],
            [
              116.296989,
              39.99921
            ],
            [
              116.297539,
              39.999257
            ],
            [
              116.297633,
              39.998573
            ],
            [
              116.297763,
              39.997042
            ],
            [
              116.297792,
              39.996899
            ],
            [
              116.297821,
              39.996819
            ],
            [
              116.297882,
              39.996715
            ],
            [
              116.29795,
              39.996629
            ],
            [
              116.298062,
              39.996548
            ],
            [
              116.29812,
              39.996456
            ],
            [
              116.298133,
              39.996331
            ],
            [
              116.298209,
              39.996332
            ],
            [
              116.298335,
              39.996334
            ],
            [
              116.298316,
              39.996401
            ],
            [
              116.298298,
              39.996497
            ],
            [
              116.298285,
              39.996541
            ],
            [
              116.298157,
              39.996678
            ],
            [
              116.298047,
              39.996849
            ],
            [
              116.297957,
              39.996989
            ],
            [
              116.297867,
              39.998041
            ],
            [
              116.297815,
              39.998587
            ]
          ]
        ],
        "type": "Polygon"
      },
      "id": "OSM-WAY-628032080-DAILY_LIFE",
      "properties": {
        "amenity": "school",
        "evidence_status": "contextual",
        "id": "OSM-WAY-628032080-DAILY_LIFE",
        "layer": "daily_life",
        "name": "北京第一〇一中学",
        "name:zh": "北京第一〇一中学",
        "osm_id": 628032080,
        "osm_type": "way"
      },
      "type": "Feature"
    },
    {
      "geometry": {
        "coordinates": [
          [
            [
              116.303039,
              39.991626
            ],
            [
              116.30305,
              39.991403
            ],
            [
              116.303369,
              39.991413
            ],
            [
              116.30372,
              39.991423
            ],
            [
              116.303709,
              39.991646
            ],
            [
              116.303039,
              39.991626
            ]
          ]
        ],
        "type": "Polygon"
      },
      "id": "OSM-WAY-628032101-DAILY_LIFE",
      "properties": {
        "access": "private",
        "amenity": "library",
        "building": "yes",
        "evidence_status": "contextual",
        "id": "OSM-WAY-628032101-DAILY_LIFE",
        "layer": "daily_life",
        "name": "阿卜杜勒·阿齐兹国王公共图书馆北京大学分馆（古籍图书馆）",
        "name:en": "The King Abdul Aziz Public Library PKU Branch",
        "name:zh": "阿卜杜勒·阿齐兹国王公共图书馆北京大学分馆（古籍图书馆）",
        "operator": "北京大学",
        "osm_id": 628032101,
        "osm_type": "way",
        "wheelchair": "yes"
      },
      "type": "Feature"
    },
    {
      "geometry": {
        "coordinates": [
          [
            [
              116.310341,
              39.986488
            ],
            [
              116.310453,
              39.985449
            ],
            [
              116.311074,
              39.985486
            ],
            [
              116.311008,
              39.985999
            ],
            [
              116.311854,
              39.986053
            ],
            [
              116.311842,
              39.986162
            ],
            [
              116.311837,
              39.986198
            ],
            [
              116.311134,
              39.986153
            ],
            [
              116.31107,
              39.986538
            ],
            [
              116.310341,
              39.986488
            ]
          ]
        ],
        "type": "Polygon"
      },
      "id": "OSM-WAY-628042951-DAILY_LIFE",
      "properties": {
        "amenity": "school",
        "evidence_status": "contextual",
        "id": "OSM-WAY-628042951-DAILY_LIFE",
        "layer": "daily_life",
        "name": "海淀区中关村第二小学",
        "name:zh": "海淀区中关村第二小学",
        "osm_id": 628042951,
        "osm_type": "way"
      },
      "type": "Feature"
    },
    {
      "geometry": {
        "coordinates": [
          [
            [
              116.387087,
              39.968737
            ],
            [
              116.387282,
              39.968738
            ],
            [
              116.387278,
              39.968796
            ],
            [
              116.387318,
              39.968793
            ],
            [
              116.387365,
              39.968796
            ],
            [
              116.387372,
              39.96874
            ],
            [
              116.387584,
              39.968749
            ],
            [
              116.387584,
              39.968557
            ],
            [
              116.387598,
              39.968335
            ],
            [
              116.387099,
              39.968317
            ],
            [
              116.387087,
              39.968737
            ]
          ]
        ],
        "type": "Polygon"
      },
      "id": "OSM-WAY-630766635-DAILY_LIFE",
      "properties": {
        "amenity": "theatre",
        "evidence_status": "contextual",
        "id": "OSM-WAY-630766635-DAILY_LIFE",
        "layer": "daily_life",
        "name": "球幕剧院",
        "osm_id": 630766635,
        "osm_type": "way"
      },
      "type": "Feature"
    },
    {
      "geometry": {
        "coordinates": [
          [
            [
              116.393065,
              39.970952
            ],
            [
              116.393149,
              39.970777
            ],
            [
              116.392953,
              39.970722
            ],
            [
              116.392869,
              39.970897
            ],
            [
              116.393065,
              39.970952
            ]
          ]
        ],
        "type": "Polygon"
      },
      "id": "OSM-WAY-631067478-DAILY_LIFE",
      "properties": {
        "amenity": "community_centre",
        "building": "yes",
        "evidence_status": "contextual",
        "id": "OSM-WAY-631067478-DAILY_LIFE",
        "layer": "daily_life",
        "name": "安贞社区公园大舞台",
        "osm_id": 631067478,
        "osm_type": "way"
      },
      "type": "Feature"
    },
    {
      "geometry": {
        "coordinates": [
          [
            [
              116.394463,
              39.966829
            ],
            [
              116.395276,
              39.966845
            ],
            [
              116.395286,
              39.966517
            ],
            [
              116.394474,
              39.966501
            ],
            [
              116.394463,
              39.966829
            ]
          ]
        ],
        "type": "Polygon"
      },
      "id": "OSM-WAY-631914113-DAILY_LIFE",
      "properties": {
        "amenity": "theatre",
        "building": "yes",
        "evidence_status": "contextual",
        "id": "OSM-WAY-631914113-DAILY_LIFE",
        "layer": "daily_life",
        "name": "中国木偶艺术剧院",
        "osm_id": 631914113,
        "osm_type": "way"
      },
      "type": "Feature"
    },
    {
      "geometry": {
        "coordinates": [
          [
            [
              116.360308,
              39.952195
            ],
            [
              116.360314,
              39.952114
            ],
            [
              116.360346,
              39.951717
            ],
            [
              116.360363,
              39.951504
            ],
            [
              116.361182,
              39.951525
            ],
            [
              116.361116,
              39.952396
            ],
            [
              116.360616,
              39.952387
            ],
            [
              116.360421,
              39.952294
            ],
            [
              116.360308,
              39.952195
            ]
          ]
        ],
        "type": "Polygon"
      },
      "id": "OSM-WAY-636309392-DAILY_LIFE",
      "properties": {
        "amenity": "school",
        "evidence_status": "contextual",
        "id": "OSM-WAY-636309392-DAILY_LIFE",
        "layer": "daily_life",
        "name": "海淀区星火小学",
        "osm_id": 636309392,
        "osm_type": "way"
      },
      "type": "Feature"
    },
    {
      "geometry": {
        "coordinates": [
          [
            [
              116.328894,
              39.992661
            ],
            [
              116.328951,
              39.991704
            ],
            [
              116.329202,
              39.991712
            ],
            [
              116.330148,
              39.991721
            ],
            [
              116.330122,
              39.992683
            ],
            [
              116.328894,
              39.992661
            ]
          ]
        ],
        "type": "Polygon"
      },
      "id": "OSM-WAY-638127847-DAILY_LIFE",
      "properties": {
        "alt_name": "中国人民银行研究生部",
        "amenity": "university",
        "evidence_status": "contextual",
        "id": "OSM-WAY-638127847-DAILY_LIFE",
        "layer": "daily_life",
        "name": "清华大学五道口金融学院",
        "name:en": "PBC School of Finance, Tsinghua University",
        "name:zh": "清华大学五道口金融学院",
        "operator": "Tsinghua University",
        "osm_id": 638127847,
        "osm_type": "way",
        "wheelchair": "yes"
      },
      "type": "Feature"
    },
    {
      "geometry": {
        "coordinates": [
          [
            [
              116.309656,
              39.982771
            ],
            [
              116.309662,
              39.982658
            ],
            [
              116.309741,
              39.982662
            ],
            [
              116.309732,
              39.982773
            ],
            [
              116.309656,
              39.982771
            ]
          ]
        ],
        "type": "Polygon"
      },
      "id": "OSM-WAY-638620283-DAILY_LIFE",
      "properties": {
        "amenity": "toilets",
        "building": "yes",
        "evidence_status": "contextual",
        "id": "OSM-WAY-638620283-DAILY_LIFE",
        "layer": "daily_life",
        "osm_id": 638620283,
        "osm_type": "way"
      },
      "type": "Feature"
    },
    {
      "geometry": {
        "coordinates": [
          [
            [
              116.318386,
              40.052999
            ],
            [
              116.319559,
              40.053569
            ],
            [
              116.319219,
              40.053939
            ],
            [
              116.318654,
              40.053665
            ],
            [
              116.318394,
              40.053955
            ],
            [
              116.317451,
              40.053506
            ],
            [
              116.317971,
              40.052794
            ],
            [
              116.318386,
              40.052999
            ]
          ]
        ],
        "type": "Polygon"
      },
      "id": "OSM-WAY-652095459-DAILY_LIFE",
      "properties": {
        "amenity": "school",
        "evidence_status": "contextual",
        "id": "OSM-WAY-652095459-DAILY_LIFE",
        "layer": "daily_life",
        "name": "海淀区育鹰小学（西校区）",
        "osm_id": 652095459,
        "osm_type": "way"
      },
      "type": "Feature"
    },
    {
      "geometry": {
        "coordinates": [
          [
            [
              116.300305,
              39.940993
            ],
            [
              116.301909,
              39.940709
            ],
            [
              116.301678,
              39.940101
            ],
            [
              116.302268,
              39.939936
            ],
            [
              116.302048,
              39.938673
            ],
            [
              116.3017,
              39.938517
            ],
            [
              116.30133,
              39.938266
            ],
            [
              116.300611,
              39.938439
            ],
            [
              116.299576,
              39.938969
            ],
            [
              116.300305,
              39.940993
            ]
          ]
        ],
        "type": "Polygon"
      },
      "id": "OSM-WAY-655155950-DAILY_LIFE",
      "properties": {
        "amenity": "hospital",
        "evidence_status": "contextual",
        "id": "OSM-WAY-655155950-DAILY_LIFE",
        "layer": "daily_life",
        "name": "空军航空医学研究所附属医院",
        "osm_id": 655155950,
        "osm_type": "way"
      },
      "type": "Feature"
    },
    {
      "geometry": {
        "coordinates": [
          [
            [
              116.353785,
              39.977134
            ],
            [
              116.354674,
              39.977146
            ],
            [
              116.354655,
              39.97801
            ],
            [
              116.353766,
              39.977999
            ],
            [
              116.353785,
              39.977134
            ]
          ]
        ],
        "type": "Polygon"
      },
      "id": "OSM-WAY-656808582-DAILY_LIFE",
      "properties": {
        "amenity": "kindergarten",
        "evidence_status": "contextual",
        "id": "OSM-WAY-656808582-DAILY_LIFE",
        "layer": "daily_life",
        "name": "北京明天幼稚集团第一幼儿园",
        "name:zh": "北京明天幼稚集团第一幼儿园",
        "osm_id": 656808582,
        "osm_type": "way"
      },
      "type": "Feature"
    },
    {
      "geometry": {
        "coordinates": [
          [
            [
              116.356947,
              39.978371
            ],
            [
              116.354857,
              39.978319
            ],
            [
              116.354867,
              39.978017
            ],
            [
              116.354757,
              39.978015
            ],
            [
              116.354776,
              39.977468
            ],
            [
              116.356929,
              39.977529
            ],
            [
              116.356918,
              39.977762
            ],
            [
              116.356974,
              39.977805
            ],
            [
              116.356947,
              39.978371
            ]
          ]
        ],
        "type": "Polygon"
      },
      "id": "OSM-WAY-656808583-DAILY_LIFE",
      "properties": {
        "amenity": "school",
        "evidence_status": "contextual",
        "id": "OSM-WAY-656808583-DAILY_LIFE",
        "layer": "daily_life",
        "name": "海淀区九一小学",
        "name:zh": "海淀区九一小学",
        "osm_id": 656808583,
        "osm_type": "way"
      },
      "type": "Feature"
    },
    {
      "geometry": {
        "coordinates": [
          [
            [
              116.357468,
              39.978588
            ],
            [
              116.357503,
              39.977999
            ],
            [
              116.357351,
              39.977856
            ],
            [
              116.357243,
              39.977813
            ],
            [
              116.356974,
              39.977805
            ],
            [
              116.356947,
              39.978371
            ],
            [
              116.356942,
              39.978474
            ],
            [
              116.357038,
              39.978573
            ],
            [
              116.357468,
              39.978588
            ]
          ]
        ],
        "type": "Polygon"
      },
      "id": "OSM-WAY-656808584-DAILY_LIFE",
      "properties": {
        "amenity": "kindergarten",
        "evidence_status": "contextual",
        "id": "OSM-WAY-656808584-DAILY_LIFE",
        "layer": "daily_life",
        "name": "九一幼儿园",
        "name:zh": "九一幼儿园",
        "osm_id": 656808584,
        "osm_type": "way"
      },
      "type": "Feature"
    },
    {
      "geometry": {
        "coordinates": [
          [
            [
              116.358852,
              39.962321
            ],
            [
              116.358901,
              39.961501
            ],
            [
              116.359483,
              39.961521
            ],
            [
              116.360065,
              39.961542
            ],
            [
              116.360016,
              39.962362
            ],
            [
              116.359053,
              39.962328
            ],
            [
              116.358852,
              39.962321
            ]
          ]
        ],
        "type": "Polygon"
      },
      "id": "OSM-WAY-657002507-DAILY_LIFE",
      "properties": {
        "amenity": "kindergarten",
        "evidence_status": "contextual",
        "id": "OSM-WAY-657002507-DAILY_LIFE",
        "layer": "daily_life",
        "name": "北京师范大学附属幼儿园",
        "name:zh": "北京师范大学附属幼儿园",
        "osm_id": 657002507,
        "osm_type": "way"
      },
      "type": "Feature"
    },
    {
      "geometry": {
        "coordinates": [
          [
            [
              116.354078,
              39.980099
            ],
            [
              116.354094,
              39.979757
            ],
            [
              116.354351,
              39.979764
            ],
            [
              116.354336,
              39.980106
            ],
            [
              116.354078,
              39.980099
            ]
          ]
        ],
        "type": "Polygon"
      },
      "id": "OSM-WAY-657908096-DAILY_LIFE",
      "properties": {
        "amenity": "community_centre",
        "evidence_status": "contextual",
        "id": "OSM-WAY-657908096-DAILY_LIFE",
        "layer": "daily_life",
        "name": "花园路社区服务中心",
        "osm_id": 657908096,
        "osm_type": "way"
      },
      "type": "Feature"
    },
    {
      "geometry": {
        "coordinates": [
          [
            [
              116.356296,
              39.976502
            ],
            [
              116.357488,
              39.976503
            ],
            [
              116.357489,
              39.975481
            ],
            [
              116.356298,
              39.97548
            ],
            [
              116.356296,
              39.976502
            ]
          ]
        ],
        "type": "Polygon"
      },
      "id": "OSM-WAY-658253345-DAILY_LIFE",
      "properties": {
        "amenity": "school",
        "evidence_status": "contextual",
        "id": "OSM-WAY-658253345-DAILY_LIFE",
        "layer": "daily_life",
        "name": "北京市信息管理学校（花园路校区）",
        "name:zh": "北京市信息管理学校（花园路校区）",
        "operator": "北京市信息管理学校",
        "osm_id": 658253345,
        "osm_type": "way"
      },
      "type": "Feature"
    },
    {
      "geometry": {
        "coordinates": [
          [
            [
              116.341713,
              39.971675
            ],
            [
              116.341654,
              39.971636
            ],
            [
              116.341633,
              39.971595
            ],
            [
              116.341632,
              39.971231
            ],
            [
              116.342181,
              39.97123
            ],
            [
              116.342182,
              39.971674
            ],
            [
              116.341713,
              39.971675
            ]
          ]
        ],
        "type": "Polygon"
      },
      "id": "OSM-WAY-658381638-DAILY_LIFE",
      "properties": {
        "amenity": "kindergarten",
        "evidence_status": "contextual",
        "id": "OSM-WAY-658381638-DAILY_LIFE",
        "layer": "daily_life",
        "name": "太月园幼儿园",
        "osm_id": 658381638,
        "osm_type": "way"
      },
      "type": "Feature"
    },
    {
      "geometry": {
        "coordinates": [
          [
            [
              116.334288,
              40.043114
            ],
            [
              116.334529,
              40.042362
            ],
            [
              116.335258,
              40.042484
            ],
            [
              116.335593,
              40.041548
            ],
            [
              116.336515,
              40.041804
            ],
            [
              116.337236,
              40.042012
            ],
            [
              116.33694,
              40.042625
            ],
            [
              116.337498,
              40.042713
            ],
            [
              116.337396,
              40.043066
            ],
            [
              116.337229,
              40.043476
            ],
            [
              116.337002,
              40.043951
            ],
            [
              116.336301,
              40.043909
            ],
            [
              116.336078,
              40.043923
            ],
            [
              116.335443,
              40.043636
            ],
            [
              116.334288,
              40.043114
            ]
          ]
        ],
        "type": "Polygon"
      },
      "id": "OSM-WAY-673999804-DAILY_LIFE",
      "properties": {
        "amenity": "university",
        "evidence_status": "contextual",
        "id": "OSM-WAY-673999804-DAILY_LIFE",
        "layer": "daily_life",
        "name": "北京信息科技大学清河校区",
        "osm_id": 673999804,
        "osm_type": "way"
      },
      "type": "Feature"
    },
    {
      "geometry": {
        "coordinates": [
          [
            [
              116.345655,
              40.034089
            ],
            [
              116.346229,
              40.032549
            ],
            [
              116.346908,
              40.032755
            ],
            [
              116.347811,
              40.033032
            ],
            [
              116.348491,
              40.033251
            ],
            [
              116.348119,
              40.033943
            ],
            [
              116.347535,
              40.033849
            ],
            [
              116.347482,
              40.034016
            ],
            [
              116.346568,
              40.03387
            ],
            [
              116.346441,
              40.034236
            ],
            [
              116.345655,
              40.034089
            ]
          ]
        ],
        "type": "Polygon"
      },
      "id": "OSM-WAY-678315611-DAILY_LIFE",
      "properties": {
        "amenity": "school",
        "evidence_status": "contextual",
        "id": "OSM-WAY-678315611-DAILY_LIFE",
        "layer": "daily_life",
        "name": "北京市第二十中学附属实验学校",
        "osm_id": 678315611,
        "osm_type": "way"
      },
      "type": "Feature"
    },
    {
      "geometry": {
        "coordinates": [
          [
            [
              116.301085,
              40.033846
            ],
            [
              116.301664,
              40.032479
            ],
            [
              116.303976,
              40.032943
            ],
            [
              116.30337,
              40.034393
            ],
            [
              116.301085,
              40.033846
            ]
          ]
        ],
        "type": "Polygon"
      },
      "id": "OSM-WAY-734755015-DAILY_LIFE",
      "properties": {
        "amenity": "school",
        "evidence_status": "contextual",
        "id": "OSM-WAY-734755015-DAILY_LIFE",
        "layer": "daily_life",
        "name": "上地实验学校",
        "osm_id": 734755015,
        "osm_type": "way"
      },
      "type": "Feature"
    },
    {
      "geometry": {
        "coordinates": [
          [
            [
              116.33896,
              39.976993
            ],
            [
              116.338958,
              39.977218
            ],
            [
              116.339463,
              39.977231
            ],
            [
              116.339452,
              39.977424
            ],
            [
              116.339453,
              39.977582
            ],
            [
              116.339429,
              39.977931
            ],
            [
              116.338777,
              39.977916
            ],
            [
              116.338183,
              39.977957
            ],
            [
              116.338111,
              39.977968
            ],
            [
              116.337064,
              39.977947
            ],
            [
              116.337083,
              39.977466
            ],
            [
              116.336996,
              39.977462
            ],
            [
              116.336887,
              39.977446
            ],
            [
              116.336704,
              39.977485
            ],
            [
              116.336116,
              39.977478
            ],
            [
              116.335864,
              39.977497
            ],
            [
              116.335669,
              39.977485
            ],
            [
              116.335457,
              39.97744
            ],
            [
              116.335469,
              39.977368
            ],
            [
              116.335472,
              39.977275
            ],
            [
              116.335516,
              39.977193
            ],
            [
              116.338061,
              39.977258
            ],
            [
              116.338472,
              39.977197
            ],
            [
              116.33896,
              39.976993
            ]
          ]
        ],
        "type": "Polygon"
      },
      "id": "OSM-WAY-739520302-DAILY_LIFE",
      "properties": {
        "amenity": "school",
        "evidence_status": "contextual",
        "id": "OSM-WAY-739520302-DAILY_LIFE",
        "layer": "daily_life",
        "name": "北航实验学校中学部",
        "name:zh": "北航实验学校中学部",
        "osm_id": 739520302,
        "osm_type": "way"
      },
      "type": "Feature"
    },
    {
      "geometry": {
        "coordinates": [
          [
            [
              116.336206,
              39.981306
            ],
            [
              116.336212,
              39.981032
            ],
            [
              116.336163,
              39.980986
            ],
            [
              116.336103,
              39.980985
            ],
            [
              116.335707,
              39.98098
            ],
            [
              116.335767,
              39.980157
            ],
            [
              116.33627,
              39.980173
            ],
            [
              116.33627,
              39.980219
            ],
            [
              116.336638,
              39.980227
            ],
            [
              116.336639,
              39.980334
            ],
            [
              116.33687,
              39.980335
            ],
            [
              116.336871,
              39.980519
            ],
            [
              116.336647,
              39.980518
            ],
            [
              116.336625,
              39.981128
            ],
            [
              116.336955,
              39.981134
            ],
            [
              116.336949,
              39.981326
            ],
            [
              116.336206,
              39.981306
            ]
          ]
        ],
        "type": "Polygon"
      },
      "id": "OSM-WAY-739527670-DAILY_LIFE",
      "properties": {
        "amenity": "kindergarten",
        "evidence_status": "contextual",
        "id": "OSM-WAY-739527670-DAILY_LIFE",
        "layer": "daily_life",
        "name": "北航幼儿园",
        "osm_id": 739527670,
        "osm_type": "way"
      },
      "type": "Feature"
    },
    {
      "geometry": {
        "coordinates": [
          [
            [
              116.336948,
              39.979731
            ],
            [
              116.338092,
              39.979742
            ],
            [
              116.338142,
              39.978871
            ],
            [
              116.336993,
              39.978839
            ],
            [
              116.336948,
              39.979731
            ]
          ]
        ],
        "type": "Polygon"
      },
      "id": "OSM-WAY-739527672-DAILY_LIFE",
      "properties": {
        "amenity": "hospital",
        "evidence_status": "contextual",
        "id": "OSM-WAY-739527672-DAILY_LIFE",
        "layer": "daily_life",
        "name": "北航校医院",
        "name:zh": "北航校医院",
        "osm_id": 739527672,
        "osm_type": "way"
      },
      "type": "Feature"
    },
    {
      "geometry": {
        "coordinates": [
          [
            [
              116.373503,
              39.950934
            ],
            [
              116.3743,
              39.950943
            ],
            [
              116.374317,
              39.950518
            ],
            [
              116.373594,
              39.950517
            ],
            [
              116.373557,
              39.950647
            ],
            [
              116.373503,
              39.950934
            ]
          ]
        ],
        "type": "Polygon"
      },
      "id": "OSM-WAY-739763668-DAILY_LIFE",
      "properties": {
        "alt_name": "德外关厢清真寺",
        "amenity": "place_of_worship",
        "building": "yes",
        "evidence_status": "contextual",
        "id": "OSM-WAY-739763668-DAILY_LIFE",
        "layer": "daily_life",
        "name": "法源清真寺",
        "name:en": "Fayuan Mosque",
        "name:zh": "法源清真寺",
        "osm_id": 739763668,
        "osm_type": "way"
      },
      "type": "Feature"
    },
    {
      "geometry": {
        "coordinates": [
          [
            [
              116.339663,
              40.019787
            ],
            [
              116.339689,
              40.020066
            ],
            [
              116.340111,
              40.020043
            ],
            [
              116.340085,
              40.019765
            ],
            [
              116.339663,
              40.019787
            ]
          ]
        ],
        "type": "Polygon"
      },
      "id": "OSM-WAY-772630335-DAILY_LIFE",
      "properties": {
        "amenity": "library",
        "building": "yes",
        "evidence_status": "contextual",
        "id": "OSM-WAY-772630335-DAILY_LIFE",
        "layer": "daily_life",
        "osm_id": 772630335,
        "osm_type": "way"
      },
      "type": "Feature"
    },
    {
      "geometry": {
        "coordinates": [
          [
            [
              116.316367,
              39.944615
            ],
            [
              116.3165,
              39.943583
            ],
            [
              116.317727,
              39.943676
            ],
            [
              116.317716,
              39.943763
            ],
            [
              116.318039,
              39.943787
            ],
            [
              116.317932,
              39.944624
            ],
            [
              116.317617,
              39.9446
            ],
            [
              116.317603,
              39.944708
            ],
            [
              116.316367,
              39.944615
            ]
          ]
        ],
        "type": "Polygon"
      },
      "id": "OSM-WAY-78051436-DAILY_LIFE",
      "properties": {
        "amenity": "library",
        "building": "yes",
        "evidence_status": "contextual",
        "id": "OSM-WAY-78051436-DAILY_LIFE",
        "layer": "daily_life",
        "name": "国家图书馆总馆北区",
        "osm_id": 78051436,
        "osm_type": "way"
      },
      "type": "Feature"
    },
    {
      "geometry": {
        "coordinates": [
          [
            [
              116.306601,
              40.051537
            ],
            [
              116.306675,
              40.051567
            ],
            [
              116.306694,
              40.051539
            ],
            [
              116.306761,
              40.051566
            ],
            [
              116.306744,
              40.051595
            ],
            [
              116.30717,
              40.051764
            ],
            [
              116.307207,
              40.051708
            ],
            [
              116.307249,
              40.051723
            ],
            [
              116.307296,
              40.051645
            ],
            [
              116.306857,
              40.051467
            ],
            [
              116.306831,
              40.051509
            ],
            [
              116.306749,
              40.051476
            ],
            [
              116.306773,
              40.051436
            ],
            [
              116.30669,
              40.051403
            ],
            [
              116.306663,
              40.051445
            ],
            [
              116.306712,
              40.051465
            ],
            [
              116.30668,
              40.051518
            ],
            [
              116.306629,
              40.051497
            ],
            [
              116.306601,
              40.051537
            ]
          ]
        ],
        "type": "Polygon"
      },
      "id": "OSM-WAY-783048695-DAILY_LIFE",
      "properties": {
        "amenity": "fire_station",
        "building": "yes",
        "evidence_status": "contextual",
        "id": "OSM-WAY-783048695-DAILY_LIFE",
        "layer": "daily_life",
        "name": "西二旗消防中队",
        "osm_id": 783048695,
        "osm_type": "way"
      },
      "type": "Feature"
    },
    {
      "geometry": {
        "coordinates": [
          [
            [
              116.305464,
              40.051941
            ],
            [
              116.305337,
              40.052081
            ],
            [
              116.305807,
              40.052282
            ],
            [
              116.305984,
              40.052012
            ],
            [
              116.306101,
              40.051824
            ],
            [
              116.305998,
              40.051788
            ],
            [
              116.305953,
              40.051783
            ],
            [
              116.305905,
              40.051779
            ],
            [
              116.305865,
              40.051777
            ],
            [
              116.305815,
              40.051777
            ],
            [
              116.305783,
              40.051781
            ],
            [
              116.30573,
              40.05179
            ],
            [
              116.305698,
              40.051794
            ],
            [
              116.30566,
              40.051806
            ],
            [
              116.305625,
              40.051817
            ],
            [
              116.305603,
              40.051836
            ],
            [
              116.305545,
              40.051872
            ],
            [
              116.305464,
              40.051941
            ]
          ]
        ],
        "type": "Polygon"
      },
      "id": "OSM-WAY-783048701-DAILY_LIFE",
      "properties": {
        "amenity": "kindergarten",
        "evidence_status": "contextual",
        "id": "OSM-WAY-783048701-DAILY_LIFE",
        "layer": "daily_life",
        "name": "凯蒂幼儿园",
        "osm_id": 783048701,
        "osm_type": "way"
      },
      "type": "Feature"
    },
    {
      "geometry": {
        "coordinates": [
          [
            [
              116.333499,
              40.014518
            ],
            [
              116.334665,
              40.014547
            ],
            [
              116.334696,
              40.013798
            ],
            [
              116.333532,
              40.013764
            ],
            [
              116.333499,
              40.014518
            ]
          ]
        ],
        "type": "Polygon"
      },
      "id": "OSM-WAY-793230962-DAILY_LIFE",
      "properties": {
        "amenity": "school",
        "evidence_status": "contextual",
        "id": "OSM-WAY-793230962-DAILY_LIFE",
        "layer": "daily_life",
        "name": "北京林业大学附属实验小学",
        "name:zh": "北京林业大学附属实验小学",
        "osm_id": 793230962,
        "osm_type": "way"
      },
      "type": "Feature"
    },
    {
      "geometry": {
        "coordinates": [
          [
            [
              116.330602,
              40.039747
            ],
            [
              116.329954,
              40.039463
            ],
            [
              116.329612,
              40.038473
            ],
            [
              116.331265,
              40.036632
            ],
            [
              116.331718,
              40.036863
            ],
            [
              116.332045,
              40.036402
            ],
            [
              116.332128,
              40.036442
            ],
            [
              116.332209,
              40.036474
            ],
            [
              116.332352,
              40.036531
            ],
            [
              116.332952,
              40.036771
            ],
            [
              116.333178,
              40.036867
            ],
            [
              116.333071,
              40.036982
            ],
            [
              116.332793,
              40.03728
            ],
            [
              116.332626,
              40.037467
            ],
            [
              116.331206,
              40.039051
            ],
            [
              116.330602,
              40.039747
            ]
          ]
        ],
        "type": "Polygon"
      },
      "id": "OSM-WAY-803147798-DAILY_LIFE",
      "properties": {
        "amenity": "school",
        "evidence_status": "contextual",
        "id": "OSM-WAY-803147798-DAILY_LIFE",
        "layer": "daily_life",
        "name": "北京市第二十中学",
        "osm_id": 803147798,
        "osm_type": "way"
      },
      "type": "Feature"
    },
    {
      "geometry": {
        "coordinates": [
          [
            [
              116.324223,
              40.027856
            ],
            [
              116.325028,
              40.027842
            ],
            [
              116.324955,
              40.026689
            ],
            [
              116.324895,
              40.026719
            ],
            [
              116.324223,
              40.027856
            ]
          ]
        ],
        "type": "Polygon"
      },
      "id": "OSM-WAY-803148280-DAILY_LIFE",
      "properties": {
        "amenity": "kindergarten",
        "evidence_status": "contextual",
        "id": "OSM-WAY-803148280-DAILY_LIFE",
        "layer": "daily_life",
        "name": "爱儿坊橡树湾双语幼儿园",
        "osm_id": 803148280,
        "osm_type": "way"
      },
      "type": "Feature"
    },
    {
      "geometry": {
        "coordinates": [
          [
            [
              116.323961,
              40.029377
            ],
            [
              116.325676,
              40.029363
            ],
            [
              116.325662,
              40.028228
            ],
            [
              116.325233,
              40.028226
            ],
            [
              116.325224,
              40.028103
            ],
            [
              116.325216,
              40.028008
            ],
            [
              116.324872,
              40.027908
            ],
            [
              116.32423,
              40.027925
            ],
            [
              116.323968,
              40.028509
            ],
            [
              116.323932,
              40.028769
            ],
            [
              116.323943,
              40.029002
            ],
            [
              116.323979,
              40.02917
            ],
            [
              116.323961,
              40.029377
            ]
          ]
        ],
        "type": "Polygon"
      },
      "id": "OSM-WAY-803148281-DAILY_LIFE",
      "properties": {
        "amenity": "school",
        "evidence_status": "contextual",
        "id": "OSM-WAY-803148281-DAILY_LIFE",
        "layer": "daily_life",
        "name": "海淀区第二实验小学橡树校区",
        "osm_id": 803148281,
        "osm_type": "way"
      },
      "type": "Feature"
    },
    {
      "geometry": {
        "coordinates": [
          [
            [
              116.312072,
              40.001145
            ],
            [
              116.312472,
              40.001162
            ],
            [
              116.312463,
              40.001284
            ],
            [
              116.312341,
              40.001279
            ],
            [
              116.312333,
              40.001392
            ],
            [
              116.312436,
              40.001397
            ],
            [
              116.312427,
              40.001513
            ],
            [
              116.312323,
              40.001508
            ],
            [
              116.31231,
              40.00169
            ],
            [
              116.312426,
              40.001695
            ],
            [
              116.312411,
              40.001911
            ],
            [
              116.311729,
              40.001881
            ],
            [
              116.311733,
              40.001818
            ],
            [
              116.311769,
              40.00182
            ],
            [
              116.311795,
              40.00147
            ],
            [
              116.311825,
              40.001472
            ],
            [
              116.311833,
              40.001374
            ],
            [
              116.312055,
              40.001384
            ],
            [
              116.312072,
              40.001145
            ]
          ]
        ],
        "type": "Polygon"
      },
      "id": "OSM-WAY-80716519-DAILY_LIFE",
      "properties": {
        "amenity": "hospital",
        "building": "yes",
        "evidence_status": "contextual",
        "id": "OSM-WAY-80716519-DAILY_LIFE",
        "layer": "daily_life",
        "name": "清华大学校医院",
        "name:en": "Tsinghua University Hospital",
        "name:zh": "清华大学医院",
        "operator": "清华大学",
        "osm_id": 80716519,
        "osm_type": "way",
        "wheelchair": "yes"
      },
      "type": "Feature"
    },
    {
      "geometry": {
        "coordinates": [
          [
            [
              116.322458,
              39.998181
            ],
            [
              116.322476,
              39.997752
            ],
            [
              116.323099,
              39.997767
            ],
            [
              116.323081,
              39.998196
            ],
            [
              116.322458,
              39.998181
            ]
          ]
        ],
        "type": "Polygon"
      },
      "id": "OSM-WAY-817157928-DAILY_LIFE",
      "properties": {
        "amenity": "library",
        "building": "yes",
        "evidence_status": "contextual",
        "id": "OSM-WAY-817157928-DAILY_LIFE",
        "layer": "daily_life",
        "name": "法律图书馆",
        "name:en": "Law Library",
        "osm_id": 817157928,
        "osm_type": "way",
        "wheelchair": "yes"
      },
      "type": "Feature"
    },
    {
      "geometry": {
        "coordinates": [
          [
            [
              116.315754,
              39.951252
            ],
            [
              116.315807,
              39.950861
            ],
            [
              116.317038,
              39.950958
            ],
            [
              116.316986,
              39.951349
            ],
            [
              116.315754,
              39.951252
            ]
          ]
        ],
        "type": "Polygon"
      },
      "id": "OSM-WAY-849087987-DAILY_LIFE",
      "properties": {
        "amenity": "theatre",
        "building": "university",
        "evidence_status": "contextual",
        "id": "OSM-WAY-849087987-DAILY_LIFE",
        "layer": "daily_life",
        "name": "民族剧院",
        "name:en": "National Theater",
        "operator": "中央民族歌舞团",
        "osm_id": 849087987,
        "osm_type": "way"
      },
      "type": "Feature"
    },
    {
      "geometry": {
        "coordinates": [
          [
            [
              116.308953,
              40.050147
            ],
            [
              116.309275,
              40.0503
            ],
            [
              116.308951,
              40.050703
            ],
            [
              116.308733,
              40.050587
            ],
            [
              116.308709,
              40.050619
            ],
            [
              116.30868,
              40.050649
            ],
            [
              116.308656,
              40.050662
            ],
            [
              116.308627,
              40.050664
            ],
            [
              116.308602,
              40.050658
            ],
            [
              116.308575,
              40.050649
            ],
            [
              116.308562,
              40.050627
            ],
            [
              116.308566,
              40.050601
            ],
            [
              116.308588,
              40.050571
            ],
            [
              116.308631,
              40.050527
            ],
            [
              116.308684,
              40.050461
            ],
            [
              116.308953,
              40.050147
            ]
          ]
        ],
        "type": "Polygon"
      },
      "id": "OSM-WAY-850857906-DAILY_LIFE",
      "properties": {
        "amenity": "school",
        "evidence_status": "contextual",
        "id": "OSM-WAY-850857906-DAILY_LIFE",
        "layer": "daily_life",
        "name": "目光教育",
        "osm_id": 850857906,
        "osm_type": "way"
      },
      "type": "Feature"
    },
    {
      "geometry": {
        "coordinates": [
          [
            [
              116.306118,
              40.051178
            ],
            [
              116.306165,
              40.051198
            ],
            [
              116.306241,
              40.051098
            ],
            [
              116.306198,
              40.051078
            ],
            [
              116.306118,
              40.051178
            ]
          ]
        ],
        "type": "Polygon"
      },
      "id": "OSM-WAY-852042672-DAILY_LIFE",
      "properties": {
        "access": "yes",
        "amenity": "toilets",
        "building": "yes",
        "evidence_status": "contextual",
        "id": "OSM-WAY-852042672-DAILY_LIFE",
        "layer": "daily_life",
        "osm_id": 852042672,
        "osm_type": "way",
        "wheelchair": "limited"
      },
      "type": "Feature"
    },
    {
      "geometry": {
        "coordinates": [
          [
            [
              116.334521,
              40.009449
            ],
            [
              116.334511,
              40.008639
            ],
            [
              116.334546,
              40.007944
            ],
            [
              116.335994,
              40.007927
            ],
            [
              116.336729,
              40.009308
            ],
            [
              116.336682,
              40.009447
            ],
            [
              116.334521,
              40.009449
            ]
          ]
        ],
        "type": "Polygon"
      },
      "id": "OSM-WAY-852490409-DAILY_LIFE",
      "properties": {
        "amenity": "school",
        "evidence_status": "contextual",
        "id": "OSM-WAY-852490409-DAILY_LIFE",
        "layer": "daily_life",
        "name": "清华大学附属小学双清苑校区",
        "name:zh": "清华大学附属小学双清苑校区",
        "osm_id": 852490409,
        "osm_type": "way"
      },
      "type": "Feature"
    },
    {
      "geometry": {
        "coordinates": [
          [
            [
              116.335902,
              40.009595
            ],
            [
              116.336595,
              40.009587
            ],
            [
              116.336869,
              40.009729
            ],
            [
              116.337062,
              40.010092
            ],
            [
              116.335883,
              40.010077
            ],
            [
              116.335887,
              40.009923
            ],
            [
              116.335889,
              40.009871
            ],
            [
              116.335902,
              40.009595
            ]
          ]
        ],
        "type": "Polygon"
      },
      "id": "OSM-WAY-852490432-DAILY_LIFE",
      "properties": {
        "amenity": "kindergarten",
        "evidence_status": "contextual",
        "id": "OSM-WAY-852490432-DAILY_LIFE",
        "layer": "daily_life",
        "name": "清华大学洁华幼儿园双清苑分园",
        "name:zh": "清华大学洁华幼儿园双清苑分园",
        "osm_id": 852490432,
        "osm_type": "way"
      },
      "type": "Feature"
    },
    {
      "geometry": {
        "coordinates": [
          [
            [
              116.304062,
              40.049015
            ],
            [
              116.305137,
              40.049515
            ],
            [
              116.305587,
              40.048953
            ],
            [
              116.304938,
              40.048637
            ],
            [
              116.305142,
              40.048378
            ],
            [
              116.30459,
              40.048126
            ],
            [
              116.303997,
              40.048903
            ],
            [
              116.303992,
              40.048948
            ],
            [
              116.304015,
              40.048987
            ],
            [
              116.304062,
              40.049015
            ]
          ]
        ],
        "type": "Polygon"
      },
      "id": "OSM-WAY-852619796-DAILY_LIFE",
      "properties": {
        "amenity": "school",
        "evidence_status": "contextual",
        "id": "OSM-WAY-852619796-DAILY_LIFE",
        "layer": "daily_life",
        "name": "中关村第一小学西二旗分校",
        "osm_id": 852619796,
        "osm_type": "way"
      },
      "type": "Feature"
    },
    {
      "geometry": {
        "coordinates": [
          [
            [
              116.318201,
              40.004033
            ],
            [
              116.318175,
              40.004389
            ],
            [
              116.318061,
              40.004474
            ],
            [
              116.31783,
              40.004464
            ],
            [
              116.31748,
              40.004448
            ],
            [
              116.317498,
              40.004209
            ],
            [
              116.317222,
              40.004197
            ],
            [
              116.317221,
              40.004222
            ],
            [
              116.317031,
              40.004213
            ],
            [
              116.317049,
              40.003972
            ],
            [
              116.317246,
              40.003981
            ],
            [
              116.317239,
              40.004068
            ],
            [
              116.317565,
              40.004082
            ],
            [
              116.31757,
              40.004014
            ],
            [
              116.317677,
              40.004019
            ],
            [
              116.317669,
              40.004109
            ],
            [
              116.318047,
              40.004126
            ],
            [
              116.318055,
              40.004027
            ],
            [
              116.318201,
              40.004033
            ]
          ]
        ],
        "type": "Polygon"
      },
      "id": "OSM-WAY-852646108-DAILY_LIFE",
      "properties": {
        "access": "private",
        "amenity": "library",
        "building": "yes",
        "evidence_status": "contextual",
        "id": "OSM-WAY-852646108-DAILY_LIFE",
        "layer": "daily_life",
        "name": "李文正馆",
        "name:en": "Mochtar Riady Library",
        "name:zh": "李文正馆",
        "osm_id": 852646108,
        "osm_type": "way",
        "wheelchair": "yes"
      },
      "type": "Feature"
    },
    {
      "geometry": {
        "coordinates": [
          [
            [
              116.331656,
              39.938334
            ],
            [
              116.331876,
              39.938357
            ],
            [
              116.331887,
              39.938295
            ],
            [
              116.331785,
              39.938285
            ],
            [
              116.331667,
              39.938273
            ],
            [
              116.331656,
              39.938334
            ]
          ]
        ],
        "type": "Polygon"
      },
      "id": "OSM-WAY-857823831-DAILY_LIFE",
      "properties": {
        "amenity": "toilets",
        "building": "toilets",
        "evidence_status": "contextual",
        "id": "OSM-WAY-857823831-DAILY_LIFE",
        "layer": "daily_life",
        "osm_id": 857823831,
        "osm_type": "way",
        "wheelchair": "yes"
      },
      "type": "Feature"
    },
    {
      "geometry": {
        "coordinates": [
          [
            [
              116.333752,
              40.005584
            ],
            [
              116.333572,
              40.005234
            ],
            [
              116.334461,
              40.004967
            ],
            [
              116.334641,
              40.005318
            ],
            [
              116.333752,
              40.005584
            ]
          ]
        ],
        "type": "Polygon"
      },
      "id": "OSM-WAY-861086572-DAILY_LIFE",
      "properties": {
        "amenity": "fire_station",
        "evidence_status": "contextual",
        "id": "OSM-WAY-861086572-DAILY_LIFE",
        "layer": "daily_life",
        "name": "海淀区消防支队八家中队",
        "name:zh": "海淀区消防支队八家中队",
        "osm_id": 861086572,
        "osm_type": "way"
      },
      "type": "Feature"
    },
    {
      "geometry": {
        "coordinates": [
          [
            [
              116.311957,
              39.993556
            ],
            [
              116.312891,
              39.993588
            ],
            [
              116.312911,
              39.993302
            ],
            [
              116.312933,
              39.992926
            ],
            [
              116.312254,
              39.992912
            ],
            [
              116.312259,
              39.992693
            ],
            [
              116.31226,
              39.992621
            ],
            [
              116.312044,
              39.992618
            ],
            [
              116.311229,
              39.992592
            ],
            [
              116.311213,
              39.992903
            ],
            [
              116.312011,
              39.99292
            ],
            [
              116.311957,
              39.993556
            ]
          ]
        ],
        "type": "Polygon"
      },
      "id": "OSM-WAY-866277614-DAILY_LIFE",
      "properties": {
        "amenity": "university",
        "evidence_status": "contextual",
        "id": "OSM-WAY-866277614-DAILY_LIFE",
        "layer": "daily_life",
        "name": "北京大学工学院",
        "name:en": "College of Engineering, Peking University",
        "name:zh": "北京大学工学院",
        "operator": "北京大学",
        "osm_id": 866277614,
        "osm_type": "way"
      },
      "type": "Feature"
    },
    {
      "geometry": {
        "coordinates": [
          [
            [
              116.338191,
              39.98671
            ],
            [
              116.337869,
              39.986697
            ],
            [
              116.337887,
              39.986199
            ],
            [
              116.337952,
              39.986159
            ],
            [
              116.338014,
              39.986159
            ],
            [
              116.338833,
              39.98618
            ],
            [
              116.338891,
              39.986182
            ],
            [
              116.339753,
              39.986204
            ],
            [
              116.339714,
              39.987079
            ],
            [
              116.339697,
              39.987461
            ],
            [
              116.338159,
              39.98742
            ],
            [
              116.338191,
              39.98671
            ]
          ]
        ],
        "type": "Polygon"
      },
      "id": "OSM-WAY-868296012-DAILY_LIFE",
      "properties": {
        "amenity": "school",
        "evidence_status": "contextual",
        "id": "OSM-WAY-868296012-DAILY_LIFE",
        "layer": "daily_life",
        "name": "中国地质大学附属中学",
        "name:zh": "中国地质大学附属中学",
        "osm_id": 868296012,
        "osm_type": "way"
      },
      "type": "Feature"
    },
    {
      "geometry": {
        "coordinates": [
          [
            [
              116.338014,
              39.986159
            ],
            [
              116.338051,
              39.985626
            ],
            [
              116.338415,
              39.985646
            ],
            [
              116.338904,
              39.985637
            ],
            [
              116.338891,
              39.986182
            ],
            [
              116.338833,
              39.98618
            ],
            [
              116.338014,
              39.986159
            ]
          ]
        ],
        "type": "Polygon"
      },
      "id": "OSM-WAY-868296013-DAILY_LIFE",
      "properties": {
        "amenity": "college",
        "evidence_status": "contextual",
        "id": "OSM-WAY-868296013-DAILY_LIFE",
        "layer": "daily_life",
        "name": "海淀区职业技校东校区",
        "name:zh": "海淀区职业技校东校区",
        "osm_id": 868296013,
        "osm_type": "way"
      },
      "type": "Feature"
    },
    {
      "geometry": {
        "coordinates": [
          [
            [
              116.338891,
              39.986182
            ],
            [
              116.339753,
              39.986204
            ],
            [
              116.339783,
              39.98565
            ],
            [
              116.339325,
              39.985637
            ],
            [
              116.338904,
              39.985637
            ],
            [
              116.338891,
              39.986182
            ]
          ]
        ],
        "type": "Polygon"
      },
      "id": "OSM-WAY-868296014-DAILY_LIFE",
      "properties": {
        "amenity": "college",
        "evidence_status": "contextual",
        "id": "OSM-WAY-868296014-DAILY_LIFE",
        "layer": "daily_life",
        "name": "中关村学院",
        "name:zh": "中关村学院",
        "osm_id": 868296014,
        "osm_type": "way"
      },
      "type": "Feature"
    },
    {
      "geometry": {
        "coordinates": [
          [
            [
              116.339753,
              39.986204
            ],
            [
              116.339783,
              39.98565
            ],
            [
              116.339846,
              39.985652
            ],
            [
              116.340667,
              39.985682
            ],
            [
              116.341832,
              39.985725
            ],
            [
              116.342285,
              39.985742
            ],
            [
              116.342266,
              39.986294
            ],
            [
              116.341315,
              39.986275
            ],
            [
              116.341306,
              39.987105
            ],
            [
              116.339714,
              39.987079
            ],
            [
              116.339753,
              39.986204
            ]
          ]
        ],
        "type": "Polygon"
      },
      "id": "OSM-WAY-868296015-DAILY_LIFE",
      "properties": {
        "alt_name": "海跑,北城,海大,城院",
        "amenity": "college",
        "evidence_status": "contextual",
        "id": "OSM-WAY-868296015-DAILY_LIFE",
        "layer": "daily_life",
        "name": "北京城市学院",
        "name:en": "Beijing City University",
        "name:zh": "北京城市学院",
        "operator": "北京市教委",
        "osm_id": 868296015,
        "osm_type": "way"
      },
      "type": "Feature"
    },
    {
      "geometry": {
        "coordinates": [
          [
            [
              116.335376,
              39.992875
            ],
            [
              116.335388,
              39.992499
            ],
            [
              116.334259,
              39.992477
            ],
            [
              116.334247,
              39.992853
            ],
            [
              116.335376,
              39.992875
            ]
          ]
        ],
        "type": "Polygon"
      },
      "id": "OSM-WAY-868296036-DAILY_LIFE",
      "properties": {
        "amenity": "school",
        "evidence_status": "contextual",
        "id": "OSM-WAY-868296036-DAILY_LIFE",
        "layer": "daily_life",
        "name": "北京市海淀区第三实验小学（北校区）",
        "name:zh": "北京市海淀区第三实验小学（北校区）",
        "osm_id": 868296036,
        "osm_type": "way"
      },
      "type": "Feature"
    },
    {
      "geometry": {
        "coordinates": [
          [
            [
              116.36941,
              39.968204
            ],
            [
              116.367661,
              39.968182
            ],
            [
              116.367632,
              39.968759
            ],
            [
              116.36822,
              39.968812
            ],
            [
              116.368238,
              39.968885
            ],
            [
              116.368288,
              39.968934
            ],
            [
              116.368332,
              39.968965
            ],
            [
              116.368387,
              39.969
            ],
            [
              116.368967,
              39.969034
            ],
            [
              116.369,
              39.968923
            ],
            [
              116.369155,
              39.96891
            ],
            [
              116.369196,
              39.96847
            ],
            [
              116.369406,
              39.968474
            ],
            [
              116.36941,
              39.968204
            ]
          ]
        ],
        "type": "Polygon"
      },
      "id": "OSM-WAY-876388896-DAILY_LIFE",
      "properties": {
        "amenity": "school",
        "evidence_status": "contextual",
        "id": "OSM-WAY-876388896-DAILY_LIFE",
        "layer": "daily_life",
        "name": "北京交通大学附属中学（东校区）",
        "name:zh": "北京交通大学附属中学（东校区）",
        "osm_id": 876388896,
        "osm_type": "way"
      },
      "type": "Feature"
    },
    {
      "geometry": {
        "coordinates": [
          [
            [
              116.34193,
              39.982769
            ],
            [
              116.341948,
              39.982246
            ],
            [
              116.342065,
              39.982248
            ],
            [
              116.342067,
              39.982196
            ],
            [
              116.342634,
              39.982208
            ],
            [
              116.343166,
              39.982219
            ],
            [
              116.343158,
              39.982291
            ],
            [
              116.34316,
              39.982384
            ],
            [
              116.343002,
              39.982382
            ],
            [
              116.342978,
              39.982801
            ],
            [
              116.342975,
              39.982883
            ],
            [
              116.342152,
              39.982866
            ],
            [
              116.342158,
              39.982687
            ],
            [
              116.342108,
              39.982686
            ],
            [
              116.342105,
              39.982773
            ],
            [
              116.34193,
              39.982769
            ]
          ]
        ],
        "type": "Polygon"
      },
      "id": "OSM-WAY-88777864-DAILY_LIFE",
      "properties": {
        "amenity": "library",
        "building": "yes",
        "evidence_status": "contextual",
        "id": "OSM-WAY-88777864-DAILY_LIFE",
        "layer": "daily_life",
        "name": "北航图书馆",
        "name:en": "Library Of Beihang University",
        "name:zh": "北航图书馆",
        "osm_id": 88777864,
        "osm_type": "way"
      },
      "type": "Feature"
    },
    {
      "geometry": {
        "coordinates": [
          [
            [
              116.305643,
              39.947047
            ],
            [
              116.304971,
              39.946307
            ],
            [
              116.304255,
              39.945349
            ],
            [
              116.304281,
              39.945051
            ],
            [
              116.305536,
              39.944492
            ],
            [
              116.307042,
              39.946452
            ],
            [
              116.305643,
              39.947047
            ]
          ]
        ],
        "type": "Polygon"
      },
      "id": "OSM-WAY-888093516-DAILY_LIFE",
      "properties": {
        "amenity": "place_of_worship",
        "evidence_status": "contextual",
        "id": "OSM-WAY-888093516-DAILY_LIFE",
        "landuse": "religious",
        "layer": "daily_life",
        "name": "万寿寺",
        "name:zh": "万寿寺",
        "osm_id": 888093516,
        "osm_type": "way"
      },
      "type": "Feature"
    },
    {
      "geometry": {
        "coordinates": [
          [
            [
              116.330976,
              39.94594
            ],
            [
              116.329619,
              39.945856
            ],
            [
              116.329683,
              39.9453
            ],
            [
              116.331039,
              39.945386
            ],
            [
              116.330976,
              39.94594
            ]
          ]
        ],
        "type": "Polygon"
      },
      "id": "OSM-WAY-888093522-DAILY_LIFE",
      "properties": {
        "amenity": "school",
        "evidence_status": "contextual",
        "id": "OSM-WAY-888093522-DAILY_LIFE",
        "layer": "daily_life",
        "name": "中国农业科学院附属小学（气象路校区）",
        "name:zh": "中国农业科学院附属小学（气象路校区）",
        "operator": "中国农业科学院",
        "osm_id": 888093522,
        "osm_type": "way"
      },
      "type": "Feature"
    },
    {
      "geometry": {
        "coordinates": [
          [
            [
              116.300065,
              39.971384
            ],
            [
              116.300074,
              39.971261
            ],
            [
              116.300236,
              39.971271
            ],
            [
              116.300269,
              39.971272
            ],
            [
              116.300318,
              39.970876
            ],
            [
              116.299585,
              39.970842
            ],
            [
              116.299557,
              39.97136
            ],
            [
              116.300065,
              39.971384
            ]
          ]
        ],
        "type": "Polygon"
      },
      "id": "OSM-WAY-891739616-DAILY_LIFE",
      "properties": {
        "amenity": "hospital",
        "evidence_status": "contextual",
        "id": "OSM-WAY-891739616-DAILY_LIFE",
        "layer": "daily_life",
        "name": "北京市海淀区妇幼保健院东南院区",
        "osm_id": 891739616,
        "osm_type": "way"
      },
      "type": "Feature"
    },
    {
      "geometry": {
        "coordinates": [
          [
            [
              116.332685,
              39.964892
            ],
            [
              116.332919,
              39.963782
            ],
            [
              116.331797,
              39.963651
            ],
            [
              116.331579,
              39.964845
            ],
            [
              116.332685,
              39.964892
            ]
          ]
        ],
        "type": "Polygon"
      },
      "id": "OSM-WAY-892665301-DAILY_LIFE",
      "properties": {
        "amenity": "school",
        "evidence_status": "contextual",
        "id": "OSM-WAY-892665301-DAILY_LIFE",
        "layer": "daily_life",
        "osm_id": 892665301,
        "osm_type": "way"
      },
      "type": "Feature"
    },
    {
      "geometry": {
        "coordinates": [
          [
            [
              116.307457,
              40.051598
            ],
            [
              116.307207,
              40.051865
            ],
            [
              116.30727,
              40.051896
            ],
            [
              116.307602,
              40.052056
            ],
            [
              116.308294,
              40.052371
            ],
            [
              116.309173,
              40.052746
            ],
            [
              116.309246,
              40.052694
            ],
            [
              116.309278,
              40.052634
            ],
            [
              116.308988,
              40.052478
            ],
            [
              116.308645,
              40.05225
            ],
            [
              116.308361,
              40.052017
            ],
            [
              116.307852,
              40.051454
            ],
            [
              116.306659,
              40.05056
            ],
            [
              116.306537,
              40.050705
            ],
            [
              116.306258,
              40.05109
            ],
            [
              116.307457,
              40.051598
            ]
          ]
        ],
        "type": "Polygon"
      },
      "id": "OSM-WAY-915420284-DAILY_LIFE",
      "properties": {
        "amenity": "marketplace",
        "evidence_status": "contextual",
        "id": "OSM-WAY-915420284-DAILY_LIFE",
        "layer": "daily_life",
        "name": "益民市场",
        "osm_id": 915420284,
        "osm_type": "way"
      },
      "type": "Feature"
    },
    {
      "geometry": {
        "coordinates": [
          [
            [
              116.374325,
              39.949844
            ],
            [
              116.374417,
              39.949018
            ],
            [
              116.374926,
              39.948714
            ],
            [
              116.375162,
              39.948936
            ],
            [
              116.376005,
              39.948936
            ],
            [
              116.376026,
              39.949857
            ],
            [
              116.375024,
              39.949847
            ],
            [
              116.37458,
              39.949845
            ],
            [
              116.374325,
              39.949844
            ]
          ]
        ],
        "type": "Polygon"
      },
      "id": "OSM-WAY-915449072-DAILY_LIFE",
      "properties": {
        "amenity": "school",
        "evidence_status": "contextual",
        "id": "OSM-WAY-915449072-DAILY_LIFE",
        "layer": "daily_life",
        "name": "北京第二实验小学（德胜校区）",
        "name:zh": "西城区民族团结小学",
        "osm_id": 915449072,
        "osm_type": "way"
      },
      "type": "Feature"
    },
    {
      "geometry": {
        "coordinates": [
          [
            [
              116.376917,
              39.952065
            ],
            [
              116.376589,
              39.951917
            ],
            [
              116.37666,
              39.950071
            ],
            [
              116.378601,
              39.950108
            ],
            [
              116.378563,
              39.952119
            ],
            [
              116.376917,
              39.952065
            ]
          ]
        ],
        "type": "Polygon"
      },
      "id": "OSM-WAY-915450605-DAILY_LIFE",
      "properties": {
        "amenity": "school",
        "evidence_status": "contextual",
        "id": "OSM-WAY-915450605-DAILY_LIFE",
        "layer": "daily_life",
        "name": "北京市第七中学",
        "name:en": "No.7 Middle School",
        "name:zh": "北京市第七中学",
        "operator": "北京市第七中学",
        "osm_id": 915450605,
        "osm_type": "way"
      },
      "type": "Feature"
    },
    {
      "geometry": {
        "coordinates": [
          [
            [
              116.335702,
              39.952975
            ],
            [
              116.33596,
              39.952122
            ],
            [
              116.336543,
              39.952228
            ],
            [
              116.336545,
              39.952344
            ],
            [
              116.336509,
              39.952477
            ],
            [
              116.336473,
              39.952598
            ],
            [
              116.33643,
              39.952677
            ],
            [
              116.3362,
              39.953042
            ],
            [
              116.335702,
              39.952975
            ]
          ]
        ],
        "type": "Polygon"
      },
      "id": "OSM-WAY-917379043-DAILY_LIFE",
      "properties": {
        "amenity": "university",
        "evidence_status": "contextual",
        "id": "OSM-WAY-917379043-DAILY_LIFE",
        "layer": "daily_life",
        "name": "北京交通大学-向阳办公区",
        "operator": "北京交通大学",
        "osm_id": 917379043,
        "osm_type": "way"
      },
      "type": "Feature"
    },
    {
      "geometry": {
        "coordinates": [
          [
            [
              116.339363,
              39.955614
            ],
            [
              116.340332,
              39.95567
            ],
            [
              116.340387,
              39.955109
            ],
            [
              116.339419,
              39.955053
            ],
            [
              116.339363,
              39.955614
            ]
          ]
        ],
        "type": "Polygon"
      },
      "id": "OSM-WAY-917379044-DAILY_LIFE",
      "properties": {
        "amenity": "kindergarten",
        "evidence_status": "contextual",
        "id": "OSM-WAY-917379044-DAILY_LIFE",
        "layer": "daily_life",
        "name": "中国铁道科学院幼儿园",
        "name:zh": "中国铁道科学院幼儿园",
        "operator": "中国铁道科学院",
        "osm_id": 917379044,
        "osm_type": "way"
      },
      "type": "Feature"
    },
    {
      "geometry": {
        "coordinates": [
          [
            [
              116.34163,
              39.952065
            ],
            [
              116.341835,
              39.951193
            ],
            [
              116.342642,
              39.951319
            ],
            [
              116.342575,
              39.951612
            ],
            [
              116.342854,
              39.951665
            ],
            [
              116.342793,
              39.952058
            ],
            [
              116.342763,
              39.952105
            ],
            [
              116.342699,
              39.952142
            ],
            [
              116.342544,
              39.952168
            ],
            [
              116.34239,
              39.95217
            ],
            [
              116.34163,
              39.952065
            ]
          ]
        ],
        "type": "Polygon"
      },
      "id": "OSM-WAY-917379045-DAILY_LIFE",
      "properties": {
        "amenity": "school",
        "evidence_status": "contextual",
        "id": "OSM-WAY-917379045-DAILY_LIFE",
        "layer": "daily_life",
        "name": "北京交通大学附属小学（东校区）",
        "name:zh": "北京交通大学附属小学（东校区）",
        "operator": "北京交通大学",
        "osm_id": 917379045,
        "osm_type": "way"
      },
      "type": "Feature"
    },
    {
      "geometry": {
        "coordinates": [
          [
            [
              116.318414,
              39.954399
            ],
            [
              116.319305,
              39.954423
            ],
            [
              116.319299,
              39.953985
            ],
            [
              116.319763,
              39.954006
            ],
            [
              116.319793,
              39.953384
            ],
            [
              116.320219,
              39.953395
            ],
            [
              116.320234,
              39.953018
            ],
            [
              116.319407,
              39.953013
            ],
            [
              116.319377,
              39.953325
            ],
            [
              116.318568,
              39.953309
            ],
            [
              116.318576,
              39.953177
            ],
            [
              116.318133,
              39.953163
            ],
            [
              116.318111,
              39.953387
            ],
            [
              116.317865,
              39.953378
            ],
            [
              116.317717,
              39.954712
            ],
            [
              116.318381,
              39.954745
            ],
            [
              116.318414,
              39.954399
            ]
          ]
        ],
        "type": "Polygon"
      },
      "id": "OSM-WAY-917379046-DAILY_LIFE",
      "properties": {
        "amenity": "university",
        "evidence_status": "contextual",
        "id": "OSM-WAY-917379046-DAILY_LIFE",
        "landuse": "military",
        "layer": "daily_life",
        "name": "国防大学军事文化学院",
        "name:zh": "国防大学军事文化学院",
        "osm_id": 917379046,
        "osm_type": "way"
      },
      "type": "Feature"
    },
    {
      "geometry": {
        "coordinates": [
          [
            [
              116.352791,
              39.973203
            ],
            [
              116.352801,
              39.972697
            ],
            [
              116.354762,
              39.972719
            ],
            [
              116.354752,
              39.973225
            ],
            [
              116.353814,
              39.973228
            ],
            [
              116.353797,
              39.973264
            ],
            [
              116.35332,
              39.973255
            ],
            [
              116.353322,
              39.973209
            ],
            [
              116.353278,
              39.973208
            ],
            [
              116.353212,
              39.973208
            ],
            [
              116.352791,
              39.973203
            ]
          ]
        ],
        "type": "Polygon"
      },
      "id": "OSM-WAY-917665174-DAILY_LIFE",
      "properties": {
        "amenity": "school",
        "evidence_status": "contextual",
        "id": "OSM-WAY-917665174-DAILY_LIFE",
        "layer": "daily_life",
        "name": "海淀区前进小学",
        "name:zh": "海淀区前进小学",
        "osm_id": 917665174,
        "osm_type": "way"
      },
      "type": "Feature"
    },
    {
      "geometry": {
        "coordinates": [
          [
            [
              116.369883,
              39.970016
            ],
            [
              116.370031,
              39.970038
            ],
            [
              116.370168,
              39.970062
            ],
            [
              116.370323,
              39.970098
            ],
            [
              116.370453,
              39.970132
            ],
            [
              116.370529,
              39.970193
            ],
            [
              116.370554,
              39.970284
            ],
            [
              116.370562,
              39.970475
            ],
            [
              116.370443,
              39.972076
            ],
            [
              116.368974,
              39.972032
            ],
            [
              116.368974,
              39.971866
            ],
            [
              116.369576,
              39.971877
            ],
            [
              116.369591,
              39.971611
            ],
            [
              116.369327,
              39.971592
            ],
            [
              116.369353,
              39.971147
            ],
            [
              116.369364,
              39.970914
            ],
            [
              116.369497,
              39.970906
            ],
            [
              116.36953,
              39.970331
            ],
            [
              116.369757,
              39.97032
            ],
            [
              116.369775,
              39.970151
            ],
            [
              116.369789,
              39.970087
            ],
            [
              116.369815,
              39.970043
            ],
            [
              116.369883,
              39.970016
            ]
          ]
        ],
        "type": "Polygon"
      },
      "id": "OSM-WAY-917665185-DAILY_LIFE",
      "properties": {
        "amenity": "school",
        "evidence_status": "contextual",
        "id": "OSM-WAY-917665185-DAILY_LIFE",
        "layer": "daily_life",
        "name": "海淀区民族小学（南校区）",
        "name:zh": "海淀区民族小学（南校区）",
        "osm_id": 917665185,
        "osm_type": "way"
      },
      "type": "Feature"
    },
    {
      "geometry": {
        "coordinates": [
          [
            [
              116.31415,
              39.98261
            ],
            [
              116.314903,
              39.982626
            ],
            [
              116.314923,
              39.982368
            ],
            [
              116.314977,
              39.982239
            ],
            [
              116.314986,
              39.982145
            ],
            [
              116.315051,
              39.982077
            ],
            [
              116.315072,
              39.98179
            ],
            [
              116.314496,
              39.98177
            ],
            [
              116.314491,
              39.981901
            ],
            [
              116.314164,
              39.981899
            ],
            [
              116.31415,
              39.98261
            ]
          ]
        ],
        "type": "Polygon"
      },
      "id": "OSM-WAY-918613800-DAILY_LIFE",
      "properties": {
        "amenity": "kindergarten",
        "evidence_status": "contextual",
        "id": "OSM-WAY-918613800-DAILY_LIFE",
        "layer": "daily_life",
        "name": "中国科学院第三幼儿园",
        "name:zh": "中国科学院第三幼儿园",
        "osm_id": 918613800,
        "osm_type": "way"
      },
      "type": "Feature"
    },
    {
      "geometry": {
        "coordinates": [
          [
            [
              116.374309,
              39.98903
            ],
            [
              116.37695,
              39.989123
            ],
            [
              116.376942,
              39.988067
            ],
            [
              116.378357,
              39.988131
            ],
            [
              116.378456,
              39.986745
            ],
            [
              116.374528,
              39.986664
            ],
            [
              116.374377,
              39.986786
            ],
            [
              116.374392,
              39.988021
            ],
            [
              116.374309,
              39.98903
            ]
          ]
        ],
        "type": "Polygon"
      },
      "id": "OSM-WAY-919969641-DAILY_LIFE",
      "properties": {
        "amenity": "university",
        "evidence_status": "contextual",
        "id": "OSM-WAY-919969641-DAILY_LIFE",
        "layer": "daily_life",
        "name": "北京信息科技大学(健翔桥校区)",
        "osm_id": 919969641,
        "osm_type": "way"
      },
      "type": "Feature"
    },
    {
      "geometry": {
        "coordinates": [
          [
            [
              116.355554,
              39.935833
            ],
            [
              116.355533,
              39.935719
            ],
            [
              116.355506,
              39.935635
            ],
            [
              116.3555,
              39.935563
            ],
            [
              116.355491,
              39.935347
            ],
            [
              116.356956,
              39.935347
            ],
            [
              116.35693,
              39.935866
            ],
            [
              116.356577,
              39.935866
            ],
            [
              116.356556,
              39.936431
            ],
            [
              116.355949,
              39.936417
            ],
            [
              116.355976,
              39.935819
            ],
            [
              116.355554,
              39.935833
            ]
          ]
        ],
        "type": "Polygon"
      },
      "id": "OSM-WAY-922427117-DAILY_LIFE",
      "properties": {
        "amenity": "school",
        "evidence_status": "contextual",
        "id": "OSM-WAY-922427117-DAILY_LIFE",
        "layer": "daily_life",
        "name": "北京市西城区黄城根小学（后广平校区）",
        "osm_id": 922427117,
        "osm_type": "way"
      },
      "type": "Feature"
    },
    {
      "geometry": {
        "coordinates": [
          [
            [
              116.369177,
              39.93679
            ],
            [
              116.368688,
              39.936772
            ],
            [
              116.368705,
              39.936559
            ],
            [
              116.369282,
              39.936574
            ],
            [
              116.369278,
              39.936801
            ],
            [
              116.369362,
              39.936805
            ],
            [
              116.369353,
              39.937005
            ],
            [
              116.369411,
              39.93701
            ],
            [
              116.369402,
              39.937143
            ],
            [
              116.369321,
              39.937204
            ],
            [
              116.369021,
              39.937193
            ],
            [
              116.36904,
              39.936852
            ],
            [
              116.369177,
              39.936859
            ],
            [
              116.369177,
              39.93679
            ]
          ]
        ],
        "type": "Polygon"
      },
      "id": "OSM-WAY-922791284-DAILY_LIFE",
      "properties": {
        "amenity": "school",
        "evidence_status": "contextual",
        "id": "OSM-WAY-922791284-DAILY_LIFE",
        "layer": "daily_life",
        "name": "厂桥小学北校区",
        "name:zh": "厂桥小学北校区",
        "osm_id": 922791284,
        "osm_type": "way"
      },
      "type": "Feature"
    },
    {
      "geometry": {
        "coordinates": [
          [
            [
              116.371987,
              39.941584
            ],
            [
              116.37197,
              39.94121
            ],
            [
              116.372448,
              39.941198
            ],
            [
              116.372456,
              39.941374
            ],
            [
              116.372528,
              39.941372
            ],
            [
              116.372536,
              39.94157
            ],
            [
              116.371987,
              39.941584
            ]
          ]
        ],
        "type": "Polygon"
      },
      "id": "OSM-WAY-922791285-DAILY_LIFE",
      "properties": {
        "amenity": "school",
        "evidence_status": "contextual",
        "id": "OSM-WAY-922791285-DAILY_LIFE",
        "layer": "daily_life",
        "name": "北京雷锋小学（东街校区）",
        "osm_id": 922791285,
        "osm_type": "way"
      },
      "type": "Feature"
    },
    {
      "geometry": {
        "coordinates": [
          [
            [
              116.379249,
              39.9384
            ],
            [
              116.37973,
              39.938433
            ],
            [
              116.379737,
              39.938373
            ],
            [
              116.379857,
              39.938381
            ],
            [
              116.379915,
              39.93788
            ],
            [
              116.379382,
              39.937844
            ],
            [
              116.379348,
              39.93813
            ],
            [
              116.379281,
              39.938125
            ],
            [
              116.379249,
              39.9384
            ]
          ]
        ],
        "type": "Polygon"
      },
      "id": "OSM-WAY-922791286-DAILY_LIFE",
      "properties": {
        "amenity": "school",
        "evidence_status": "contextual",
        "id": "OSM-WAY-922791286-DAILY_LIFE",
        "layer": "daily_life",
        "name": "柳荫街小学（煤厂胡同址）",
        "osm_id": 922791286,
        "osm_type": "way",
        "wheelchair": "limited"
      },
      "type": "Feature"
    },
    {
      "geometry": {
        "coordinates": [
          [
            [
              116.383283,
              39.93753
            ],
            [
              116.38325,
              39.937203
            ],
            [
              116.383816,
              39.93717
            ],
            [
              116.383849,
              39.937496
            ],
            [
              116.383283,
              39.93753
            ]
          ]
        ],
        "type": "Polygon"
      },
      "id": "OSM-WAY-922791287-DAILY_LIFE",
      "properties": {
        "amenity": "school",
        "evidence_status": "contextual",
        "id": "OSM-WAY-922791287-DAILY_LIFE",
        "layer": "daily_life",
        "name": "西城区柳荫街小学(大翔凤址）",
        "osm_id": 922791287,
        "osm_type": "way"
      },
      "type": "Feature"
    },
    {
      "geometry": {
        "coordinates": [
          [
            [
              116.385296,
              39.946624
            ],
            [
              116.385501,
              39.946633
            ],
            [
              116.385491,
              39.946784
            ],
            [
              116.385825,
              39.946797
            ],
            [
              116.385856,
              39.946335
            ],
            [
              116.385771,
              39.946332
            ],
            [
              116.385802,
              39.9459
            ],
            [
              116.385247,
              39.945873
            ],
            [
              116.385226,
              39.946202
            ],
            [
              116.385324,
              39.946205
            ],
            [
              116.385296,
              39.946624
            ]
          ]
        ],
        "type": "Polygon"
      },
      "id": "OSM-WAY-922791288-DAILY_LIFE",
      "properties": {
        "amenity": "school",
        "evidence_status": "contextual",
        "id": "OSM-WAY-922791288-DAILY_LIFE",
        "layer": "daily_life",
        "name": "北京市雷锋小学",
        "osm_id": 922791288,
        "osm_type": "way"
      },
      "type": "Feature"
    },
    {
      "geometry": {
        "coordinates": [
          [
            [
              116.391379,
              40.004084
            ],
            [
              116.391368,
              40.004142
            ],
            [
              116.39133,
              40.004198
            ],
            [
              116.391285,
              40.004234
            ],
            [
              116.391229,
              40.004259
            ],
            [
              116.391165,
              40.004272
            ],
            [
              116.391099,
              40.004272
            ],
            [
              116.391058,
              40.004265
            ],
            [
              116.391012,
              40.004249
            ],
            [
              116.390967,
              40.004224
            ],
            [
              116.39093,
              40.004193
            ],
            [
              116.390906,
              40.004159
            ],
            [
              116.390893,
              40.004128
            ],
            [
              116.390887,
              40.004085
            ],
            [
              116.3909,
              40.004023
            ],
            [
              116.390941,
              40.003967
            ],
            [
              116.390983,
              40.003935
            ],
            [
              116.391035,
              40.003912
            ],
            [
              116.391093,
              40.003899
            ],
            [
              116.391152,
              40.003897
            ],
            [
              116.391209,
              40.003906
            ],
            [
              116.391278,
              40.003932
            ],
            [
              116.391332,
              40.003974
            ],
            [
              116.391367,
              40.004026
            ],
            [
              116.391379,
              40.004084
            ]
          ]
        ],
        "type": "Polygon"
      },
      "id": "OSM-WAY-924472174-DAILY_LIFE",
      "properties": {
        "amenity": "cinema",
        "evidence_status": "contextual",
        "id": "OSM-WAY-924472174-DAILY_LIFE",
        "layer": "daily_life",
        "name": "科技馆影院",
        "osm_id": 924472174,
        "osm_type": "way"
      },
      "type": "Feature"
    },
    {
      "geometry": {
        "coordinates": [
          [
            [
              116.383988,
              39.955059
            ],
            [
              116.384022,
              39.953607
            ],
            [
              116.385398,
              39.953626
            ],
            [
              116.385364,
              39.955078
            ],
            [
              116.383988,
              39.955059
            ]
          ]
        ],
        "type": "Polygon"
      },
      "id": "OSM-WAY-924593023-DAILY_LIFE",
      "properties": {
        "amenity": "school",
        "evidence_status": "contextual",
        "id": "OSM-WAY-924593023-DAILY_LIFE",
        "layer": "daily_life",
        "name": "西城区师范学校附属小学（六铺炕校区）",
        "osm_id": 924593023,
        "osm_type": "way"
      },
      "type": "Feature"
    },
    {
      "geometry": {
        "coordinates": [
          [
            [
              116.376535,
              39.96003
            ],
            [
              116.376546,
              39.959623
            ],
            [
              116.376683,
              39.959623
            ],
            [
              116.376715,
              39.958896
            ],
            [
              116.37765,
              39.95891
            ],
            [
              116.377617,
              39.960055
            ],
            [
              116.376535,
              39.96003
            ]
          ]
        ],
        "type": "Polygon"
      },
      "id": "OSM-WAY-924593024-DAILY_LIFE",
      "properties": {
        "amenity": "school",
        "evidence_status": "contextual",
        "id": "OSM-WAY-924593024-DAILY_LIFE",
        "layer": "daily_life",
        "name": "西城区五路通小学",
        "name:zh": "西城区五路通小学",
        "osm_id": 924593024,
        "osm_type": "way"
      },
      "type": "Feature"
    },
    {
      "geometry": {
        "coordinates": [
          [
            [
              116.355904,
              39.941161
            ],
            [
              116.356,
              39.940511
            ],
            [
              116.356786,
              39.940601
            ],
            [
              116.356886,
              39.940518
            ],
            [
              116.357374,
              39.940564
            ],
            [
              116.357645,
              39.940503
            ],
            [
              116.357551,
              39.941347
            ],
            [
              116.355904,
              39.941161
            ]
          ]
        ],
        "type": "Polygon"
      },
      "id": "OSM-WAY-924593028-DAILY_LIFE",
      "properties": {
        "amenity": "school",
        "evidence_status": "contextual",
        "id": "OSM-WAY-924593028-DAILY_LIFE",
        "layer": "daily_life",
        "name": "北京第二实验小学（玉桃园分校）",
        "osm_id": 924593028,
        "osm_type": "way"
      },
      "type": "Feature"
    },
    {
      "geometry": {
        "coordinates": [
          [
            [
              116.354297,
              39.936724
            ],
            [
              116.354312,
              39.936392
            ],
            [
              116.354922,
              39.936396
            ],
            [
              116.35497,
              39.936679
            ],
            [
              116.35497,
              39.93672
            ],
            [
              116.354968,
              39.936747
            ],
            [
              116.354297,
              39.936724
            ]
          ]
        ],
        "type": "Polygon"
      },
      "id": "OSM-WAY-924593034-DAILY_LIFE",
      "properties": {
        "amenity": "school",
        "evidence_status": "contextual",
        "id": "OSM-WAY-924593034-DAILY_LIFE",
        "layer": "daily_life",
        "name": "西城区志成小学（西址）",
        "osm_id": 924593034,
        "osm_type": "way"
      },
      "type": "Feature"
    },
    {
      "geometry": {
        "coordinates": [
          [
            [
              116.368363,
              39.954049
            ],
            [
              116.369612,
              39.954094
            ],
            [
              116.369655,
              39.953488
            ],
            [
              116.368359,
              39.953485
            ],
            [
              116.368363,
              39.954049
            ]
          ]
        ],
        "type": "Polygon"
      },
      "id": "OSM-WAY-925024594-DAILY_LIFE",
      "properties": {
        "amenity": "school",
        "evidence_status": "contextual",
        "id": "OSM-WAY-925024594-DAILY_LIFE",
        "layer": "daily_life",
        "name": "西城区育翔小学（德胜里校区）",
        "name:zh": "西城区育翔小学（德胜里校区）",
        "operator": "西城区育翔小学",
        "osm_id": 925024594,
        "osm_type": "way"
      },
      "type": "Feature"
    },
    {
      "geometry": {
        "coordinates": [
          [
            [
              116.370454,
              39.952075
            ],
            [
              116.370457,
              39.952156
            ],
            [
              116.3711,
              39.952152
            ],
            [
              116.371098,
              39.951985
            ],
            [
              116.371246,
              39.95198
            ],
            [
              116.371287,
              39.95196
            ],
            [
              116.371307,
              39.951939
            ],
            [
              116.37126,
              39.950651
            ],
            [
              116.371229,
              39.950634
            ],
            [
              116.371185,
              39.950629
            ],
            [
              116.369101,
              39.950673
            ],
            [
              116.369113,
              39.951032
            ],
            [
              116.369801,
              39.951016
            ],
            [
              116.36984,
              39.952077
            ],
            [
              116.370454,
              39.952075
            ]
          ]
        ],
        "type": "Polygon"
      },
      "id": "OSM-WAY-925024595-DAILY_LIFE",
      "properties": {
        "amenity": "hospital",
        "evidence_status": "contextual",
        "id": "OSM-WAY-925024595-DAILY_LIFE",
        "layer": "daily_life",
        "name": "首都医科大学附属北京安定医院",
        "name:en": "Beijing Anding Hospital, Capital Medical University",
        "name:zh": "首都医科大学附属北京安定医院",
        "operator": "首都医科大学",
        "osm_id": 925024595,
        "osm_type": "way",
        "wheelchair": "yes"
      },
      "type": "Feature"
    },
    {
      "geometry": {
        "coordinates": [
          [
            [
              116.380736,
              39.965427
            ],
            [
              116.381205,
              39.96542
            ],
            [
              116.381218,
              39.964848
            ],
            [
              116.381223,
              39.964661
            ],
            [
              116.380405,
              39.964678
            ],
            [
              116.380398,
              39.96513
            ],
            [
              116.380748,
              39.965123
            ],
            [
              116.380741,
              39.965305
            ],
            [
              116.380736,
              39.965427
            ]
          ]
        ],
        "type": "Polygon"
      },
      "id": "OSM-WAY-925024596-DAILY_LIFE",
      "properties": {
        "amenity": "school",
        "evidence_status": "contextual",
        "id": "OSM-WAY-925024596-DAILY_LIFE",
        "layer": "daily_life",
        "name": "西城区育翔小学（阳光校区）",
        "osm_id": 925024596,
        "osm_type": "way"
      },
      "type": "Feature"
    },
    {
      "geometry": {
        "coordinates": [
          [
            [
              116.371083,
              39.964812
            ],
            [
              116.371573,
              39.96346
            ],
            [
              116.372079,
              39.963473
            ],
            [
              116.372079,
              39.964005
            ],
            [
              116.372079,
              39.964375
            ],
            [
              116.372079,
              39.964746
            ],
            [
              116.372019,
              39.964746
            ],
            [
              116.372023,
              39.964825
            ],
            [
              116.371083,
              39.964812
            ]
          ]
        ],
        "type": "Polygon"
      },
      "id": "OSM-WAY-925024597-DAILY_LIFE",
      "properties": {
        "amenity": "school",
        "evidence_status": "contextual",
        "id": "OSM-WAY-925024597-DAILY_LIFE",
        "layer": "daily_life",
        "name": "育翔小学",
        "osm_id": 925024597,
        "osm_type": "way"
      },
      "type": "Feature"
    },
    {
      "geometry": {
        "coordinates": [
          [
            [
              116.385927,
              39.9397
            ],
            [
              116.386148,
              39.939586
            ],
            [
              116.385498,
              39.938879
            ],
            [
              116.385429,
              39.938887
            ],
            [
              116.385328,
              39.938907
            ],
            [
              116.385231,
              39.938933
            ],
            [
              116.385148,
              39.938962
            ],
            [
              116.38508,
              39.938992
            ],
            [
              116.385367,
              39.939333
            ],
            [
              116.385532,
              39.939252
            ],
            [
              116.385927,
              39.9397
            ]
          ]
        ],
        "type": "Polygon"
      },
      "id": "OSM-WAY-925024600-DAILY_LIFE",
      "properties": {
        "amenity": "school",
        "evidence_status": "contextual",
        "id": "OSM-WAY-925024600-DAILY_LIFE",
        "layer": "daily_life",
        "name": "西城区鸦儿胡同小学（南校区）",
        "osm_id": 925024600,
        "osm_type": "way"
      },
      "type": "Feature"
    },
    {
      "geometry": {
        "coordinates": [
          [
            [
              116.385265,
              39.941382
            ],
            [
              116.385265,
              39.941413
            ],
            [
              116.385414,
              39.941415
            ],
            [
              116.38541,
              39.941555
            ],
            [
              116.385587,
              39.941558
            ],
            [
              116.385582,
              39.941708
            ],
            [
              116.385424,
              39.941705
            ],
            [
              116.385423,
              39.941751
            ],
            [
              116.385054,
              39.941744
            ],
            [
              116.385065,
              39.941378
            ],
            [
              116.385265,
              39.941382
            ]
          ]
        ],
        "type": "Polygon"
      },
      "id": "OSM-WAY-925024601-DAILY_LIFE",
      "properties": {
        "amenity": "school",
        "evidence_status": "contextual",
        "id": "OSM-WAY-925024601-DAILY_LIFE",
        "layer": "daily_life",
        "name": "西城区鸦儿胡同小学（北校区）",
        "osm_id": 925024601,
        "osm_type": "way"
      },
      "type": "Feature"
    },
    {
      "geometry": {
        "coordinates": [
          [
            [
              116.379362,
              39.96954
            ],
            [
              116.379371,
              39.968641
            ],
            [
              116.380263,
              39.968646
            ],
            [
              116.380254,
              39.969546
            ],
            [
              116.379362,
              39.96954
            ]
          ]
        ],
        "type": "Polygon"
      },
      "id": "OSM-WAY-925024612-DAILY_LIFE",
      "properties": {
        "amenity": "school",
        "evidence_status": "contextual",
        "id": "OSM-WAY-925024612-DAILY_LIFE",
        "layer": "daily_life",
        "name": "北京市三帆中学附属小学",
        "name:zh": "北京市三帆中学附属小学",
        "osm_id": 925024612,
        "osm_type": "way"
      },
      "type": "Feature"
    },
    {
      "geometry": {
        "coordinates": [
          [
            [
              116.367702,
              39.94411
            ],
            [
              116.367714,
              39.943915
            ],
            [
              116.367798,
              39.943873
            ],
            [
              116.36793,
              39.943862
            ],
            [
              116.367954,
              39.943326
            ],
            [
              116.367744,
              39.943308
            ],
            [
              116.367891,
              39.942172
            ],
            [
              116.36804,
              39.941934
            ],
            [
              116.368055,
              39.941797
            ],
            [
              116.368072,
              39.941744
            ],
            [
              116.368849,
              39.941793
            ],
            [
              116.3698,
              39.941796
            ],
            [
              116.370134,
              39.941836
            ],
            [
              116.370259,
              39.941838
            ],
            [
              116.370865,
              39.941885
            ],
            [
              116.370954,
              39.943085
            ],
            [
              116.370627,
              39.943031
            ],
            [
              116.370352,
              39.943022
            ],
            [
              116.370257,
              39.943559
            ],
            [
              116.370209,
              39.943803
            ],
            [
              116.370241,
              39.944063
            ],
            [
              116.369966,
              39.944082
            ],
            [
              116.369921,
              39.944331
            ],
            [
              116.369202,
              39.94431
            ],
            [
              116.369157,
              39.944194
            ],
            [
              116.367702,
              39.94411
            ]
          ]
        ],
        "type": "Polygon"
      },
      "id": "OSM-WAY-929588941-DAILY_LIFE",
      "properties": {
        "amenity": "hospital",
        "evidence_status": "contextual",
        "id": "OSM-WAY-929588941-DAILY_LIFE",
        "layer": "daily_life",
        "name": "积水潭医院",
        "osm_id": 929588941,
        "osm_type": "way"
      },
      "type": "Feature"
    },
    {
      "geometry": {
        "coordinates": [
          [
            [
              116.378998,
              39.946684
            ],
            [
              116.381715,
              39.946702
            ],
            [
              116.382466,
              39.94671
            ],
            [
              116.382451,
              39.947181
            ],
            [
              116.379918,
              39.947177
            ],
            [
              116.379858,
              39.947015
            ],
            [
              116.379829,
              39.946992
            ],
            [
              116.379787,
              39.946984
            ],
            [
              116.379743,
              39.946985
            ],
            [
              116.378992,
              39.946973
            ],
            [
              116.378998,
              39.946684
            ]
          ]
        ],
        "type": "Polygon"
      },
      "id": "OSM-WAY-929653187-DAILY_LIFE",
      "properties": {
        "amenity": "school",
        "evidence_status": "contextual",
        "id": "OSM-WAY-929653187-DAILY_LIFE",
        "layer": "daily_life",
        "name": "北京市第十三中学分校",
        "osm_id": 929653187,
        "osm_type": "way"
      },
      "type": "Feature"
    },
    {
      "geometry": {
        "coordinates": [
          [
            [
              116.379666,
              39.942768
            ],
            [
              116.380292,
              39.942533
            ],
            [
              116.380358,
              39.942636
            ],
            [
              116.38045,
              39.942602
            ],
            [
              116.380792,
              39.943092
            ],
            [
              116.380337,
              39.943285
            ],
            [
              116.380183,
              39.943044
            ],
            [
              116.379909,
              39.943148
            ],
            [
              116.379666,
              39.942768
            ]
          ]
        ],
        "type": "Polygon"
      },
      "id": "OSM-WAY-929752792-DAILY_LIFE",
      "properties": {
        "amenity": "school",
        "evidence_status": "contextual",
        "id": "OSM-WAY-929752792-DAILY_LIFE",
        "layer": "daily_life",
        "name": "北京市第十三中学（初中部）",
        "osm_id": 929752792,
        "osm_type": "way"
      },
      "type": "Feature"
    },
    {
      "geometry": {
        "coordinates": [
          [
            [
              116.381606,
              39.940919
            ],
            [
              116.381825,
              39.940762
            ],
            [
              116.382086,
              39.940975
            ],
            [
              116.38185,
              39.941144
            ],
            [
              116.381596,
              39.940936
            ],
            [
              116.381606,
              39.940919
            ]
          ]
        ],
        "type": "Polygon"
      },
      "id": "OSM-WAY-929752798-DAILY_LIFE",
      "properties": {
        "amenity": "place_of_worship",
        "building": "yes",
        "evidence_status": "contextual",
        "id": "OSM-WAY-929752798-DAILY_LIFE",
        "layer": "daily_life",
        "osm_id": 929752798,
        "osm_type": "way"
      },
      "type": "Feature"
    },
    {
      "geometry": {
        "coordinates": [
          [
            [
              116.384491,
              39.940649
            ],
            [
              116.384101,
              39.940261
            ],
            [
              116.384426,
              39.940069
            ],
            [
              116.384069,
              39.939715
            ],
            [
              116.384251,
              39.939607
            ],
            [
              116.384535,
              39.939439
            ],
            [
              116.385179,
              39.940119
            ],
            [
              116.384869,
              39.940302
            ],
            [
              116.384946,
              39.940379
            ],
            [
              116.384491,
              39.940649
            ]
          ]
        ],
        "type": "Polygon"
      },
      "id": "OSM-WAY-929752805-DAILY_LIFE",
      "properties": {
        "amenity": "place_of_worship",
        "evidence_status": "contextual",
        "id": "OSM-WAY-929752805-DAILY_LIFE",
        "layer": "daily_life",
        "name": "广化寺",
        "osm_id": 929752805,
        "osm_type": "way"
      },
      "type": "Feature"
    },
    {
      "geometry": {
        "coordinates": [
          [
            [
              116.388733,
              39.937305
            ],
            [
              116.388752,
              39.937197
            ],
            [
              116.38866,
              39.937188
            ],
            [
              116.388684,
              39.93705
            ],
            [
              116.389021,
              39.937084
            ],
            [
              116.388978,
              39.93733
            ],
            [
              116.388733,
              39.937305
            ]
          ]
        ],
        "type": "Polygon"
      },
      "id": "OSM-WAY-929752816-DAILY_LIFE",
      "properties": {
        "amenity": "school",
        "evidence_status": "contextual",
        "id": "OSM-WAY-929752816-DAILY_LIFE",
        "layer": "daily_life",
        "name": "北京联合大学（什刹海校区）",
        "osm_id": 929752816,
        "osm_type": "way"
      },
      "type": "Feature"
    },
    {
      "geometry": {
        "coordinates": [
          [
            [
              116.301654,
              39.977226
            ],
            [
              116.300965,
              39.977201
            ],
            [
              116.300984,
              39.97688
            ],
            [
              116.301025,
              39.976824
            ],
            [
              116.301031,
              39.976509
            ],
            [
              116.301124,
              39.976459
            ],
            [
              116.301214,
              39.976416
            ],
            [
              116.301512,
              39.976433
            ],
            [
              116.301533,
              39.976336
            ],
            [
              116.302692,
              39.976449
            ],
            [
              116.302679,
              39.976735
            ],
            [
              116.302639,
              39.97681
            ],
            [
              116.30248,
              39.97705
            ],
            [
              116.301722,
              39.977048
            ],
            [
              116.301656,
              39.97705
            ],
            [
              116.301654,
              39.977226
            ]
          ]
        ],
        "type": "Polygon"
      },
      "id": "OSM-WAY-934940413-DAILY_LIFE",
      "properties": {
        "amenity": "school",
        "evidence_status": "contextual",
        "id": "OSM-WAY-934940413-DAILY_LIFE",
        "layer": "daily_life",
        "name": "北京市八一学校小学部",
        "name:zh": "北京市八一学校小学部",
        "osm_id": 934940413,
        "osm_type": "way"
      },
      "type": "Feature"
    },
    {
      "geometry": {
        "coordinates": [
          [
            [
              116.302692,
              39.976449
            ],
            [
              116.30274,
              39.976413
            ],
            [
              116.302778,
              39.975623
            ],
            [
              116.30188,
              39.975306
            ],
            [
              116.301785,
              39.975349
            ],
            [
              116.301658,
              39.975464
            ],
            [
              116.301594,
              39.97557
            ],
            [
              116.301576,
              39.975697
            ],
            [
              116.301558,
              39.97581
            ],
            [
              116.30153,
              39.975971
            ],
            [
              116.301461,
              39.976329
            ],
            [
              116.301533,
              39.976336
            ],
            [
              116.302692,
              39.976449
            ]
          ]
        ],
        "type": "Polygon"
      },
      "id": "OSM-WAY-934940414-DAILY_LIFE",
      "properties": {
        "amenity": "school",
        "evidence_status": "contextual",
        "id": "OSM-WAY-934940414-DAILY_LIFE",
        "layer": "daily_life",
        "name": "北京市信息管理学校（中关村校区）",
        "name:zh": "北京市信息管理学校（中关村校区）",
        "osm_id": 934940414,
        "osm_type": "way"
      },
      "type": "Feature"
    },
    {
      "geometry": {
        "coordinates": [
          [
            [
              116.330716,
              39.959226
            ],
            [
              116.330345,
              39.959163
            ],
            [
              116.33047,
              39.958313
            ],
            [
              116.331905,
              39.958341
            ],
            [
              116.331083,
              39.958964
            ],
            [
              116.330716,
              39.959226
            ]
          ]
        ],
        "type": "Polygon"
      },
      "id": "OSM-WAY-934940422-DAILY_LIFE",
      "properties": {
        "amenity": "school",
        "evidence_status": "contextual",
        "id": "OSM-WAY-934940422-DAILY_LIFE",
        "layer": "daily_life",
        "name": "中国农业科学院附属小学（学院南路校区）",
        "name:zh": "中国农业科学院附属小学（学院南路校区）",
        "osm_id": 934940422,
        "osm_type": "way"
      },
      "type": "Feature"
    },
    {
      "geometry": {
        "coordinates": [
          [
            [
              116.343784,
              39.962389
            ],
            [
              116.344039,
              39.962384
            ],
            [
              116.344044,
              39.962308
            ],
            [
              116.344069,
              39.96231
            ],
            [
              116.344076,
              39.962264
            ],
            [
              116.344628,
              39.962288
            ],
            [
              116.344695,
              39.961551
            ],
            [
              116.34456,
              39.961548
            ],
            [
              116.343915,
              39.961532
            ],
            [
              116.343915,
              39.961565
            ],
            [
              116.343898,
              39.961892
            ],
            [
              116.343883,
              39.962242
            ],
            [
              116.343796,
              39.962279
            ],
            [
              116.343784,
              39.962389
            ]
          ]
        ],
        "type": "Polygon"
      },
      "id": "OSM-WAY-934940423-DAILY_LIFE",
      "properties": {
        "amenity": "school",
        "evidence_status": "contextual",
        "id": "OSM-WAY-934940423-DAILY_LIFE",
        "layer": "daily_life",
        "name": "中国农业科学院附属小学（政法路校区）",
        "name:zh": "中国农业科学院附属小学（政法路校区）",
        "osm_id": 934940423,
        "osm_type": "way"
      },
      "type": "Feature"
    },
    {
      "geometry": {
        "coordinates": [
          [
            [
              116.346937,
              39.954067
            ],
            [
              116.346923,
              39.953776
            ],
            [
              116.347054,
              39.953603
            ],
            [
              116.347806,
              39.953561
            ],
            [
              116.347801,
              39.953783
            ],
            [
              116.347805,
              39.953906
            ],
            [
              116.347686,
              39.953921
            ],
            [
              116.347672,
              39.954062
            ],
            [
              116.346937,
              39.954067
            ]
          ]
        ],
        "type": "Polygon"
      },
      "id": "OSM-WAY-934940425-DAILY_LIFE",
      "properties": {
        "amenity": "school",
        "evidence_status": "contextual",
        "id": "OSM-WAY-934940425-DAILY_LIFE",
        "layer": "daily_life",
        "name": "北京邮电大学附属小学（明光村校区）",
        "name:zh": "海淀区今典小学（明光村校区）",
        "osm_id": 934940425,
        "osm_type": "way"
      },
      "type": "Feature"
    },
    {
      "geometry": {
        "coordinates": [
          [
            [
              116.318278,
              39.96864
            ],
            [
              116.318475,
              39.968648
            ],
            [
              116.318479,
              39.96859
            ],
            [
              116.318435,
              39.968589
            ],
            [
              116.318444,
              39.968449
            ],
            [
              116.318685,
              39.968459
            ],
            [
              116.318676,
              39.968582
            ],
            [
              116.318508,
              39.968575
            ],
            [
              116.318505,
              39.968624
            ],
            [
              116.318749,
              39.968634
            ],
            [
              116.318771,
              39.96832
            ],
            [
              116.318302,
              39.968301
            ],
            [
              116.318278,
              39.96864
            ]
          ]
        ],
        "type": "Polygon"
      },
      "id": "OSM-WAY-936158187-DAILY_LIFE",
      "properties": {
        "alt_name": "海淀区中医医院",
        "amenity": "clinic",
        "building": "yes",
        "evidence_status": "contextual",
        "id": "OSM-WAY-936158187-DAILY_LIFE",
        "layer": "daily_life",
        "name": "双榆树社区卫生服务中心",
        "name:en": "Haidian traditional Chinese medicine clinic",
        "operator": "公立",
        "osm_id": 936158187,
        "osm_type": "way",
        "wheelchair": "yes"
      },
      "type": "Feature"
    },
    {
      "geometry": {
        "coordinates": [
          [
            [
              116.351399,
              40.028176
            ],
            [
              116.35165,
              40.027388
            ],
            [
              116.350046,
              40.027154
            ],
            [
              116.34994,
              40.027551
            ],
            [
              116.350309,
              40.027604
            ],
            [
              116.350245,
              40.027877
            ],
            [
              116.350245,
              40.027923
            ],
            [
              116.350476,
              40.028064
            ],
            [
              116.351399,
              40.028176
            ]
          ]
        ],
        "type": "Polygon"
      },
      "id": "OSM-WAY-940385038-DAILY_LIFE",
      "properties": {
        "amenity": "school",
        "evidence_status": "contextual",
        "id": "OSM-WAY-940385038-DAILY_LIFE",
        "layer": "daily_life",
        "name": "海淀区永泰小学（清缘里校区）",
        "osm_id": 940385038,
        "osm_type": "way"
      },
      "type": "Feature"
    },
    {
      "geometry": {
        "coordinates": [
          [
            [
              116.307663,
              39.963658
            ],
            [
              116.306803,
              39.963344
            ],
            [
              116.306392,
              39.96403
            ],
            [
              116.30723,
              39.964294
            ],
            [
              116.307663,
              39.963658
            ]
          ]
        ],
        "type": "Polygon"
      },
      "id": "OSM-WAY-940385055-DAILY_LIFE",
      "properties": {
        "amenity": "school",
        "evidence_status": "contextual",
        "id": "OSM-WAY-940385055-DAILY_LIFE",
        "layer": "daily_life",
        "name": "海淀区西颐小学",
        "name:zh": "海淀区西颐小学",
        "osm_id": 940385055,
        "osm_type": "way"
      },
      "type": "Feature"
    },
    {
      "geometry": {
        "coordinates": [
          [
            [
              116.341759,
              40.003532
            ],
            [
              116.341786,
              40.002903
            ],
            [
              116.342813,
              40.002929
            ],
            [
              116.342786,
              40.003558
            ],
            [
              116.341759,
              40.003532
            ]
          ]
        ],
        "type": "Polygon"
      },
      "id": "OSM-WAY-940385057-DAILY_LIFE",
      "properties": {
        "amenity": "school",
        "evidence_status": "contextual",
        "id": "OSM-WAY-940385057-DAILY_LIFE",
        "layer": "daily_life",
        "name": "北京林业大学附属小学",
        "name:zh": "北京林业大学附属小学",
        "osm_id": 940385057,
        "osm_type": "way"
      },
      "type": "Feature"
    },
    {
      "geometry": {
        "coordinates": [
          [
            [
              116.331796,
              40.027599
            ],
            [
              116.331797,
              40.026731
            ],
            [
              116.331994,
              40.026727
            ],
            [
              116.33266,
              40.026712
            ],
            [
              116.332693,
              40.027576
            ],
            [
              116.331796,
              40.027599
            ]
          ]
        ],
        "type": "Polygon"
      },
      "id": "OSM-WAY-940385058-DAILY_LIFE",
      "properties": {
        "amenity": "school",
        "evidence_status": "contextual",
        "id": "OSM-WAY-940385058-DAILY_LIFE",
        "layer": "daily_life",
        "name": "清华大学附属小学清河分校（朱房校区）",
        "osm_id": 940385058,
        "osm_type": "way"
      },
      "type": "Feature"
    },
    {
      "geometry": {
        "coordinates": [
          [
            [
              116.317842,
              40.028221
            ],
            [
              116.317543,
              40.02819
            ],
            [
              116.317453,
              40.02811
            ],
            [
              116.317377,
              40.028014
            ],
            [
              116.317319,
              40.027889
            ],
            [
              116.317276,
              40.027754
            ],
            [
              116.317261,
              40.027621
            ],
            [
              116.317261,
              40.027497
            ],
            [
              116.317269,
              40.027353
            ],
            [
              116.317377,
              40.026806
            ],
            [
              116.317691,
              40.026856
            ],
            [
              116.31764,
              40.026988
            ],
            [
              116.318156,
              40.027033
            ],
            [
              116.317842,
              40.028221
            ]
          ]
        ],
        "type": "Polygon"
      },
      "id": "OSM-WAY-940385060-DAILY_LIFE",
      "properties": {
        "amenity": "school",
        "evidence_status": "contextual",
        "id": "OSM-WAY-940385060-DAILY_LIFE",
        "layer": "daily_life",
        "name": "海淀区第二实验小学（汇缘校区）",
        "osm_id": 940385060,
        "osm_type": "way"
      },
      "type": "Feature"
    },
    {
      "geometry": {
        "coordinates": [
          [
            [
              116.311983,
              40.04313
            ],
            [
              116.311437,
              40.042863
            ],
            [
              116.311482,
              40.042784
            ],
            [
              116.311498,
              40.042696
            ],
            [
              116.311533,
              40.042648
            ],
            [
              116.311561,
              40.042568
            ],
            [
              116.311573,
              40.042481
            ],
            [
              116.311589,
              40.042412
            ],
            [
              116.311725,
              40.042371
            ],
            [
              116.311716,
              40.042294
            ],
            [
              116.312027,
              40.042293
            ],
            [
              116.312366,
              40.042292
            ],
            [
              116.31239,
              40.042394
            ],
            [
              116.312408,
              40.04243
            ],
            [
              116.312432,
              40.042454
            ],
            [
              116.31246,
              40.042465
            ],
            [
              116.312496,
              40.042468
            ],
            [
              116.312569,
              40.042467
            ],
            [
              116.312663,
              40.042443
            ],
            [
              116.31266,
              40.042917
            ],
            [
              116.312199,
              40.042919
            ],
            [
              116.311983,
              40.04313
            ]
          ]
        ],
        "type": "Polygon"
      },
      "id": "OSM-WAY-940385061-DAILY_LIFE",
      "properties": {
        "amenity": "school",
        "evidence_status": "contextual",
        "id": "OSM-WAY-940385061-DAILY_LIFE",
        "layer": "daily_life",
        "name": "海淀区第二实验小学（当代校区）",
        "osm_id": 940385061,
        "osm_type": "way"
      },
      "type": "Feature"
    },
    {
      "geometry": {
        "coordinates": [
          [
            [
              116.32916,
              40.04071
            ],
            [
              116.328165,
              40.040253
            ],
            [
              116.328586,
              40.039663
            ],
            [
              116.329667,
              40.039986
            ],
            [
              116.32916,
              40.04071
            ]
          ]
        ],
        "type": "Polygon"
      },
      "id": "OSM-WAY-940385062-DAILY_LIFE",
      "properties": {
        "amenity": "school",
        "evidence_status": "contextual",
        "id": "OSM-WAY-940385062-DAILY_LIFE",
        "layer": "daily_life",
        "name": "海淀区第二实验小学（清宁校区）",
        "osm_id": 940385062,
        "osm_type": "way"
      },
      "type": "Feature"
    },
    {
      "geometry": {
        "coordinates": [
          [
            [
              116.321243,
              39.969371
            ],
            [
              116.320651,
              39.969189
            ],
            [
              116.32099,
              39.968454
            ],
            [
              116.321723,
              39.968669
            ],
            [
              116.321793,
              39.968685
            ],
            [
              116.321821,
              39.968747
            ],
            [
              116.321763,
              39.968824
            ],
            [
              116.321461,
              39.969202
            ],
            [
              116.32135,
              39.969398
            ],
            [
              116.321243,
              39.969371
            ]
          ]
        ],
        "type": "Polygon"
      },
      "id": "OSM-WAY-940943782-DAILY_LIFE",
      "properties": {
        "amenity": "school",
        "evidence_status": "contextual",
        "id": "OSM-WAY-940943782-DAILY_LIFE",
        "layer": "daily_life",
        "name": "海淀区双榆树第一小学",
        "osm_id": 940943782,
        "osm_type": "way"
      },
      "type": "Feature"
    },
    {
      "geometry": {
        "coordinates": [
          [
            [
              116.311641,
              40.016824
            ],
            [
              116.311812,
              40.015602
            ],
            [
              116.313038,
              40.015701
            ],
            [
              116.313168,
              40.01575
            ],
            [
              116.31302,
              40.016518
            ],
            [
              116.312951,
              40.016729
            ],
            [
              116.312915,
              40.016934
            ],
            [
              116.311884,
              40.016869
            ],
            [
              116.311641,
              40.016824
            ]
          ]
        ],
        "type": "Polygon"
      },
      "id": "OSM-WAY-940943810-DAILY_LIFE",
      "properties": {
        "amenity": "school",
        "evidence_status": "contextual",
        "id": "OSM-WAY-940943810-DAILY_LIFE",
        "layer": "daily_life",
        "name": "清华大学附属中学上地学校",
        "name:en": "Tsinghua University High School, Shangdi",
        "osm_id": 940943810,
        "osm_type": "way"
      },
      "type": "Feature"
    },
    {
      "geometry": {
        "coordinates": [
          [
            [
              116.306091,
              39.950455
            ],
            [
              116.306902,
              39.950487
            ],
            [
              116.306902,
              39.950375
            ],
            [
              116.306937,
              39.949964
            ],
            [
              116.306142,
              39.949906
            ],
            [
              116.306091,
              39.950455
            ]
          ]
        ],
        "type": "Polygon"
      },
      "id": "OSM-WAY-941402162-DAILY_LIFE",
      "properties": {
        "amenity": "school",
        "evidence_status": "contextual",
        "id": "OSM-WAY-941402162-DAILY_LIFE",
        "layer": "daily_life",
        "name": "北京外国语大学附属小学（万寿寺校区）",
        "name:zh": "北京外国语大学附属小学（万寿寺校区）",
        "osm_id": 941402162,
        "osm_type": "way"
      },
      "type": "Feature"
    },
    {
      "geometry": {
        "coordinates": [
          [
            [
              116.306044,
              39.951164
            ],
            [
              116.306091,
              39.950455
            ],
            [
              116.306902,
              39.950487
            ],
            [
              116.306902,
              39.950375
            ],
            [
              116.307301,
              39.950411
            ],
            [
              116.307183,
              39.95094
            ],
            [
              116.307116,
              39.951214
            ],
            [
              116.306044,
              39.951164
            ]
          ]
        ],
        "type": "Polygon"
      },
      "id": "OSM-WAY-941402163-DAILY_LIFE",
      "properties": {
        "amenity": "school",
        "evidence_status": "contextual",
        "id": "OSM-WAY-941402163-DAILY_LIFE",
        "layer": "daily_life",
        "name": "北京外国语大学附属中学",
        "name:zh": "北京外国语大学附属中学",
        "osm_id": 941402163,
        "osm_type": "way"
      },
      "type": "Feature"
    },
    {
      "geometry": {
        "coordinates": [
          [
            [
              116.311343,
              39.952747
            ],
            [
              116.311312,
              39.952534
            ],
            [
              116.311511,
              39.952516
            ],
            [
              116.311494,
              39.952227
            ],
            [
              116.311527,
              39.951996
            ],
            [
              116.311545,
              39.951912
            ],
            [
              116.312259,
              39.951963
            ],
            [
              116.312183,
              39.952481
            ],
            [
              116.311976,
              39.952511
            ],
            [
              116.312004,
              39.952714
            ],
            [
              116.311343,
              39.952747
            ]
          ]
        ],
        "type": "Polygon"
      },
      "id": "OSM-WAY-941402164-DAILY_LIFE",
      "properties": {
        "amenity": "school",
        "evidence_status": "contextual",
        "id": "OSM-WAY-941402164-DAILY_LIFE",
        "layer": "daily_life",
        "name": "北京外国语大学附属小学（魏公村校区）",
        "osm_id": 941402164,
        "osm_type": "way"
      },
      "type": "Feature"
    },
    {
      "geometry": {
        "coordinates": [
          [
            [
              116.303449,
              39.961172
            ],
            [
              116.303178,
              39.961089
            ],
            [
              116.30307,
              39.961009
            ],
            [
              116.302994,
              39.960932
            ],
            [
              116.302897,
              39.960827
            ],
            [
              116.302659,
              39.960484
            ],
            [
              116.302648,
              39.960437
            ],
            [
              116.302682,
              39.959991
            ],
            [
              116.303076,
              39.959998
            ],
            [
              116.303472,
              39.960003
            ],
            [
              116.303449,
              39.961172
            ]
          ]
        ],
        "type": "Polygon"
      },
      "id": "OSM-WAY-941402173-DAILY_LIFE",
      "properties": {
        "amenity": "school",
        "evidence_status": "contextual",
        "id": "OSM-WAY-941402173-DAILY_LIFE",
        "layer": "daily_life",
        "name": "北京理工大学附属小学",
        "osm_id": 941402173,
        "osm_type": "way"
      },
      "type": "Feature"
    },
    {
      "geometry": {
        "coordinates": [
          [
            [
              116.333132,
              40.047581
            ],
            [
              116.335206,
              40.047615
            ],
            [
              116.334979,
              40.049076
            ],
            [
              116.335259,
              40.049085
            ],
            [
              116.335264,
              40.050203
            ],
            [
              116.334945,
              40.050172
            ],
            [
              116.332917,
              40.050097
            ],
            [
              116.332936,
              40.048986
            ],
            [
              116.333017,
              40.048885
            ],
            [
              116.333132,
              40.047581
            ]
          ]
        ],
        "type": "Polygon"
      },
      "id": "OSM-WAY-941440375-DAILY_LIFE",
      "properties": {
        "amenity": "school",
        "evidence_status": "contextual",
        "id": "OSM-WAY-941440375-DAILY_LIFE",
        "layer": "daily_life",
        "name": "北京交通运输职业学院",
        "osm_id": 941440375,
        "osm_type": "way"
      },
      "type": "Feature"
    },
    {
      "geometry": {
        "coordinates": [
          [
            [
              116.353223,
              39.954508
            ],
            [
              116.353251,
              39.95393
            ],
            [
              116.353486,
              39.953913
            ],
            [
              116.353821,
              39.953725
            ],
            [
              116.353865,
              39.953667
            ],
            [
              116.353904,
              39.953559
            ],
            [
              116.354428,
              39.953526
            ],
            [
              116.354442,
              39.953618
            ],
            [
              116.354554,
              39.953784
            ],
            [
              116.354608,
              39.954234
            ],
            [
              116.354572,
              39.954254
            ],
            [
              116.354568,
              39.954467
            ],
            [
              116.354323,
              39.954464
            ],
            [
              116.35432,
              39.954517
            ],
            [
              116.353223,
              39.954508
            ]
          ]
        ],
        "type": "Polygon"
      },
      "id": "OSM-WAY-941729551-DAILY_LIFE",
      "properties": {
        "amenity": "school",
        "evidence_status": "contextual",
        "id": "OSM-WAY-941729551-DAILY_LIFE",
        "layer": "daily_life",
        "name": "北京邮电大学附属小学（海淀区今典小学）",
        "name:zh": "北京邮电大学附属小学（海淀区今典小学）",
        "osm_id": 941729551,
        "osm_type": "way"
      },
      "type": "Feature"
    },
    {
      "geometry": {
        "coordinates": [
          [
            [
              116.353508,
              39.950516
            ],
            [
              116.353616,
              39.949493
            ],
            [
              116.354058,
              39.949506
            ],
            [
              116.354075,
              39.949822
            ],
            [
              116.354422,
              39.949865
            ],
            [
              116.354431,
              39.949911
            ],
            [
              116.354345,
              39.950296
            ],
            [
              116.354345,
              39.950539
            ],
            [
              116.353508,
              39.950516
            ]
          ]
        ],
        "type": "Polygon"
      },
      "id": "OSM-WAY-941729552-DAILY_LIFE",
      "properties": {
        "amenity": "school",
        "evidence_status": "contextual",
        "id": "OSM-WAY-941729552-DAILY_LIFE",
        "layer": "daily_life",
        "name": "北京邮电大学附属小学（文慧园校区）",
        "name:zh": "海淀区今典小学文慧园校区",
        "osm_id": 941729552,
        "osm_type": "way"
      },
      "type": "Feature"
    },
    {
      "geometry": {
        "coordinates": [
          [
            [
              116.358834,
              39.946696
            ],
            [
              116.358651,
              39.946627
            ],
            [
              116.358751,
              39.94647
            ],
            [
              116.358147,
              39.946242
            ],
            [
              116.358313,
              39.945984
            ],
            [
              116.359076,
              39.946273
            ],
            [
              116.358834,
              39.946696
            ]
          ]
        ],
        "type": "Polygon"
      },
      "id": "OSM-WAY-941729554-DAILY_LIFE",
      "properties": {
        "amenity": "school",
        "evidence_status": "contextual",
        "id": "OSM-WAY-941729554-DAILY_LIFE",
        "layer": "daily_life",
        "name": "北京邮电大学附属小学（志强校区）",
        "osm_id": 941729554,
        "osm_type": "way"
      },
      "type": "Feature"
    },
    {
      "geometry": {
        "coordinates": [
          [
            [
              116.360539,
              39.995667
            ],
            [
              116.360589,
              39.99503
            ],
            [
              116.36074,
              39.995033
            ],
            [
              116.360873,
              39.994937
            ],
            [
              116.36093,
              39.994892
            ],
            [
              116.361952,
              39.994087
            ],
            [
              116.362015,
              39.994037
            ],
            [
              116.362509,
              39.994055
            ],
            [
              116.36267,
              39.994052
            ],
            [
              116.362627,
              39.995041
            ],
            [
              116.361829,
              39.995035
            ],
            [
              116.36179,
              39.995736
            ],
            [
              116.361085,
              39.995733
            ],
            [
              116.361089,
              39.995684
            ],
            [
              116.360539,
              39.995667
            ]
          ]
        ],
        "type": "Polygon"
      },
      "id": "OSM-WAY-941729555-DAILY_LIFE",
      "properties": {
        "amenity": "school",
        "evidence_status": "contextual",
        "id": "OSM-WAY-941729555-DAILY_LIFE",
        "layer": "daily_life",
        "name": "北京石油学院附属小学（东校区）",
        "name:zh": "北京石油学院附属小学（东校区）",
        "osm_id": 941729555,
        "osm_type": "way"
      },
      "type": "Feature"
    },
    {
      "geometry": {
        "coordinates": [
          [
            [
              116.361093,
              39.987971
            ],
            [
              116.360546,
              39.987752
            ],
            [
              116.360553,
              39.987585
            ],
            [
              116.360765,
              39.987582
            ],
            [
              116.360798,
              39.98711
            ],
            [
              116.361502,
              39.987133
            ],
            [
              116.361469,
              39.987893
            ],
            [
              116.361105,
              39.987887
            ],
            [
              116.361093,
              39.987971
            ]
          ]
        ],
        "type": "Polygon"
      },
      "id": "OSM-WAY-941729556-DAILY_LIFE",
      "properties": {
        "amenity": "school",
        "evidence_status": "contextual",
        "id": "OSM-WAY-941729556-DAILY_LIFE",
        "layer": "daily_life",
        "name": "北京石油学院附属小学（南校区）",
        "name:zh": "北京石油学院附属小学（南校区）",
        "osm_id": 941729556,
        "osm_type": "way"
      },
      "type": "Feature"
    },
    {
      "geometry": {
        "coordinates": [
          [
            [
              116.33292,
              39.968691
            ],
            [
              116.333111,
              39.967355
            ],
            [
              116.334092,
              39.967438
            ],
            [
              116.333891,
              39.968761
            ],
            [
              116.33292,
              39.968691
            ]
          ]
        ],
        "type": "Polygon"
      },
      "id": "OSM-WAY-941729557-DAILY_LIFE",
      "properties": {
        "amenity": "school",
        "evidence_status": "contextual",
        "id": "OSM-WAY-941729557-DAILY_LIFE",
        "layer": "daily_life",
        "name": "海淀区中关村第四小学",
        "name:zh": "海淀区中关村第四小学",
        "osm_id": 941729557,
        "osm_type": "way"
      },
      "type": "Feature"
    },
    {
      "geometry": {
        "coordinates": [
          [
            [
              116.327384,
              40.049247
            ],
            [
              116.328221,
              40.048133
            ],
            [
              116.328875,
              40.048265
            ],
            [
              116.328101,
              40.049293
            ],
            [
              116.328032,
              40.049342
            ],
            [
              116.327955,
              40.049382
            ],
            [
              116.327904,
              40.049408
            ],
            [
              116.327865,
              40.049464
            ],
            [
              116.327384,
              40.049247
            ]
          ]
        ],
        "type": "Polygon"
      },
      "id": "OSM-WAY-941729558-DAILY_LIFE",
      "properties": {
        "amenity": "school",
        "evidence_status": "contextual",
        "id": "OSM-WAY-941729558-DAILY_LIFE",
        "layer": "daily_life",
        "name": "海淀区育鹰小学（东校区）",
        "osm_id": 941729558,
        "osm_type": "way"
      },
      "type": "Feature"
    },
    {
      "geometry": {
        "coordinates": [
          [
            [
              116.367463,
              39.979008
            ],
            [
              116.367484,
              39.978298
            ],
            [
              116.367912,
              39.978124
            ],
            [
              116.368019,
              39.978112
            ],
            [
              116.368113,
              39.978285
            ],
            [
              116.368276,
              39.978282
            ],
            [
              116.368267,
              39.979024
            ],
            [
              116.367463,
              39.979008
            ]
          ]
        ],
        "type": "Polygon"
      },
      "id": "OSM-WAY-941729559-DAILY_LIFE",
      "properties": {
        "amenity": "school",
        "evidence_status": "contextual",
        "id": "OSM-WAY-941729559-DAILY_LIFE",
        "layer": "daily_life",
        "name": "海淀区民族小学（北校区）",
        "osm_id": 941729559,
        "osm_type": "way"
      },
      "type": "Feature"
    },
    {
      "geometry": {
        "coordinates": [
          [
            [
              116.357376,
              39.984321
            ],
            [
              116.357423,
              39.983946
            ],
            [
              116.357461,
              39.983869
            ],
            [
              116.35754,
              39.983425
            ],
            [
              116.358305,
              39.983421
            ],
            [
              116.358287,
              39.983604
            ],
            [
              116.358268,
              39.984
            ],
            [
              116.35822,
              39.984011
            ],
            [
              116.358183,
              39.984116
            ],
            [
              116.358141,
              39.984186
            ],
            [
              116.358104,
              39.984253
            ],
            [
              116.358065,
              39.984279
            ],
            [
              116.358016,
              39.984295
            ],
            [
              116.357749,
              39.984293
            ],
            [
              116.357707,
              39.984335
            ],
            [
              116.357376,
              39.984321
            ]
          ]
        ],
        "type": "Polygon"
      },
      "id": "OSM-WAY-941729560-DAILY_LIFE",
      "properties": {
        "amenity": "school",
        "evidence_status": "contextual",
        "id": "OSM-WAY-941729560-DAILY_LIFE",
        "layer": "daily_life",
        "name": "北京医科大学附属小学（花园路校区）",
        "name:zh": "北京医科大学附属小学（花园路校区）",
        "operator": "北京医科大学",
        "osm_id": 941729560,
        "osm_type": "way"
      },
      "type": "Feature"
    },
    {
      "geometry": {
        "coordinates": [
          [
            [
              116.370416,
              39.976674
            ],
            [
              116.370422,
              39.975994
            ],
            [
              116.371711,
              39.976
            ],
            [
              116.371706,
              39.976679
            ],
            [
              116.370416,
              39.976674
            ]
          ]
        ],
        "type": "Polygon"
      },
      "id": "OSM-WAY-941729561-DAILY_LIFE",
      "properties": {
        "amenity": "school",
        "evidence_status": "contextual",
        "id": "OSM-WAY-941729561-DAILY_LIFE",
        "layer": "daily_life",
        "name": "北京医科大学附属小学（牡丹园校区）",
        "osm_id": 941729561,
        "osm_type": "way"
      },
      "type": "Feature"
    },
    {
      "geometry": {
        "coordinates": [
          [
            [
              116.337048,
              40.028892
            ],
            [
              116.337056,
              40.027999
            ],
            [
              116.337048,
              40.02743
            ],
            [
              116.337785,
              40.027604
            ],
            [
              116.337803,
              40.027845
            ],
            [
              116.337889,
              40.027848
            ],
            [
              116.337879,
              40.028886
            ],
            [
              116.337048,
              40.028892
            ]
          ]
        ],
        "type": "Polygon"
      },
      "id": "OSM-WAY-941729563-DAILY_LIFE",
      "properties": {
        "amenity": "school",
        "evidence_status": "contextual",
        "id": "OSM-WAY-941729563-DAILY_LIFE",
        "layer": "daily_life",
        "name": "清华大学附属小学清河分校（强佑校区）",
        "osm_id": 941729563,
        "osm_type": "way"
      },
      "type": "Feature"
    },
    {
      "geometry": {
        "coordinates": [
          [
            [
              116.319087,
              39.968882
            ],
            [
              116.319187,
              39.968884
            ],
            [
              116.319186,
              39.968747
            ],
            [
              116.319094,
              39.968746
            ],
            [
              116.319087,
              39.968882
            ]
          ]
        ],
        "type": "Polygon"
      },
      "id": "OSM-WAY-942602094-DAILY_LIFE",
      "properties": {
        "access": "yes",
        "amenity": "toilets",
        "building": "yes",
        "evidence_status": "contextual",
        "id": "OSM-WAY-942602094-DAILY_LIFE",
        "layer": "daily_life",
        "name": "公共卫生间",
        "name:en": "Toilet",
        "name:zh": "公共卫生间",
        "osm_id": 942602094,
        "osm_type": "way",
        "wheelchair": "yes"
      },
      "type": "Feature"
    },
    {
      "geometry": {
        "coordinates": [
          [
            [
              116.360773,
              40.032351
            ],
            [
              116.360834,
              40.032315
            ],
            [
              116.361084,
              40.03182
            ],
            [
              116.36096,
              40.031646
            ],
            [
              116.360868,
              40.031641
            ],
            [
              116.360443,
              40.032032
            ],
            [
              116.360351,
              40.032232
            ],
            [
              116.360773,
              40.032351
            ]
          ]
        ],
        "type": "Polygon"
      },
      "id": "OSM-WAY-944587855-DAILY_LIFE",
      "properties": {
        "amenity": "kindergarten",
        "evidence_status": "contextual",
        "id": "OSM-WAY-944587855-DAILY_LIFE",
        "layer": "daily_life",
        "name": "北京科技大学幼儿园",
        "osm_id": 944587855,
        "osm_type": "way"
      },
      "type": "Feature"
    },
    {
      "geometry": {
        "coordinates": [
          [
            [
              116.358338,
              39.964391
            ],
            [
              116.359505,
              39.964422
            ],
            [
              116.359489,
              39.964736
            ],
            [
              116.360737,
              39.964753
            ],
            [
              116.360753,
              39.963939
            ],
            [
              116.359751,
              39.963896
            ],
            [
              116.358352,
              39.963851
            ],
            [
              116.358338,
              39.964391
            ]
          ]
        ],
        "type": "Polygon"
      },
      "id": "OSM-WAY-944686231-DAILY_LIFE",
      "properties": {
        "amenity": "school",
        "evidence_status": "contextual",
        "id": "OSM-WAY-944686231-DAILY_LIFE",
        "layer": "daily_life",
        "name": "北京师范大学第三附属中学",
        "name:zh": "北京师范大学第三附属中学",
        "osm_id": 944686231,
        "osm_type": "way"
      },
      "type": "Feature"
    },
    {
      "geometry": {
        "coordinates": [
          [
            [
              116.356584,
              39.95184
            ],
            [
              116.356562,
              39.952205
            ],
            [
              116.356746,
              39.952215
            ],
            [
              116.356724,
              39.952561
            ],
            [
              116.355892,
              39.952535
            ],
            [
              116.355953,
              39.952613
            ],
            [
              116.356065,
              39.952932
            ],
            [
              116.355497,
              39.952905
            ],
            [
              116.355504,
              39.95254
            ],
            [
              116.355637,
              39.952545
            ],
            [
              116.355643,
              39.952201
            ],
            [
              116.355525,
              39.95217
            ],
            [
              116.355525,
              39.951789
            ],
            [
              116.356584,
              39.95184
            ]
          ]
        ],
        "type": "Polygon"
      },
      "id": "OSM-WAY-944686232-DAILY_LIFE",
      "properties": {
        "amenity": "school",
        "evidence_status": "contextual",
        "id": "OSM-WAY-944686232-DAILY_LIFE",
        "layer": "daily_life",
        "name": "北京师范大学第三附属中学（南校区）",
        "osm_id": 944686232,
        "osm_type": "way"
      },
      "type": "Feature"
    },
    {
      "geometry": {
        "coordinates": [
          [
            [
              116.328513,
              39.950644
            ],
            [
              116.328519,
              39.950451
            ],
            [
              116.327845,
              39.950423
            ],
            [
              116.327921,
              39.949693
            ],
            [
              116.328003,
              39.949598
            ],
            [
              116.328306,
              39.9496
            ],
            [
              116.328294,
              39.949721
            ],
            [
              116.329623,
              39.949812
            ],
            [
              116.32965,
              39.949763
            ],
            [
              116.329851,
              39.949772
            ],
            [
              116.329757,
              39.950256
            ],
            [
              116.329939,
              39.950286
            ],
            [
              116.329796,
              39.950733
            ],
            [
              116.328513,
              39.950644
            ]
          ]
        ],
        "type": "Polygon"
      },
      "id": "OSM-WAY-944686233-DAILY_LIFE",
      "properties": {
        "amenity": "school",
        "evidence_status": "contextual",
        "id": "OSM-WAY-944686233-DAILY_LIFE",
        "layer": "daily_life",
        "name": "北京交通大学附属中学第二分校",
        "name:zh": "北京交通大学附属中学第二分校",
        "osm_id": 944686233,
        "osm_type": "way"
      },
      "type": "Feature"
    },
    {
      "geometry": {
        "coordinates": [
          [
            [
              116.394054,
              39.934956
            ],
            [
              116.394056,
              39.935132
            ],
            [
              116.394373,
              39.93513
            ],
            [
              116.394375,
              39.935327
            ],
            [
              116.394585,
              39.935326
            ],
            [
              116.394663,
              39.935326
            ],
            [
              116.394661,
              39.935088
            ],
            [
              116.394425,
              39.93509
            ],
            [
              116.394424,
              39.934954
            ],
            [
              116.394054,
              39.934956
            ]
          ]
        ],
        "type": "Polygon"
      },
      "id": "OSM-WAY-945996694-DAILY_LIFE",
      "properties": {
        "amenity": "school",
        "evidence_status": "contextual",
        "id": "OSM-WAY-945996694-DAILY_LIFE",
        "layer": "daily_life",
        "name": "东城区黑芝麻胡同小学（帽儿校区）",
        "osm_id": 945996694,
        "osm_type": "way"
      },
      "type": "Feature"
    },
    {
      "geometry": {
        "coordinates": [
          [
            [
              116.373629,
              39.958533
            ],
            [
              116.373553,
              39.957798
            ],
            [
              116.374492,
              39.957777
            ],
            [
              116.374478,
              39.958528
            ],
            [
              116.373629,
              39.958533
            ]
          ]
        ],
        "type": "Polygon"
      },
      "id": "OSM-WAY-948392692-DAILY_LIFE",
      "properties": {
        "amenity": "hospital",
        "evidence_status": "contextual",
        "id": "OSM-WAY-948392692-DAILY_LIFE",
        "layer": "daily_life",
        "name": "北京二龙路医院",
        "name:en": "Beijing Erlonglu Hospital",
        "name:zh": "北京二龙路医院",
        "osm_id": 948392692,
        "osm_type": "way"
      },
      "type": "Feature"
    },
    {
      "geometry": {
        "coordinates": [
          [
            [
              116.389299,
              39.935297
            ],
            [
              116.389213,
              39.935299
            ],
            [
              116.389217,
              39.935359
            ],
            [
              116.389252,
              39.935358
            ],
            [
              116.38925,
              39.935323
            ],
            [
              116.3893,
              39.935321
            ],
            [
              116.389299,
              39.935297
            ]
          ]
        ],
        "type": "Polygon"
      },
      "id": "OSM-WAY-951385439-DAILY_LIFE",
      "properties": {
        "amenity": "toilets",
        "building": "yes",
        "evidence_status": "contextual",
        "id": "OSM-WAY-951385439-DAILY_LIFE",
        "layer": "daily_life",
        "name": "厕所",
        "osm_id": 951385439,
        "osm_type": "way"
      },
      "type": "Feature"
    },
    {
      "geometry": {
        "coordinates": [
          [
            [
              116.389506,
              39.935349
            ],
            [
              116.389507,
              39.93543
            ],
            [
              116.389537,
              39.935429
            ],
            [
              116.389536,
              39.935349
            ],
            [
              116.389506,
              39.935349
            ]
          ]
        ],
        "type": "Polygon"
      },
      "id": "OSM-WAY-951385441-DAILY_LIFE",
      "properties": {
        "amenity": "place_of_worship",
        "building": "yes",
        "evidence_status": "contextual",
        "id": "OSM-WAY-951385441-DAILY_LIFE",
        "layer": "daily_life",
        "name": "丹天圣境",
        "osm_id": 951385441,
        "osm_type": "way"
      },
      "type": "Feature"
    },
    {
      "geometry": {
        "coordinates": [
          [
            [
              116.331021,
              39.991806
            ],
            [
              116.331021,
              39.991753
            ],
            [
              116.331083,
              39.991755
            ],
            [
              116.33108,
              39.991806
            ],
            [
              116.331021,
              39.991806
            ]
          ]
        ],
        "type": "Polygon"
      },
      "id": "OSM-WAY-953235184-DAILY_LIFE",
      "properties": {
        "amenity": "police",
        "building": "yes",
        "evidence_status": "contextual",
        "id": "OSM-WAY-953235184-DAILY_LIFE",
        "layer": "daily_life",
        "osm_id": 953235184,
        "osm_type": "way"
      },
      "type": "Feature"
    },
    {
      "geometry": {
        "coordinates": [
          [
            [
              116.33097,
              39.99132
            ],
            [
              116.330971,
              39.991284
            ],
            [
              116.331077,
              39.991286
            ],
            [
              116.331076,
              39.991322
            ],
            [
              116.33097,
              39.99132
            ]
          ]
        ],
        "type": "Polygon"
      },
      "id": "OSM-WAY-953235185-DAILY_LIFE",
      "properties": {
        "amenity": "police",
        "building": "yes",
        "evidence_status": "contextual",
        "id": "OSM-WAY-953235185-DAILY_LIFE",
        "layer": "daily_life",
        "osm_id": 953235185,
        "osm_type": "way"
      },
      "type": "Feature"
    },
    {
      "geometry": {
        "coordinates": [
          [
            [
              116.392551,
              39.962864
            ],
            [
              116.392584,
              39.962011
            ],
            [
              116.39466,
              39.962097
            ],
            [
              116.394618,
              39.962688
            ],
            [
              116.394013,
              39.962663
            ],
            [
              116.393995,
              39.962922
            ],
            [
              116.392551,
              39.962864
            ]
          ]
        ],
        "type": "Polygon"
      },
      "id": "OSM-WAY-956330721-DAILY_LIFE",
      "properties": {
        "amenity": "university",
        "evidence_status": "contextual",
        "id": "OSM-WAY-956330721-DAILY_LIFE",
        "layer": "daily_life",
        "name": "北京联合大学外馆斜街校区",
        "osm_id": 956330721,
        "osm_type": "way"
      },
      "type": "Feature"
    },
    {
      "geometry": {
        "coordinates": [
          [
            [
              116.354239,
              39.956904
            ],
            [
              116.354239,
              39.956811
            ],
            [
              116.354656,
              39.95681
            ],
            [
              116.354656,
              39.956903
            ],
            [
              116.354239,
              39.956904
            ]
          ]
        ],
        "type": "Polygon"
      },
      "id": "OSM-WAY-959801254-DAILY_LIFE",
      "properties": {
        "amenity": "hospital",
        "building": "hospital",
        "evidence_status": "contextual",
        "id": "OSM-WAY-959801254-DAILY_LIFE",
        "layer": "daily_life",
        "name": "北京中仁中医医院",
        "name:en": "Beijing Zhongren Hospital of Traditional Chinese Medicine",
        "name:zh": "北京中仁中医医院",
        "osm_id": 959801254,
        "osm_type": "way"
      },
      "type": "Feature"
    },
    {
      "geometry": {
        "coordinates": [
          [
            [
              116.360015,
              40.015425
            ],
            [
              116.360099,
              40.015409
            ],
            [
              116.360474,
              40.015002
            ],
            [
              116.360083,
              40.014886
            ],
            [
              116.3599,
              40.015198
            ],
            [
              116.360015,
              40.015425
            ]
          ]
        ],
        "type": "Polygon"
      },
      "id": "OSM-WAY-960945193-DAILY_LIFE",
      "properties": {
        "amenity": "kindergarten",
        "evidence_status": "contextual",
        "id": "OSM-WAY-960945193-DAILY_LIFE",
        "layer": "daily_life",
        "name": "北京市朝阳区教育国资中心幼儿园(林萃园)",
        "osm_id": 960945193,
        "osm_type": "way"
      },
      "type": "Feature"
    },
    {
      "geometry": {
        "coordinates": [
          [
            [
              116.360808,
              40.014787
            ],
            [
              116.361003,
              40.014822
            ],
            [
              116.362083,
              40.014786
            ],
            [
              116.362093,
              40.014359
            ],
            [
              116.361689,
              40.014353
            ],
            [
              116.361416,
              40.014241
            ],
            [
              116.360808,
              40.014787
            ]
          ]
        ],
        "type": "Polygon"
      },
      "id": "OSM-WAY-960945194-DAILY_LIFE",
      "properties": {
        "amenity": "kindergarten",
        "evidence_status": "contextual",
        "id": "OSM-WAY-960945194-DAILY_LIFE",
        "layer": "daily_life",
        "name": "北京市朝阳区为明多元智能幼儿园",
        "osm_id": 960945194,
        "osm_type": "way"
      },
      "type": "Feature"
    },
    {
      "geometry": {
        "coordinates": [
          [
            [
              116.394907,
              39.939237
            ],
            [
              116.394917,
              39.938588
            ],
            [
              116.394739,
              39.938586
            ],
            [
              116.394744,
              39.938265
            ],
            [
              116.39548,
              39.938271
            ],
            [
              116.395481,
              39.938188
            ],
            [
              116.395599,
              39.938189
            ],
            [
              116.395593,
              39.93857
            ],
            [
              116.395787,
              39.938572
            ],
            [
              116.395782,
              39.938887
            ],
            [
              116.395468,
              39.938884
            ],
            [
              116.395462,
              39.939242
            ],
            [
              116.394907,
              39.939237
            ]
          ]
        ],
        "type": "Polygon"
      },
      "id": "OSM-WAY-962135678-DAILY_LIFE",
      "properties": {
        "amenity": "school",
        "evidence_status": "contextual",
        "id": "OSM-WAY-962135678-DAILY_LIFE",
        "layer": "daily_life",
        "name": "北京市第五中学分校（鼓楼校区）",
        "osm_id": 962135678,
        "osm_type": "way"
      },
      "type": "Feature"
    },
    {
      "geometry": {
        "coordinates": [
          [
            [
              116.39332,
              39.946124
            ],
            [
              116.393363,
              39.945347
            ],
            [
              116.394583,
              39.945372
            ],
            [
              116.39454,
              39.945875
            ],
            [
              116.394446,
              39.945873
            ],
            [
              116.394424,
              39.946476
            ],
            [
              116.394395,
              39.946553
            ],
            [
              116.393666,
              39.946559
            ],
            [
              116.393641,
              39.946135
            ],
            [
              116.39332,
              39.946124
            ]
          ]
        ],
        "type": "Polygon"
      },
      "id": "OSM-WAY-962135679-DAILY_LIFE",
      "properties": {
        "amenity": "school",
        "evidence_status": "contextual",
        "id": "OSM-WAY-962135679-DAILY_LIFE",
        "layer": "daily_life",
        "name": "北京市第一中学",
        "osm_id": 962135679,
        "osm_type": "way"
      },
      "type": "Feature"
    },
    {
      "geometry": {
        "coordinates": [
          [
            [
              116.39128,
              39.953717
            ],
            [
              116.391294,
              39.953146
            ],
            [
              116.39044,
              39.953134
            ],
            [
              116.390458,
              39.952407
            ],
            [
              116.391638,
              39.952424
            ],
            [
              116.391607,
              39.953722
            ],
            [
              116.39128,
              39.953717
            ]
          ]
        ],
        "type": "Polygon"
      },
      "id": "OSM-WAY-962135683-DAILY_LIFE",
      "properties": {
        "amenity": "school",
        "evidence_status": "contextual",
        "id": "OSM-WAY-962135683-DAILY_LIFE",
        "layer": "daily_life",
        "name": "北京市第一七一中学附属青年湖小学（南校区）",
        "osm_id": 962135683,
        "osm_type": "way"
      },
      "type": "Feature"
    },
    {
      "geometry": {
        "coordinates": [
          [
            [
              116.35956,
              39.955546
            ],
            [
              116.359613,
              39.954516
            ],
            [
              116.36002,
              39.954519
            ],
            [
              116.359982,
              39.954951
            ],
            [
              116.360141,
              39.954956
            ],
            [
              116.3602,
              39.955023
            ],
            [
              116.360175,
              39.955075
            ],
            [
              116.360127,
              39.955105
            ],
            [
              116.360124,
              39.955202
            ],
            [
              116.359912,
              39.955207
            ],
            [
              116.359896,
              39.955695
            ],
            [
              116.35982,
              39.955694
            ],
            [
              116.359819,
              39.955569
            ],
            [
              116.35956,
              39.955546
            ]
          ]
        ],
        "type": "Polygon"
      },
      "id": "OSM-WAY-963404956-DAILY_LIFE",
      "properties": {
        "amenity": "kindergarten",
        "evidence_status": "contextual",
        "id": "OSM-WAY-963404956-DAILY_LIFE",
        "layer": "daily_life",
        "name": "军委机关事务管理总局幼儿园",
        "name:en": "Kindergarten of the General Administration of military affairs",
        "name:zh": "军委机关事务管理总局幼儿园",
        "osm_id": 963404956,
        "osm_type": "way"
      },
      "type": "Feature"
    },
    {
      "geometry": {
        "coordinates": [
          [
            [
              116.391739,
              39.955672
            ],
            [
              116.391744,
              39.955078
            ],
            [
              116.392757,
              39.955083
            ],
            [
              116.392752,
              39.955678
            ],
            [
              116.391739,
              39.955672
            ]
          ]
        ],
        "type": "Polygon"
      },
      "id": "OSM-WAY-964176206-DAILY_LIFE",
      "properties": {
        "amenity": "school",
        "evidence_status": "contextual",
        "id": "OSM-WAY-964176206-DAILY_LIFE",
        "layer": "daily_life",
        "name": "北京市第一七一中学附属青年湖小学",
        "osm_id": 964176206,
        "osm_type": "way"
      },
      "type": "Feature"
    },
    {
      "geometry": {
        "coordinates": [
          [
            [
              116.383609,
              39.988901
            ],
            [
              116.383613,
              39.988824
            ],
            [
              116.383655,
              39.988825
            ],
            [
              116.383651,
              39.988903
            ],
            [
              116.383609,
              39.988901
            ]
          ]
        ],
        "type": "Polygon"
      },
      "id": "OSM-WAY-969558779-DAILY_LIFE",
      "properties": {
        "amenity": "toilets",
        "building": "yes",
        "evidence_status": "contextual",
        "id": "OSM-WAY-969558779-DAILY_LIFE",
        "layer": "daily_life",
        "osm_id": 969558779,
        "osm_type": "way"
      },
      "type": "Feature"
    },
    {
      "geometry": {
        "coordinates": [
          [
            [
              116.320662,
              39.94093
            ],
            [
              116.320678,
              39.940858
            ],
            [
              116.320816,
              39.940877
            ],
            [
              116.320826,
              39.940834
            ],
            [
              116.320727,
              39.940821
            ],
            [
              116.320744,
              39.940748
            ],
            [
              116.320942,
              39.940774
            ],
            [
              116.3209,
              39.940961
            ],
            [
              116.320662,
              39.94093
            ]
          ]
        ],
        "type": "Polygon"
      },
      "id": "OSM-WAY-970660872-DAILY_LIFE",
      "properties": {
        "amenity": "fire_station",
        "building": "yes",
        "evidence_status": "contextual",
        "id": "OSM-WAY-970660872-DAILY_LIFE",
        "layer": "daily_life",
        "osm_id": 970660872,
        "osm_type": "way"
      },
      "type": "Feature"
    },
    {
      "geometry": {
        "coordinates": [
          [
            [
              116.322575,
              39.95852
            ],
            [
              116.322586,
              39.958419
            ],
            [
              116.323163,
              39.958454
            ],
            [
              116.323153,
              39.958554
            ],
            [
              116.322575,
              39.95852
            ]
          ]
        ],
        "type": "Polygon"
      },
      "id": "OSM-WAY-971289355-DAILY_LIFE",
      "properties": {
        "amenity": "clinic",
        "building": "yes",
        "evidence_status": "contextual",
        "id": "OSM-WAY-971289355-DAILY_LIFE",
        "layer": "daily_life",
        "name": "中国农业科学院门诊部",
        "osm_id": 971289355,
        "osm_type": "way"
      },
      "type": "Feature"
    },
    {
      "geometry": {
        "coordinates": [
          [
            [
              116.376941,
              40.035142
            ],
            [
              116.37761,
              40.035273
            ],
            [
              116.37772,
              40.034946
            ],
            [
              116.377652,
              40.034933
            ],
            [
              116.377593,
              40.03511
            ],
            [
              116.377079,
              40.035009
            ],
            [
              116.376992,
              40.034992
            ],
            [
              116.376941,
              40.035142
            ]
          ]
        ],
        "type": "Polygon"
      },
      "id": "OSM-WAY-978347158-DAILY_LIFE",
      "properties": {
        "amenity": "fire_station",
        "building": "yes",
        "evidence_status": "contextual",
        "id": "OSM-WAY-978347158-DAILY_LIFE",
        "layer": "daily_life",
        "name": "海淀区消防支队(河北村消防站)",
        "osm_id": 978347158,
        "osm_type": "way"
      },
      "type": "Feature"
    },
    {
      "geometry": {
        "coordinates": [
          [
            [
              116.378089,
              39.96498
            ],
            [
              116.37805,
              39.964933
            ],
            [
              116.377887,
              39.963497
            ],
            [
              116.378858,
              39.963497
            ],
            [
              116.3788,
              39.964996
            ],
            [
              116.378089,
              39.96498
            ]
          ]
        ],
        "type": "Polygon"
      },
      "id": "OSM-WAY-984147595-DAILY_LIFE",
      "properties": {
        "amenity": "school",
        "evidence_status": "contextual",
        "id": "OSM-WAY-984147595-DAILY_LIFE",
        "layer": "daily_life",
        "name": "北京市西城区德胜中学",
        "name:zh": "北京市西城区德胜中学",
        "osm_id": 984147595,
        "osm_type": "way"
      },
      "type": "Feature"
    },
    {
      "geometry": {
        "coordinates": [
          [
            [
              116.321347,
              39.981501
            ],
            [
              116.32183,
              39.981521
            ],
            [
              116.321774,
              39.982318
            ],
            [
              116.321291,
              39.982299
            ],
            [
              116.321347,
              39.981501
            ]
          ]
        ],
        "type": "Polygon"
      },
      "id": "OSM-WAY-985097345-DAILY_LIFE",
      "properties": {
        "amenity": "school",
        "evidence_status": "contextual",
        "id": "OSM-WAY-985097345-DAILY_LIFE",
        "layer": "daily_life",
        "name": "北京中科启元学校",
        "name:zh": "北京中科启元学校",
        "osm_id": 985097345,
        "osm_type": "way"
      },
      "type": "Feature"
    },
    {
      "geometry": {
        "coordinates": [
          [
            [
              116.389454,
              39.943201
            ],
            [
              116.389463,
              39.942614
            ],
            [
              116.389467,
              39.942533
            ],
            [
              116.390023,
              39.94254
            ],
            [
              116.389978,
              39.943219
            ],
            [
              116.389454,
              39.943201
            ]
          ]
        ],
        "type": "Polygon"
      },
      "id": "OSM-WAY-986582060-DAILY_LIFE",
      "properties": {
        "amenity": "place_of_worship",
        "evidence_status": "contextual",
        "id": "OSM-WAY-986582060-DAILY_LIFE",
        "layer": "daily_life",
        "name": "宏恩观",
        "osm_id": 986582060,
        "osm_type": "way"
      },
      "type": "Feature"
    },
    {
      "geometry": {
        "coordinates": [
          [
            [
              116.371986,
              39.968285
            ],
            [
              116.371976,
              39.967922
            ],
            [
              116.372287,
              39.967922
            ],
            [
              116.372291,
              39.968282
            ],
            [
              116.371986,
              39.968285
            ]
          ]
        ],
        "type": "Polygon"
      },
      "id": "OSM-WAY-990439603-DAILY_LIFE",
      "properties": {
        "amenity": "place_of_worship",
        "building": "yes",
        "evidence_status": "contextual",
        "id": "OSM-WAY-990439603-DAILY_LIFE",
        "layer": "daily_life",
        "name": "马甸清真寺",
        "name:en": "Madian Mosque",
        "osm_id": 990439603,
        "osm_type": "way"
      },
      "type": "Feature"
    },
    {
      "geometry": {
        "coordinates": [
          [
            [
              116.361,
              40.008482
            ],
            [
              116.360954,
              40.008537
            ],
            [
              116.361949,
              40.008975
            ],
            [
              116.362389,
              40.008375
            ],
            [
              116.361,
              40.008482
            ]
          ]
        ],
        "type": "Polygon"
      },
      "id": "OSM-WAY-993241543-DAILY_LIFE",
      "properties": {
        "amenity": "hospital",
        "evidence_status": "contextual",
        "id": "OSM-WAY-993241543-DAILY_LIFE",
        "layer": "daily_life",
        "name": "中日友好医院西区（舰船院区）",
        "name:zh": "中日友好医院西区（舰船院区）",
        "osm_id": 993241543,
        "osm_type": "way"
      },
      "type": "Feature"
    },
    {
      "geometry": {
        "coordinates": [
          [
            [
              116.3926,
              39.96644
            ],
            [
              116.39262,
              39.965963
            ],
            [
              116.392961,
              39.965971
            ],
            [
              116.392983,
              39.96543
            ],
            [
              116.393804,
              39.965451
            ],
            [
              116.393771,
              39.966236
            ],
            [
              116.393633,
              39.966233
            ],
            [
              116.393623,
              39.966465
            ],
            [
              116.3926,
              39.96644
            ]
          ]
        ],
        "type": "Polygon"
      },
      "id": "OSM-WAY-994109963-DAILY_LIFE",
      "properties": {
        "amenity": "school",
        "evidence_status": "contextual",
        "id": "OSM-WAY-994109963-DAILY_LIFE",
        "layer": "daily_life",
        "name": "中国人民大学附属中学朝阳学校（安华校区）",
        "osm_id": 994109963,
        "osm_type": "way"
      },
      "type": "Feature"
    },
    {
      "geometry": {
        "coordinates": [
          [
            [
              116.391578,
              39.963183
            ],
            [
              116.392433,
              39.963203
            ],
            [
              116.392471,
              39.962297
            ],
            [
              116.391615,
              39.962276
            ],
            [
              116.391578,
              39.963183
            ]
          ]
        ],
        "type": "Polygon"
      },
      "id": "OSM-WAY-994109964-DAILY_LIFE",
      "properties": {
        "amenity": "school",
        "evidence_status": "contextual",
        "id": "OSM-WAY-994109964-DAILY_LIFE",
        "layer": "daily_life",
        "name": "朝阳区安华学校",
        "osm_id": 994109964,
        "osm_type": "way"
      },
      "type": "Feature"
    },
    {
      "geometry": {
        "coordinates": [
          [
            [
              116.392326,
              39.972469
            ],
            [
              116.392358,
              39.971468
            ],
            [
              116.393976,
              39.971499
            ],
            [
              116.393953,
              39.972217
            ],
            [
              116.393408,
              39.972207
            ],
            [
              116.393399,
              39.972489
            ],
            [
              116.392326,
              39.972469
            ]
          ]
        ],
        "type": "Polygon"
      },
      "id": "OSM-WAY-995531910-DAILY_LIFE",
      "properties": {
        "amenity": "school",
        "evidence_status": "contextual",
        "id": "OSM-WAY-995531910-DAILY_LIFE",
        "layer": "daily_life",
        "name": "中国教育科学研究院朝阳实验学校中学部",
        "name:zh": "五路居第一中学",
        "osm_id": 995531910,
        "osm_type": "way"
      },
      "type": "Feature"
    },
    {
      "geometry": {
        "coordinates": [
          [
            [
              116.391183,
              39.971433
            ],
            [
              116.392118,
              39.971458
            ],
            [
              116.392078,
              39.972412
            ],
            [
              116.391955,
              39.972489
            ],
            [
              116.391133,
              39.972462
            ],
            [
              116.391183,
              39.971433
            ]
          ]
        ],
        "type": "Polygon"
      },
      "id": "OSM-WAY-995531912-DAILY_LIFE",
      "properties": {
        "amenity": "school",
        "evidence_status": "contextual",
        "id": "OSM-WAY-995531912-DAILY_LIFE",
        "layer": "daily_life",
        "name": "中国教育科学研究院朝阳实验学校（小学高部）",
        "osm_id": 995531912,
        "osm_type": "way"
      },
      "type": "Feature"
    },
    {
      "geometry": {
        "coordinates": [
          [
            [
              116.392388,
              39.96521
            ],
            [
              116.392406,
              39.964731
            ],
            [
              116.393957,
              39.964798
            ],
            [
              116.393883,
              39.965261
            ],
            [
              116.392388,
              39.96521
            ]
          ]
        ],
        "type": "Polygon"
      },
      "id": "OSM-WAY-995531913-DAILY_LIFE",
      "properties": {
        "amenity": "school",
        "evidence_status": "contextual",
        "id": "OSM-WAY-995531913-DAILY_LIFE",
        "layer": "daily_life",
        "name": "中国教育科学研究院朝阳实验学校（安华里校部）",
        "name:zh": "五路居第一中学",
        "osm_id": 995531913,
        "osm_type": "way"
      },
      "type": "Feature"
    }
  ],
  "metadata": {
    "evidence_status": "contextual",
    "known_limitations": "Not official planning, ownership, population, service-capacity, hours, accessibility, or engineering evidence.",
    "license": "© OpenStreetMap contributors, ODbL 1.0",
    "retrieval_date": "2026-08-12",
    "role": "daily_life",
    "source": "OpenStreetMap"
  },
  "name": "daily_life",
  "type": "FeatureCollection"
}
