{
  "features": [
    {
      "geometry": {
        "coordinates": [
          116.305317,
          39.99429
        ],
        "type": "Point"
      },
      "id": "OSM-NODE-10146479023-COMMERCIAL_SERVICES",
      "properties": {
        "evidence_status": "contextual",
        "id": "OSM-NODE-10146479023-COMMERCIAL_SERVICES",
        "layer": "commercial_services",
        "name": "一体小卖部",
        "name:zh": "一体小卖部",
        "osm_id": 10146479023,
        "osm_type": "node",
        "shop": "supermarket"
      },
      "type": "Feature"
    },
    {
      "geometry": {
        "coordinates": [
          116.316408,
          40.005696
        ],
        "type": "Point"
      },
      "id": "OSM-NODE-10161397408-COMMERCIAL_SERVICES",
      "properties": {
        "evidence_status": "contextual",
        "id": "OSM-NODE-10161397408-COMMERCIAL_SERVICES",
        "layer": "commercial_services",
        "name": "天猫超市",
        "name:en": "Tmall Supermarket",
        "name:zh": "天猫超市",
        "opening_hours": "Mo-Su 08:30-23:30",
        "operator": "天猫超市",
        "osm_id": 10161397408,
        "osm_type": "node",
        "shop": "supermarket"
      },
      "type": "Feature"
    },
    {
      "geometry": {
        "coordinates": [
          116.319018,
          39.99733
        ],
        "type": "Point"
      },
      "id": "OSM-NODE-10188911917-COMMERCIAL_SERVICES",
      "properties": {
        "evidence_status": "contextual",
        "id": "OSM-NODE-10188911917-COMMERCIAL_SERVICES",
        "layer": "commercial_services",
        "name": "菜鲜果美",
        "name:zh": "菜鲜果美",
        "osm_id": 10188911917,
        "osm_type": "node",
        "shop": "greengrocer"
      },
      "type": "Feature"
    },
    {
      "geometry": {
        "coordinates": [
          116.313066,
          39.997369
        ],
        "type": "Point"
      },
      "id": "OSM-NODE-10188911921-COMMERCIAL_SERVICES",
      "properties": {
        "evidence_status": "contextual",
        "id": "OSM-NODE-10188911921-COMMERCIAL_SERVICES",
        "layer": "commercial_services",
        "name": "全家",
        "name:en": "FamilyMart",
        "name:zh": "全家",
        "osm_id": 10188911921,
        "osm_type": "node",
        "shop": "convenience"
      },
      "type": "Feature"
    },
    {
      "geometry": {
        "coordinates": [
          116.317467,
          40.004214
        ],
        "type": "Point"
      },
      "id": "OSM-NODE-10188911944-COMMERCIAL_SERVICES",
      "properties": {
        "evidence_status": "contextual",
        "id": "OSM-NODE-10188911944-COMMERCIAL_SERVICES",
        "layer": "commercial_services",
        "name": "邺架轩（阅读体验书店）",
        "opening_hours": "Mo-Su 08:00-23:00",
        "operator": "清华大学，商务印书馆",
        "osm_id": 10188911944,
        "osm_type": "node",
        "shop": "books",
        "wheelchair": "yes"
      },
      "type": "Feature"
    },
    {
      "geometry": {
        "coordinates": [
          116.322938,
          40.004141
        ],
        "type": "Point"
      },
      "id": "OSM-NODE-10188911994-COMMERCIAL_SERVICES",
      "properties": {
        "evidence_status": "contextual",
        "id": "OSM-NODE-10188911994-COMMERCIAL_SERVICES",
        "layer": "commercial_services",
        "name": "翰皇擦鞋",
        "osm_id": 10188911994,
        "osm_type": "node",
        "shop": "laundry"
      },
      "type": "Feature"
    },
    {
      "geometry": {
        "coordinates": [
          116.323218,
          40.004146
        ],
        "type": "Point"
      },
      "id": "OSM-NODE-10188911995-COMMERCIAL_SERVICES",
      "properties": {
        "evidence_status": "contextual",
        "id": "OSM-NODE-10188911995-COMMERCIAL_SERVICES",
        "layer": "commercial_services",
        "name": "鲜果屋",
        "osm_id": 10188911995,
        "osm_type": "node",
        "shop": "greengrocer"
      },
      "type": "Feature"
    },
    {
      "geometry": {
        "coordinates": [
          116.322239,
          40.005676
        ],
        "type": "Point"
      },
      "id": "OSM-NODE-10188912119-COMMERCIAL_SERVICES",
      "properties": {
        "evidence_status": "contextual",
        "id": "OSM-NODE-10188912119-COMMERCIAL_SERVICES",
        "layer": "commercial_services",
        "osm_id": 10188912119,
        "osm_type": "node",
        "shop": "bicycle"
      },
      "type": "Feature"
    },
    {
      "geometry": {
        "coordinates": [
          116.314123,
          39.997434
        ],
        "type": "Point"
      },
      "id": "OSM-NODE-10198891194-COMMERCIAL_SERVICES",
      "properties": {
        "evidence_status": "contextual",
        "id": "OSM-NODE-10198891194-COMMERCIAL_SERVICES",
        "layer": "commercial_services",
        "osm_id": 10198891194,
        "osm_type": "node",
        "shop": "hairdresser"
      },
      "type": "Feature"
    },
    {
      "geometry": {
        "coordinates": [
          116.366876,
          40.008618
        ],
        "type": "Point"
      },
      "id": "OSM-NODE-10202164214-COMMERCIAL_SERVICES",
      "properties": {
        "evidence_status": "contextual",
        "id": "OSM-NODE-10202164214-COMMERCIAL_SERVICES",
        "layer": "commercial_services",
        "name": "菜鲜果美",
        "osm_id": 10202164214,
        "osm_type": "node",
        "shop": "greengrocer"
      },
      "type": "Feature"
    },
    {
      "geometry": {
        "coordinates": [
          116.31866,
          39.977401
        ],
        "type": "Point"
      },
      "id": "OSM-NODE-10219130499-COMMERCIAL_SERVICES",
      "properties": {
        "evidence_status": "contextual",
        "id": "OSM-NODE-10219130499-COMMERCIAL_SERVICES",
        "layer": "commercial_services",
        "name": "果蔬易购便民生鲜超市",
        "osm_id": 10219130499,
        "osm_type": "node",
        "shop": "supermarket"
      },
      "type": "Feature"
    },
    {
      "geometry": {
        "coordinates": [
          116.394582,
          39.968377
        ],
        "type": "Point"
      },
      "id": "OSM-NODE-10239137207-COMMERCIAL_SERVICES",
      "properties": {
        "evidence_status": "contextual",
        "id": "OSM-NODE-10239137207-COMMERCIAL_SERVICES",
        "layer": "commercial_services",
        "name": "BHG生活超市",
        "osm_id": 10239137207,
        "osm_type": "node",
        "shop": "supermarket"
      },
      "type": "Feature"
    },
    {
      "geometry": {
        "coordinates": [
          116.392276,
          39.971366
        ],
        "type": "Point"
      },
      "id": "OSM-NODE-10239137208-COMMERCIAL_SERVICES",
      "properties": {
        "evidence_status": "contextual",
        "id": "OSM-NODE-10239137208-COMMERCIAL_SERVICES",
        "layer": "commercial_services",
        "osm_id": 10239137208,
        "osm_type": "node",
        "shop": "convenience"
      },
      "type": "Feature"
    },
    {
      "geometry": {
        "coordinates": [
          116.391524,
          39.971097
        ],
        "type": "Point"
      },
      "id": "OSM-NODE-10239164509-COMMERCIAL_SERVICES",
      "properties": {
        "evidence_status": "contextual",
        "id": "OSM-NODE-10239164509-COMMERCIAL_SERVICES",
        "layer": "commercial_services",
        "name": "满天红美发店",
        "osm_id": 10239164509,
        "osm_type": "node",
        "shop": "hairdresser"
      },
      "type": "Feature"
    },
    {
      "geometry": {
        "coordinates": [
          116.392588,
          39.969036
        ],
        "type": "Point"
      },
      "id": "OSM-NODE-10239183181-COMMERCIAL_SERVICES",
      "properties": {
        "evidence_status": "contextual",
        "id": "OSM-NODE-10239183181-COMMERCIAL_SERVICES",
        "layer": "commercial_services",
        "osm_id": 10239183181,
        "osm_type": "node",
        "shop": "convenience"
      },
      "type": "Feature"
    },
    {
      "geometry": {
        "coordinates": [
          116.39413,
          39.97075
        ],
        "type": "Point"
      },
      "id": "OSM-NODE-10239197014-COMMERCIAL_SERVICES",
      "properties": {
        "evidence_status": "contextual",
        "id": "OSM-NODE-10239197014-COMMERCIAL_SERVICES",
        "layer": "commercial_services",
        "name": "京天红炸糕",
        "osm_id": 10239197014,
        "osm_type": "node",
        "shop": "bakery"
      },
      "type": "Feature"
    },
    {
      "geometry": {
        "coordinates": [
          116.341343,
          39.975343
        ],
        "type": "Point"
      },
      "id": "OSM-NODE-10262019428-COMMERCIAL_SERVICES",
      "properties": {
        "evidence_status": "contextual",
        "id": "OSM-NODE-10262019428-COMMERCIAL_SERVICES",
        "layer": "commercial_services",
        "name": "7-Eleven",
        "osm_id": 10262019428,
        "osm_type": "node",
        "shop": "convenience"
      },
      "type": "Feature"
    },
    {
      "geometry": {
        "coordinates": [
          116.337608,
          39.981883
        ],
        "type": "Point"
      },
      "id": "OSM-NODE-1030342276-COMMERCIAL_SERVICES",
      "properties": {
        "evidence_status": "contextual",
        "id": "OSM-NODE-1030342276-COMMERCIAL_SERVICES",
        "layer": "commercial_services",
        "osm_id": 1030342276,
        "osm_type": "node",
        "shop": "convenience"
      },
      "type": "Feature"
    },
    {
      "geometry": {
        "coordinates": [
          116.338751,
          39.980513
        ],
        "type": "Point"
      },
      "id": "OSM-NODE-1030342288-COMMERCIAL_SERVICES",
      "properties": {
        "evidence_status": "contextual",
        "id": "OSM-NODE-1030342288-COMMERCIAL_SERVICES",
        "layer": "commercial_services",
        "name": "物美",
        "name:en": "Wumart",
        "name:zh": "物美",
        "osm_id": 1030342288,
        "osm_type": "node",
        "shop": "supermarket"
      },
      "type": "Feature"
    },
    {
      "geometry": {
        "coordinates": [
          116.30809,
          39.935203
        ],
        "type": "Point"
      },
      "id": "OSM-NODE-10557002788-COMMERCIAL_SERVICES",
      "properties": {
        "evidence_status": "contextual",
        "id": "OSM-NODE-10557002788-COMMERCIAL_SERVICES",
        "layer": "commercial_services",
        "name": "人文考古书店",
        "opening_hours": "Mo-Sa 09:00-18:30",
        "osm_id": 10557002788,
        "osm_type": "node",
        "shop": "books",
        "wheelchair": "yes"
      },
      "type": "Feature"
    },
    {
      "geometry": {
        "coordinates": [
          116.319537,
          39.998668
        ],
        "type": "Point"
      },
      "id": "OSM-NODE-10598425286-COMMERCIAL_SERVICES",
      "properties": {
        "evidence_status": "contextual",
        "id": "OSM-NODE-10598425286-COMMERCIAL_SERVICES",
        "layer": "commercial_services",
        "name": "上海晋记服装加工",
        "name:zh": "上海晋记服装加工",
        "operator": "上海晋记服装加工",
        "osm_id": 10598425286,
        "osm_type": "node",
        "shop": "laundry",
        "wheelchair": "limited"
      },
      "type": "Feature"
    },
    {
      "geometry": {
        "coordinates": [
          116.365105,
          40.008763
        ],
        "type": "Point"
      },
      "id": "OSM-NODE-10703883906-COMMERCIAL_SERVICES",
      "properties": {
        "evidence_status": "contextual",
        "id": "OSM-NODE-10703883906-COMMERCIAL_SERVICES",
        "layer": "commercial_services",
        "name": "惠客鲜生",
        "osm_id": 10703883906,
        "osm_type": "node",
        "shop": "supermarket"
      },
      "type": "Feature"
    },
    {
      "geometry": {
        "coordinates": [
          116.338838,
          40.014046
        ],
        "type": "Point"
      },
      "id": "OSM-NODE-10707011264-COMMERCIAL_SERVICES",
      "properties": {
        "evidence_status": "contextual",
        "id": "OSM-NODE-10707011264-COMMERCIAL_SERVICES",
        "layer": "commercial_services",
        "name": "味多美",
        "name:en": "Wedome",
        "name:zh": "味多美",
        "osm_id": 10707011264,
        "osm_type": "node",
        "shop": "bakery"
      },
      "type": "Feature"
    },
    {
      "geometry": {
        "coordinates": [
          116.3387,
          40.014016
        ],
        "type": "Point"
      },
      "id": "OSM-NODE-10707011265-COMMERCIAL_SERVICES",
      "properties": {
        "evidence_status": "contextual",
        "id": "OSM-NODE-10707011265-COMMERCIAL_SERVICES",
        "layer": "commercial_services",
        "name": "超市发",
        "name:en": "bjcsf",
        "name:zh": "超市发",
        "osm_id": 10707011265,
        "osm_type": "node",
        "shop": "convenience"
      },
      "type": "Feature"
    },
    {
      "geometry": {
        "coordinates": [
          116.338266,
          40.014025
        ],
        "type": "Point"
      },
      "id": "OSM-NODE-10707011267-COMMERCIAL_SERVICES",
      "properties": {
        "evidence_status": "contextual",
        "id": "OSM-NODE-10707011267-COMMERCIAL_SERVICES",
        "layer": "commercial_services",
        "name": "北京俏廉鲜超市",
        "osm_id": 10707011267,
        "osm_type": "node",
        "shop": "greengrocer"
      },
      "type": "Feature"
    },
    {
      "geometry": {
        "coordinates": [
          116.338377,
          40.014039
        ],
        "type": "Point"
      },
      "id": "OSM-NODE-10707011268-COMMERCIAL_SERVICES",
      "properties": {
        "evidence_status": "contextual",
        "id": "OSM-NODE-10707011268-COMMERCIAL_SERVICES",
        "layer": "commercial_services",
        "name": "香果缘蔬菜水果超市",
        "osm_id": 10707011268,
        "osm_type": "node",
        "shop": "greengrocer"
      },
      "type": "Feature"
    },
    {
      "geometry": {
        "coordinates": [
          116.33818,
          40.013492
        ],
        "type": "Point"
      },
      "id": "OSM-NODE-10707011271-COMMERCIAL_SERVICES",
      "properties": {
        "evidence_status": "contextual",
        "id": "OSM-NODE-10707011271-COMMERCIAL_SERVICES",
        "layer": "commercial_services",
        "name": "幸福荣耀生鲜超市",
        "osm_id": 10707011271,
        "osm_type": "node",
        "shop": "supermarket"
      },
      "type": "Feature"
    },
    {
      "geometry": {
        "coordinates": [
          116.337543,
          40.013964
        ],
        "type": "Point"
      },
      "id": "OSM-NODE-10707011272-COMMERCIAL_SERVICES",
      "properties": {
        "evidence_status": "contextual",
        "id": "OSM-NODE-10707011272-COMMERCIAL_SERVICES",
        "layer": "commercial_services",
        "name": "正大优鲜",
        "osm_id": 10707011272,
        "osm_type": "node",
        "shop": "supermarket"
      },
      "type": "Feature"
    },
    {
      "geometry": {
        "coordinates": [
          116.335897,
          40.006413
        ],
        "type": "Point"
      },
      "id": "OSM-NODE-10707011276-COMMERCIAL_SERVICES",
      "properties": {
        "evidence_status": "contextual",
        "id": "OSM-NODE-10707011276-COMMERCIAL_SERVICES",
        "layer": "commercial_services",
        "name": "华欣超市",
        "osm_id": 10707011276,
        "osm_type": "node",
        "shop": "supermarket"
      },
      "type": "Feature"
    },
    {
      "geometry": {
        "coordinates": [
          116.336557,
          40.006425
        ],
        "type": "Point"
      },
      "id": "OSM-NODE-10707011277-COMMERCIAL_SERVICES",
      "properties": {
        "evidence_status": "contextual",
        "id": "OSM-NODE-10707011277-COMMERCIAL_SERVICES",
        "layer": "commercial_services",
        "name": "社区便民超市",
        "osm_id": 10707011277,
        "osm_type": "node",
        "shop": "supermarket"
      },
      "type": "Feature"
    },
    {
      "geometry": {
        "coordinates": [
          116.348332,
          40.007133
        ],
        "type": "Point"
      },
      "id": "OSM-NODE-10707024844-COMMERCIAL_SERVICES",
      "properties": {
        "evidence_status": "contextual",
        "id": "OSM-NODE-10707024844-COMMERCIAL_SERVICES",
        "layer": "commercial_services",
        "name": "物美",
        "name:en": "Wumart",
        "name:zh": "物美",
        "osm_id": 10707024844,
        "osm_type": "node",
        "shop": "supermarket"
      },
      "type": "Feature"
    },
    {
      "geometry": {
        "coordinates": [
          116.345717,
          40.00528
        ],
        "type": "Point"
      },
      "id": "OSM-NODE-10707024853-COMMERCIAL_SERVICES",
      "properties": {
        "evidence_status": "contextual",
        "id": "OSM-NODE-10707024853-COMMERCIAL_SERVICES",
        "layer": "commercial_services",
        "name": "美利达",
        "name:en": "Merida",
        "name:zh": "美利达",
        "osm_id": 10707024853,
        "osm_type": "node",
        "shop": "bicycle"
      },
      "type": "Feature"
    },
    {
      "geometry": {
        "coordinates": [
          116.327233,
          39.992419
        ],
        "type": "Point"
      },
      "id": "OSM-NODE-10707362365-COMMERCIAL_SERVICES",
      "properties": {
        "evidence_status": "contextual",
        "id": "OSM-NODE-10707362365-COMMERCIAL_SERVICES",
        "layer": "commercial_services",
        "name": "风亦情美容养生会所",
        "osm_id": 10707362365,
        "osm_type": "node",
        "shop": "hairdresser"
      },
      "type": "Feature"
    },
    {
      "geometry": {
        "coordinates": [
          116.337592,
          39.963958
        ],
        "type": "Point"
      },
      "id": "OSM-NODE-10748772334-COMMERCIAL_SERVICES",
      "properties": {
        "evidence_status": "contextual",
        "id": "OSM-NODE-10748772334-COMMERCIAL_SERVICES",
        "layer": "commercial_services",
        "name": "盒马鲜生",
        "name:en": "Fresh Hema",
        "name:zh": "盒马鲜生",
        "osm_id": 10748772334,
        "osm_type": "node",
        "shop": "supermarket"
      },
      "type": "Feature"
    },
    {
      "geometry": {
        "coordinates": [
          116.306237,
          39.986918
        ],
        "type": "Point"
      },
      "id": "OSM-NODE-10765492935-COMMERCIAL_SERVICES",
      "properties": {
        "evidence_status": "contextual",
        "id": "OSM-NODE-10765492935-COMMERCIAL_SERVICES",
        "layer": "commercial_services",
        "name": "物美超市",
        "name:en": "Wumei store",
        "osm_id": 10765492935,
        "osm_type": "node",
        "shop": "convenience"
      },
      "type": "Feature"
    },
    {
      "geometry": {
        "coordinates": [
          116.381666,
          39.944525
        ],
        "type": "Point"
      },
      "id": "OSM-NODE-10771215458-COMMERCIAL_SERVICES",
      "properties": {
        "evidence_status": "contextual",
        "id": "OSM-NODE-10771215458-COMMERCIAL_SERVICES",
        "layer": "commercial_services",
        "osm_id": 10771215458,
        "osm_type": "node",
        "shop": "books"
      },
      "type": "Feature"
    },
    {
      "geometry": {
        "coordinates": [
          116.352726,
          39.935106
        ],
        "type": "Point"
      },
      "id": "OSM-NODE-10834248631-COMMERCIAL_SERVICES",
      "properties": {
        "evidence_status": "contextual",
        "id": "OSM-NODE-10834248631-COMMERCIAL_SERVICES",
        "layer": "commercial_services",
        "name": "顺天府超市",
        "opening_hours": "08:30-21:00",
        "osm_id": 10834248631,
        "osm_type": "node",
        "shop": "supermarket"
      },
      "type": "Feature"
    },
    {
      "geometry": {
        "coordinates": [
          116.352758,
          39.93502
        ],
        "type": "Point"
      },
      "id": "OSM-NODE-10834248633-COMMERCIAL_SERVICES",
      "properties": {
        "evidence_status": "contextual",
        "id": "OSM-NODE-10834248633-COMMERCIAL_SERVICES",
        "layer": "commercial_services",
        "name": "7-Eleven",
        "osm_id": 10834248633,
        "osm_type": "node",
        "shop": "convenience"
      },
      "type": "Feature"
    },
    {
      "geometry": {
        "coordinates": [
          116.31923,
          39.96656
        ],
        "type": "Point"
      },
      "id": "OSM-NODE-11047444250-COMMERCIAL_SERVICES",
      "properties": {
        "evidence_status": "contextual",
        "id": "OSM-NODE-11047444250-COMMERCIAL_SERVICES",
        "layer": "commercial_services",
        "name": "超市发罗森",
        "osm_id": 11047444250,
        "osm_type": "node",
        "shop": "convenience"
      },
      "type": "Feature"
    },
    {
      "geometry": {
        "coordinates": [
          116.38418,
          39.94513
        ],
        "type": "Point"
      },
      "id": "OSM-NODE-11048296142-COMMERCIAL_SERVICES",
      "properties": {
        "evidence_status": "contextual",
        "id": "OSM-NODE-11048296142-COMMERCIAL_SERVICES",
        "layer": "commercial_services",
        "osm_id": 11048296142,
        "osm_type": "node",
        "shop": "convenience"
      },
      "type": "Feature"
    },
    {
      "geometry": {
        "coordinates": [
          116.394552,
          39.977684
        ],
        "type": "Point"
      },
      "id": "OSM-NODE-11133215607-COMMERCIAL_SERVICES",
      "properties": {
        "evidence_status": "contextual",
        "id": "OSM-NODE-11133215607-COMMERCIAL_SERVICES",
        "layer": "commercial_services",
        "name": "鲍师傅",
        "name:en": "Bao's Pastry",
        "name:zh": "鲍师傅",
        "osm_id": 11133215607,
        "osm_type": "node",
        "shop": "bakery"
      },
      "type": "Feature"
    },
    {
      "geometry": {
        "coordinates": [
          116.334355,
          39.9478
        ],
        "type": "Point"
      },
      "id": "OSM-NODE-11173536502-COMMERCIAL_SERVICES",
      "properties": {
        "evidence_status": "contextual",
        "id": "OSM-NODE-11173536502-COMMERCIAL_SERVICES",
        "layer": "commercial_services",
        "name": "天猫超市",
        "osm_id": 11173536502,
        "osm_type": "node",
        "shop": "convenience"
      },
      "type": "Feature"
    },
    {
      "geometry": {
        "coordinates": [
          116.3345,
          39.947833
        ],
        "type": "Point"
      },
      "id": "OSM-NODE-11173536503-COMMERCIAL_SERVICES",
      "properties": {
        "evidence_status": "contextual",
        "id": "OSM-NODE-11173536503-COMMERCIAL_SERVICES",
        "layer": "commercial_services",
        "name": "京东超市",
        "osm_id": 11173536503,
        "osm_type": "node",
        "shop": "convenience"
      },
      "type": "Feature"
    },
    {
      "geometry": {
        "coordinates": [
          116.332064,
          39.949521
        ],
        "type": "Point"
      },
      "id": "OSM-NODE-11173604249-COMMERCIAL_SERVICES",
      "properties": {
        "evidence_status": "contextual",
        "id": "OSM-NODE-11173604249-COMMERCIAL_SERVICES",
        "layer": "commercial_services",
        "name": "麦叔便利店",
        "osm_id": 11173604249,
        "osm_type": "node",
        "shop": "convenience"
      },
      "type": "Feature"
    },
    {
      "geometry": {
        "coordinates": [
          116.341327,
          40.003909
        ],
        "type": "Point"
      },
      "id": "OSM-NODE-11181478716-COMMERCIAL_SERVICES",
      "properties": {
        "evidence_status": "contextual",
        "id": "OSM-NODE-11181478716-COMMERCIAL_SERVICES",
        "layer": "commercial_services",
        "name": "麦叔超市",
        "osm_id": 11181478716,
        "osm_type": "node",
        "shop": "supermarket"
      },
      "type": "Feature"
    },
    {
      "geometry": {
        "coordinates": [
          116.341333,
          40.00402
        ],
        "type": "Point"
      },
      "id": "OSM-NODE-11181484543-COMMERCIAL_SERVICES",
      "properties": {
        "evidence_status": "contextual",
        "id": "OSM-NODE-11181484543-COMMERCIAL_SERVICES",
        "layer": "commercial_services",
        "name": "知里知外书店",
        "osm_id": 11181484543,
        "osm_type": "node",
        "shop": "books"
      },
      "type": "Feature"
    },
    {
      "geometry": {
        "coordinates": [
          116.301376,
          39.962447
        ],
        "type": "Point"
      },
      "id": "OSM-NODE-11243564183-COMMERCIAL_SERVICES",
      "properties": {
        "evidence_status": "contextual",
        "id": "OSM-NODE-11243564183-COMMERCIAL_SERVICES",
        "layer": "commercial_services",
        "name": "宫门口馒头铺",
        "opening_hours": "Mo-Su 07:00-19:30",
        "osm_id": 11243564183,
        "osm_type": "node",
        "shop": "bakery"
      },
      "type": "Feature"
    },
    {
      "geometry": {
        "coordinates": [
          116.319494,
          39.970388
        ],
        "type": "Point"
      },
      "id": "OSM-NODE-11294892416-COMMERCIAL_SERVICES",
      "properties": {
        "evidence_status": "contextual",
        "id": "OSM-NODE-11294892416-COMMERCIAL_SERVICES",
        "layer": "commercial_services",
        "name": "胶东面食厨房",
        "osm_id": 11294892416,
        "osm_type": "node",
        "shop": "bakery"
      },
      "type": "Feature"
    },
    {
      "geometry": {
        "coordinates": [
          116.375149,
          39.977632
        ],
        "type": "Point"
      },
      "id": "OSM-NODE-11775243016-COMMERCIAL_SERVICES",
      "properties": {
        "evidence_status": "contextual",
        "id": "OSM-NODE-11775243016-COMMERCIAL_SERVICES",
        "layer": "commercial_services",
        "name": "发の丁形象",
        "osm_id": 11775243016,
        "osm_type": "node",
        "shop": "hairdresser"
      },
      "type": "Feature"
    },
    {
      "geometry": {
        "coordinates": [
          116.393169,
          39.941916
        ],
        "type": "Point"
      },
      "id": "OSM-NODE-11780088269-COMMERCIAL_SERVICES",
      "properties": {
        "evidence_status": "contextual",
        "id": "OSM-NODE-11780088269-COMMERCIAL_SERVICES",
        "layer": "commercial_services",
        "name": "The Bake Shop",
        "opening_hours": "Mo-Su 09:00-20:00",
        "osm_id": 11780088269,
        "osm_type": "node",
        "shop": "bakery"
      },
      "type": "Feature"
    },
    {
      "geometry": {
        "coordinates": [
          116.318796,
          39.97592
        ],
        "type": "Point"
      },
      "id": "OSM-NODE-11880157713-COMMERCIAL_SERVICES",
      "properties": {
        "evidence_status": "contextual",
        "id": "OSM-NODE-11880157713-COMMERCIAL_SERVICES",
        "layer": "commercial_services",
        "name": "搜尚美型护肤",
        "osm_id": 11880157713,
        "osm_type": "node",
        "shop": "hairdresser"
      },
      "type": "Feature"
    },
    {
      "geometry": {
        "coordinates": [
          116.318796,
          39.975595
        ],
        "type": "Point"
      },
      "id": "OSM-NODE-11880157717-COMMERCIAL_SERVICES",
      "properties": {
        "evidence_status": "contextual",
        "id": "OSM-NODE-11880157717-COMMERCIAL_SERVICES",
        "layer": "commercial_services",
        "name": "超市发罗森",
        "osm_id": 11880157717,
        "osm_type": "node",
        "shop": "supermarket"
      },
      "type": "Feature"
    },
    {
      "geometry": {
        "coordinates": [
          116.331161,
          39.98869
        ],
        "type": "Point"
      },
      "id": "OSM-NODE-11918053397-COMMERCIAL_SERVICES",
      "properties": {
        "evidence_status": "contextual",
        "id": "OSM-NODE-11918053397-COMMERCIAL_SERVICES",
        "layer": "commercial_services",
        "name": "爱玛",
        "osm_id": 11918053397,
        "osm_type": "node",
        "shop": "bicycle"
      },
      "type": "Feature"
    },
    {
      "geometry": {
        "coordinates": [
          116.34356,
          40.03881
        ],
        "type": "Point"
      },
      "id": "OSM-NODE-11994713728-COMMERCIAL_SERVICES",
      "properties": {
        "evidence_status": "contextual",
        "id": "OSM-NODE-11994713728-COMMERCIAL_SERVICES",
        "layer": "commercial_services",
        "name": "西三旗街道电科院社区商业中心",
        "osm_id": 11994713728,
        "osm_type": "node",
        "shop": "supermarket"
      },
      "type": "Feature"
    },
    {
      "geometry": {
        "coordinates": [
          116.374725,
          39.993075
        ],
        "type": "Point"
      },
      "id": "OSM-NODE-12016340174-COMMERCIAL_SERVICES",
      "properties": {
        "evidence_status": "contextual",
        "id": "OSM-NODE-12016340174-COMMERCIAL_SERVICES",
        "layer": "commercial_services",
        "name": "京东便利店",
        "osm_id": 12016340174,
        "osm_type": "node",
        "shop": "convenience"
      },
      "type": "Feature"
    },
    {
      "geometry": {
        "coordinates": [
          116.352174,
          39.984576
        ],
        "type": "Point"
      },
      "id": "OSM-NODE-12172339771-COMMERCIAL_SERVICES",
      "properties": {
        "evidence_status": "contextual",
        "id": "OSM-NODE-12172339771-COMMERCIAL_SERVICES",
        "layer": "commercial_services",
        "name": "麦叔的铺子",
        "osm_id": 12172339771,
        "osm_type": "node",
        "shop": "convenience"
      },
      "type": "Feature"
    },
    {
      "geometry": {
        "coordinates": [
          116.355703,
          39.984087
        ],
        "type": "Point"
      },
      "id": "OSM-NODE-12172349037-COMMERCIAL_SERVICES",
      "properties": {
        "evidence_status": "contextual",
        "id": "OSM-NODE-12172349037-COMMERCIAL_SERVICES",
        "layer": "commercial_services",
        "name": "好邻居超市",
        "operator": "好邻居超市",
        "osm_id": 12172349037,
        "osm_type": "node",
        "shop": "supermarket"
      },
      "type": "Feature"
    },
    {
      "geometry": {
        "coordinates": [
          116.338217,
          39.964961
        ],
        "type": "Point"
      },
      "id": "OSM-NODE-12252520650-COMMERCIAL_SERVICES",
      "properties": {
        "evidence_status": "contextual",
        "id": "OSM-NODE-12252520650-COMMERCIAL_SERVICES",
        "layer": "commercial_services",
        "name": "1733",
        "osm_id": 12252520650,
        "osm_type": "node",
        "shop": "mall"
      },
      "type": "Feature"
    },
    {
      "geometry": {
        "coordinates": [
          116.373324,
          39.992472
        ],
        "type": "Point"
      },
      "id": "OSM-NODE-12328615580-COMMERCIAL_SERVICES",
      "properties": {
        "evidence_status": "contextual",
        "id": "OSM-NODE-12328615580-COMMERCIAL_SERVICES",
        "layer": "commercial_services",
        "name": "福阳超市",
        "osm_id": 12328615580,
        "osm_type": "node",
        "shop": "supermarket"
      },
      "type": "Feature"
    },
    {
      "geometry": {
        "coordinates": [
          116.337716,
          39.975577
        ],
        "type": "Point"
      },
      "id": "OSM-NODE-12402755214-COMMERCIAL_SERVICES",
      "properties": {
        "evidence_status": "contextual",
        "id": "OSM-NODE-12402755214-COMMERCIAL_SERVICES",
        "layer": "commercial_services",
        "name": "物美",
        "name:en": "Wumart",
        "name:zh": "物美",
        "osm_id": 12402755214,
        "osm_type": "node",
        "shop": "supermarket"
      },
      "type": "Feature"
    },
    {
      "geometry": {
        "coordinates": [
          116.339168,
          39.975867
        ],
        "type": "Point"
      },
      "id": "OSM-NODE-12441343270-COMMERCIAL_SERVICES",
      "properties": {
        "evidence_status": "contextual",
        "id": "OSM-NODE-12441343270-COMMERCIAL_SERVICES",
        "layer": "commercial_services",
        "name": "元泽美发设计",
        "name:en": "Yuanze Style",
        "osm_id": 12441343270,
        "osm_type": "node",
        "shop": "hairdresser"
      },
      "type": "Feature"
    },
    {
      "geometry": {
        "coordinates": [
          116.339724,
          39.936434
        ],
        "type": "Point"
      },
      "id": "OSM-NODE-12484509123-COMMERCIAL_SERVICES",
      "properties": {
        "evidence_status": "contextual",
        "id": "OSM-NODE-12484509123-COMMERCIAL_SERVICES",
        "layer": "commercial_services",
        "name": "盒马鲜生",
        "name:en": "Fresh Hema",
        "name:zh": "盒马鲜生",
        "osm_id": 12484509123,
        "osm_type": "node",
        "shop": "supermarket"
      },
      "type": "Feature"
    },
    {
      "geometry": {
        "coordinates": [
          116.333139,
          39.990732
        ],
        "type": "Point"
      },
      "id": "OSM-NODE-12503919719-COMMERCIAL_SERVICES",
      "properties": {
        "evidence_status": "contextual",
        "id": "OSM-NODE-12503919719-COMMERCIAL_SERVICES",
        "layer": "commercial_services",
        "name": "万圣书园",
        "opening_hours": "Mo-Su 10:00-22:00",
        "operator": "北京万圣书园公司",
        "osm_id": 12503919719,
        "osm_type": "node",
        "shop": "books"
      },
      "type": "Feature"
    },
    {
      "geometry": {
        "coordinates": [
          116.34174,
          39.975355
        ],
        "type": "Point"
      },
      "id": "OSM-NODE-12516710459-COMMERCIAL_SERVICES",
      "properties": {
        "evidence_status": "contextual",
        "id": "OSM-NODE-12516710459-COMMERCIAL_SERVICES",
        "layer": "commercial_services",
        "name": "国大药房",
        "osm_id": 12516710459,
        "osm_type": "node",
        "shop": "chemist"
      },
      "type": "Feature"
    },
    {
      "geometry": {
        "coordinates": [
          116.38162,
          40.001335
        ],
        "type": "Point"
      },
      "id": "OSM-NODE-12618091424-COMMERCIAL_SERVICES",
      "properties": {
        "evidence_status": "contextual",
        "id": "OSM-NODE-12618091424-COMMERCIAL_SERVICES",
        "layer": "commercial_services",
        "name": "婕妮王超市",
        "name:en": "Jenny Wang Shop",
        "osm_id": 12618091424,
        "osm_type": "node",
        "shop": "supermarket"
      },
      "type": "Feature"
    },
    {
      "geometry": {
        "coordinates": [
          116.351651,
          39.962589
        ],
        "type": "Point"
      },
      "id": "OSM-NODE-12747381125-COMMERCIAL_SERVICES",
      "properties": {
        "evidence_status": "contextual",
        "id": "OSM-NODE-12747381125-COMMERCIAL_SERVICES",
        "layer": "commercial_services",
        "osm_id": 12747381125,
        "osm_type": "node",
        "shop": "hairdresser"
      },
      "type": "Feature"
    },
    {
      "geometry": {
        "coordinates": [
          116.35061,
          39.961602
        ],
        "type": "Point"
      },
      "id": "OSM-NODE-12762013155-COMMERCIAL_SERVICES",
      "properties": {
        "evidence_status": "contextual",
        "id": "OSM-NODE-12762013155-COMMERCIAL_SERVICES",
        "layer": "commercial_services",
        "osm_id": 12762013155,
        "osm_type": "node",
        "shop": "laundry"
      },
      "type": "Feature"
    },
    {
      "geometry": {
        "coordinates": [
          116.35041,
          39.963057
        ],
        "type": "Point"
      },
      "id": "OSM-NODE-12762013156-COMMERCIAL_SERVICES",
      "properties": {
        "evidence_status": "contextual",
        "id": "OSM-NODE-12762013156-COMMERCIAL_SERVICES",
        "layer": "commercial_services",
        "osm_id": 12762013156,
        "osm_type": "node",
        "shop": "laundry"
      },
      "type": "Feature"
    },
    {
      "geometry": {
        "coordinates": [
          116.35194,
          39.963379
        ],
        "type": "Point"
      },
      "id": "OSM-NODE-12771885789-COMMERCIAL_SERVICES",
      "properties": {
        "evidence_status": "contextual",
        "id": "OSM-NODE-12771885789-COMMERCIAL_SERVICES",
        "layer": "commercial_services",
        "osm_id": 12771885789,
        "osm_type": "node",
        "shop": "laundry"
      },
      "type": "Feature"
    },
    {
      "geometry": {
        "coordinates": [
          116.364326,
          39.958247
        ],
        "type": "Point"
      },
      "id": "OSM-NODE-12794038868-COMMERCIAL_SERVICES",
      "properties": {
        "evidence_status": "contextual",
        "id": "OSM-NODE-12794038868-COMMERCIAL_SERVICES",
        "layer": "commercial_services",
        "name": "京师品阅",
        "osm_id": 12794038868,
        "osm_type": "node",
        "shop": "books"
      },
      "type": "Feature"
    },
    {
      "geometry": {
        "coordinates": [
          116.308685,
          39.976992
        ],
        "type": "Point"
      },
      "id": "OSM-NODE-12798068034-COMMERCIAL_SERVICES",
      "properties": {
        "evidence_status": "contextual",
        "id": "OSM-NODE-12798068034-COMMERCIAL_SERVICES",
        "layer": "commercial_services",
        "name": "MIYA HAIR",
        "osm_id": 12798068034,
        "osm_type": "node",
        "shop": "hairdresser"
      },
      "type": "Feature"
    },
    {
      "geometry": {
        "coordinates": [
          116.337414,
          39.975437
        ],
        "type": "Point"
      },
      "id": "OSM-NODE-12814211148-COMMERCIAL_SERVICES",
      "properties": {
        "amenity": "cafe",
        "evidence_status": "contextual",
        "id": "OSM-NODE-12814211148-COMMERCIAL_SERVICES",
        "layer": "commercial_services",
        "name": "85度C",
        "name:en": "85°C Bakery Cafe",
        "name:zh": "85度C",
        "opening_hours": "07:00-22:00",
        "osm_id": 12814211148,
        "osm_type": "node",
        "shop": "bakery"
      },
      "type": "Feature"
    },
    {
      "geometry": {
        "coordinates": [
          116.30184,
          39.968396
        ],
        "type": "Point"
      },
      "id": "OSM-NODE-12983144551-COMMERCIAL_SERVICES",
      "properties": {
        "evidence_status": "contextual",
        "id": "OSM-NODE-12983144551-COMMERCIAL_SERVICES",
        "layer": "commercial_services",
        "name": "便利蜂",
        "name:en": "Bianlifeng",
        "name:zh": "便利蜂",
        "osm_id": 12983144551,
        "osm_type": "node",
        "shop": "convenience"
      },
      "type": "Feature"
    },
    {
      "geometry": {
        "coordinates": [
          116.307045,
          39.989766
        ],
        "type": "Point"
      },
      "id": "OSM-NODE-13006577029-COMMERCIAL_SERVICES",
      "properties": {
        "evidence_status": "contextual",
        "id": "OSM-NODE-13006577029-COMMERCIAL_SERVICES",
        "layer": "commercial_services",
        "name": "理科一号楼1127室",
        "operator": "北京大学学生铁路文化协会",
        "osm_id": 13006577029,
        "osm_type": "node",
        "shop": "supermarket"
      },
      "type": "Feature"
    },
    {
      "geometry": {
        "coordinates": [
          116.307077,
          39.988515
        ],
        "type": "Point"
      },
      "id": "OSM-NODE-13049621901-COMMERCIAL_SERVICES",
      "properties": {
        "evidence_status": "contextual",
        "id": "OSM-NODE-13049621901-COMMERCIAL_SERVICES",
        "layer": "commercial_services",
        "name": "麦叔的铺子",
        "name:en": "Uncle M's CampusMart",
        "opening_hours": "Mo-Su 07:00-22:30",
        "osm_id": 13049621901,
        "osm_type": "node",
        "shop": "convenience"
      },
      "type": "Feature"
    },
    {
      "geometry": {
        "coordinates": [
          116.362,
          39.936846
        ],
        "type": "Point"
      },
      "id": "OSM-NODE-13091926401-COMMERCIAL_SERVICES",
      "properties": {
        "evidence_status": "contextual",
        "id": "OSM-NODE-13091926401-COMMERCIAL_SERVICES",
        "layer": "commercial_services",
        "name": "冠英园新华书店",
        "osm_id": 13091926401,
        "osm_type": "node",
        "shop": "books"
      },
      "type": "Feature"
    },
    {
      "geometry": {
        "coordinates": [
          116.311987,
          39.969259
        ],
        "type": "Point"
      },
      "id": "OSM-NODE-13172376891-COMMERCIAL_SERVICES",
      "properties": {
        "evidence_status": "contextual",
        "id": "OSM-NODE-13172376891-COMMERCIAL_SERVICES",
        "layer": "commercial_services",
        "osm_id": 13172376891,
        "osm_type": "node",
        "shop": "hairdresser"
      },
      "type": "Feature"
    },
    {
      "geometry": {
        "coordinates": [
          116.306785,
          39.971065
        ],
        "type": "Point"
      },
      "id": "OSM-NODE-13296153105-COMMERCIAL_SERVICES",
      "properties": {
        "evidence_status": "contextual",
        "id": "OSM-NODE-13296153105-COMMERCIAL_SERVICES",
        "layer": "commercial_services",
        "name": "汇贤超市（已停业）",
        "osm_id": 13296153105,
        "osm_type": "node",
        "shop": "supermarket"
      },
      "type": "Feature"
    },
    {
      "geometry": {
        "coordinates": [
          116.366377,
          39.935535
        ],
        "type": "Point"
      },
      "id": "OSM-NODE-13296312422-COMMERCIAL_SERVICES",
      "properties": {
        "evidence_status": "contextual",
        "id": "OSM-NODE-13296312422-COMMERCIAL_SERVICES",
        "layer": "commercial_services",
        "name": "骑意 OOTB 自行车骑行与装备",
        "osm_id": 13296312422,
        "osm_type": "node",
        "shop": "bicycle"
      },
      "type": "Feature"
    },
    {
      "geometry": {
        "coordinates": [
          116.381091,
          40.002487
        ],
        "type": "Point"
      },
      "id": "OSM-NODE-13337857825-COMMERCIAL_SERVICES",
      "properties": {
        "evidence_status": "contextual",
        "id": "OSM-NODE-13337857825-COMMERCIAL_SERVICES",
        "layer": "commercial_services",
        "name": "PAGE ONE",
        "opening_hours": "Mo-Su 10:00-22:00",
        "osm_id": 13337857825,
        "osm_type": "node",
        "shop": "books"
      },
      "type": "Feature"
    },
    {
      "geometry": {
        "coordinates": [
          116.337158,
          39.936367
        ],
        "type": "Point"
      },
      "id": "OSM-NODE-13347153663-COMMERCIAL_SERVICES",
      "properties": {
        "evidence_status": "contextual",
        "id": "OSM-NODE-13347153663-COMMERCIAL_SERVICES",
        "layer": "commercial_services",
        "osm_id": 13347153663,
        "osm_type": "node",
        "shop": "mall"
      },
      "type": "Feature"
    },
    {
      "geometry": {
        "coordinates": [
          116.338944,
          39.936592
        ],
        "type": "Point"
      },
      "id": "OSM-NODE-13347153664-COMMERCIAL_SERVICES",
      "properties": {
        "evidence_status": "contextual",
        "id": "OSM-NODE-13347153664-COMMERCIAL_SERVICES",
        "layer": "commercial_services",
        "osm_id": 13347153664,
        "osm_type": "node",
        "shop": "mall"
      },
      "type": "Feature"
    },
    {
      "geometry": {
        "coordinates": [
          116.389315,
          39.936622
        ],
        "type": "Point"
      },
      "id": "OSM-NODE-13456445349-COMMERCIAL_SERVICES",
      "properties": {
        "evidence_status": "contextual",
        "id": "OSM-NODE-13456445349-COMMERCIAL_SERVICES",
        "layer": "commercial_services",
        "name": "地安门商场",
        "name:en": "Di’anmen Shopping Mall",
        "osm_id": 13456445349,
        "osm_type": "node",
        "shop": "mall"
      },
      "type": "Feature"
    },
    {
      "geometry": {
        "coordinates": [
          116.311082,
          39.981671
        ],
        "type": "Point"
      },
      "id": "OSM-NODE-1362276389-COMMERCIAL_SERVICES",
      "properties": {
        "evidence_status": "contextual",
        "id": "OSM-NODE-1362276389-COMMERCIAL_SERVICES",
        "layer": "commercial_services",
        "name": "物美",
        "name:en": "Wumart",
        "name:zh": "物美",
        "osm_id": 1362276389,
        "osm_type": "node",
        "shop": "supermarket"
      },
      "type": "Feature"
    },
    {
      "geometry": {
        "coordinates": [
          116.339605,
          39.957084
        ],
        "type": "Point"
      },
      "id": "OSM-NODE-1365119929-COMMERCIAL_SERVICES",
      "properties": {
        "evidence_status": "contextual",
        "id": "OSM-NODE-1365119929-COMMERCIAL_SERVICES",
        "layer": "commercial_services",
        "name": "超市发",
        "name:en": "bjcsf",
        "name:zh": "超市发",
        "osm_id": 1365119929,
        "osm_type": "node",
        "shop": "convenience"
      },
      "type": "Feature"
    },
    {
      "geometry": {
        "coordinates": [
          116.316428,
          40.021413
        ],
        "type": "Point"
      },
      "id": "OSM-NODE-13651341947-COMMERCIAL_SERVICES",
      "properties": {
        "evidence_status": "contextual",
        "id": "OSM-NODE-13651341947-COMMERCIAL_SERVICES",
        "layer": "commercial_services",
        "name": "北体理发店",
        "osm_id": 13651341947,
        "osm_type": "node",
        "shop": "hairdresser"
      },
      "type": "Feature"
    },
    {
      "geometry": {
        "coordinates": [
          116.315793,
          40.020406
        ],
        "type": "Point"
      },
      "id": "OSM-NODE-13651359028-COMMERCIAL_SERVICES",
      "properties": {
        "evidence_status": "contextual",
        "id": "OSM-NODE-13651359028-COMMERCIAL_SERVICES",
        "layer": "commercial_services",
        "name": "小白楼超市",
        "osm_id": 13651359028,
        "osm_type": "node",
        "shop": "supermarket"
      },
      "type": "Feature"
    },
    {
      "geometry": {
        "coordinates": [
          116.31712,
          40.020336
        ],
        "type": "Point"
      },
      "id": "OSM-NODE-13651359046-COMMERCIAL_SERVICES",
      "properties": {
        "evidence_status": "contextual",
        "id": "OSM-NODE-13651359046-COMMERCIAL_SERVICES",
        "layer": "commercial_services",
        "name": "冠军书店",
        "osm_id": 13651359046,
        "osm_type": "node",
        "shop": "books"
      },
      "type": "Feature"
    },
    {
      "geometry": {
        "coordinates": [
          116.30756,
          39.971657
        ],
        "type": "Point"
      },
      "id": "OSM-NODE-13730230256-COMMERCIAL_SERVICES",
      "properties": {
        "evidence_status": "contextual",
        "id": "OSM-NODE-13730230256-COMMERCIAL_SERVICES",
        "layer": "commercial_services",
        "name": "明德书店",
        "osm_id": 13730230256,
        "osm_type": "node",
        "shop": "books"
      },
      "type": "Feature"
    },
    {
      "geometry": {
        "coordinates": [
          116.303298,
          40.006349
        ],
        "type": "Point"
      },
      "id": "OSM-NODE-13859999902-COMMERCIAL_SERVICES",
      "properties": {
        "evidence_status": "contextual",
        "id": "OSM-NODE-13859999902-COMMERCIAL_SERVICES",
        "layer": "commercial_services",
        "name": "涵月楼",
        "osm_id": 13859999902,
        "osm_type": "node",
        "shop": "convenience"
      },
      "type": "Feature"
    },
    {
      "geometry": {
        "coordinates": [
          116.376147,
          39.996221
        ],
        "type": "Point"
      },
      "id": "OSM-NODE-13982873430-COMMERCIAL_SERVICES",
      "properties": {
        "evidence_status": "contextual",
        "id": "OSM-NODE-13982873430-COMMERCIAL_SERVICES",
        "layer": "commercial_services",
        "name": "烟酒商行",
        "osm_id": 13982873430,
        "osm_type": "node",
        "shop": "department_store"
      },
      "type": "Feature"
    },
    {
      "geometry": {
        "coordinates": [
          116.376061,
          39.996208
        ],
        "type": "Point"
      },
      "id": "OSM-NODE-13982873526-COMMERCIAL_SERVICES",
      "properties": {
        "evidence_status": "contextual",
        "id": "OSM-NODE-13982873526-COMMERCIAL_SERVICES",
        "layer": "commercial_services",
        "name": "远方造型",
        "osm_id": 13982873526,
        "osm_type": "node",
        "shop": "hairdresser"
      },
      "type": "Feature"
    },
    {
      "geometry": {
        "coordinates": [
          116.329516,
          39.991163
        ],
        "type": "Point"
      },
      "id": "OSM-NODE-1559640202-COMMERCIAL_SERVICES",
      "properties": {
        "evidence_status": "contextual",
        "id": "OSM-NODE-1559640202-COMMERCIAL_SERVICES",
        "layer": "commercial_services",
        "name": "华润万家",
        "name:zh": "华润万家",
        "osm_id": 1559640202,
        "osm_type": "node",
        "shop": "convenience"
      },
      "type": "Feature"
    },
    {
      "geometry": {
        "coordinates": [
          116.365166,
          39.945786
        ],
        "type": "Point"
      },
      "id": "OSM-NODE-1655437514-COMMERCIAL_SERVICES",
      "properties": {
        "evidence_status": "contextual",
        "id": "OSM-NODE-1655437514-COMMERCIAL_SERVICES",
        "layer": "commercial_services",
        "name": "物美超市新街口店",
        "osm_id": 1655437514,
        "osm_type": "node",
        "shop": "supermarket"
      },
      "type": "Feature"
    },
    {
      "geometry": {
        "coordinates": [
          116.321012,
          40.051309
        ],
        "type": "Point"
      },
      "id": "OSM-NODE-1739043518-COMMERCIAL_SERVICES",
      "properties": {
        "evidence_status": "contextual",
        "id": "OSM-NODE-1739043518-COMMERCIAL_SERVICES",
        "layer": "commercial_services",
        "name": "美廉美超市",
        "osm_id": 1739043518,
        "osm_type": "node",
        "shop": "supermarket"
      },
      "type": "Feature"
    },
    {
      "geometry": {
        "coordinates": [
          116.31855,
          39.991521
        ],
        "type": "Point"
      },
      "id": "OSM-NODE-1747551903-COMMERCIAL_SERVICES",
      "properties": {
        "evidence_status": "contextual",
        "id": "OSM-NODE-1747551903-COMMERCIAL_SERVICES",
        "layer": "commercial_services",
        "name": "博士园养发",
        "name:zh": "博士园养发",
        "osm_id": 1747551903,
        "osm_type": "node",
        "shop": "hairdresser"
      },
      "type": "Feature"
    },
    {
      "geometry": {
        "coordinates": [
          116.318403,
          39.991517
        ],
        "type": "Point"
      },
      "id": "OSM-NODE-1747551906-COMMERCIAL_SERVICES",
      "properties": {
        "evidence_status": "contextual",
        "id": "OSM-NODE-1747551906-COMMERCIAL_SERVICES",
        "layer": "commercial_services",
        "name": "尤萨洗衣",
        "name:zh": "尤萨洗衣",
        "osm_id": 1747551906,
        "osm_type": "node",
        "shop": "laundry"
      },
      "type": "Feature"
    },
    {
      "geometry": {
        "coordinates": [
          116.359448,
          39.94549
        ],
        "type": "Point"
      },
      "id": "OSM-NODE-1748294888-COMMERCIAL_SERVICES",
      "properties": {
        "evidence_status": "contextual",
        "id": "OSM-NODE-1748294888-COMMERCIAL_SERVICES",
        "layer": "commercial_services",
        "osm_id": 1748294888,
        "osm_type": "node",
        "shop": "convenience"
      },
      "type": "Feature"
    },
    {
      "geometry": {
        "coordinates": [
          116.349486,
          40.005893
        ],
        "type": "Point"
      },
      "id": "OSM-NODE-1785606323-COMMERCIAL_SERVICES",
      "properties": {
        "evidence_status": "contextual",
        "id": "OSM-NODE-1785606323-COMMERCIAL_SERVICES",
        "layer": "commercial_services",
        "osm_id": 1785606323,
        "osm_type": "node",
        "shop": "convenience"
      },
      "type": "Feature"
    },
    {
      "geometry": {
        "coordinates": [
          116.348745,
          40.004338
        ],
        "type": "Point"
      },
      "id": "OSM-NODE-1785666984-COMMERCIAL_SERVICES",
      "properties": {
        "evidence_status": "contextual",
        "id": "OSM-NODE-1785666984-COMMERCIAL_SERVICES",
        "layer": "commercial_services",
        "osm_id": 1785666984,
        "osm_type": "node",
        "shop": "convenience"
      },
      "type": "Feature"
    },
    {
      "geometry": {
        "coordinates": [
          116.354184,
          40.000137
        ],
        "type": "Point"
      },
      "id": "OSM-NODE-1785669779-COMMERCIAL_SERVICES",
      "properties": {
        "evidence_status": "contextual",
        "id": "OSM-NODE-1785669779-COMMERCIAL_SERVICES",
        "layer": "commercial_services",
        "osm_id": 1785669779,
        "osm_type": "node",
        "shop": "bakery"
      },
      "type": "Feature"
    },
    {
      "geometry": {
        "coordinates": [
          116.354785,
          40.000165
        ],
        "type": "Point"
      },
      "id": "OSM-NODE-1785670022-COMMERCIAL_SERVICES",
      "properties": {
        "evidence_status": "contextual",
        "id": "OSM-NODE-1785670022-COMMERCIAL_SERVICES",
        "layer": "commercial_services",
        "osm_id": 1785670022,
        "osm_type": "node",
        "shop": "hairdresser"
      },
      "type": "Feature"
    },
    {
      "geometry": {
        "coordinates": [
          116.355092,
          40.000855
        ],
        "type": "Point"
      },
      "id": "OSM-NODE-1785691574-COMMERCIAL_SERVICES",
      "properties": {
        "evidence_status": "contextual",
        "id": "OSM-NODE-1785691574-COMMERCIAL_SERVICES",
        "layer": "commercial_services",
        "osm_id": 1785691574,
        "osm_type": "node",
        "shop": "convenience"
      },
      "type": "Feature"
    },
    {
      "geometry": {
        "coordinates": [
          116.355117,
          40.000639
        ],
        "type": "Point"
      },
      "id": "OSM-NODE-1785692646-COMMERCIAL_SERVICES",
      "properties": {
        "evidence_status": "contextual",
        "id": "OSM-NODE-1785692646-COMMERCIAL_SERVICES",
        "layer": "commercial_services",
        "osm_id": 1785692646,
        "osm_type": "node",
        "shop": "convenience"
      },
      "type": "Feature"
    },
    {
      "geometry": {
        "coordinates": [
          116.355102,
          40.00074
        ],
        "type": "Point"
      },
      "id": "OSM-NODE-1785694198-COMMERCIAL_SERVICES",
      "properties": {
        "evidence_status": "contextual",
        "id": "OSM-NODE-1785694198-COMMERCIAL_SERVICES",
        "layer": "commercial_services",
        "osm_id": 1785694198,
        "osm_type": "node",
        "shop": "books"
      },
      "type": "Feature"
    },
    {
      "geometry": {
        "coordinates": [
          116.355531,
          40.001423
        ],
        "type": "Point"
      },
      "id": "OSM-NODE-1785697766-COMMERCIAL_SERVICES",
      "properties": {
        "evidence_status": "contextual",
        "id": "OSM-NODE-1785697766-COMMERCIAL_SERVICES",
        "layer": "commercial_services",
        "osm_id": 1785697766,
        "osm_type": "node",
        "shop": "convenience"
      },
      "type": "Feature"
    },
    {
      "geometry": {
        "coordinates": [
          116.353262,
          40.000473
        ],
        "type": "Point"
      },
      "id": "OSM-NODE-1785697813-COMMERCIAL_SERVICES",
      "properties": {
        "evidence_status": "contextual",
        "id": "OSM-NODE-1785697813-COMMERCIAL_SERVICES",
        "layer": "commercial_services",
        "osm_id": 1785697813,
        "osm_type": "node",
        "shop": "convenience"
      },
      "type": "Feature"
    },
    {
      "geometry": {
        "coordinates": [
          116.355761,
          40.00208
        ],
        "type": "Point"
      },
      "id": "OSM-NODE-1785698212-COMMERCIAL_SERVICES",
      "properties": {
        "evidence_status": "contextual",
        "id": "OSM-NODE-1785698212-COMMERCIAL_SERVICES",
        "layer": "commercial_services",
        "osm_id": 1785698212,
        "osm_type": "node",
        "shop": "convenience"
      },
      "type": "Feature"
    },
    {
      "geometry": {
        "coordinates": [
          116.353873,
          40.004102
        ],
        "type": "Point"
      },
      "id": "OSM-NODE-1785698522-COMMERCIAL_SERVICES",
      "properties": {
        "evidence_status": "contextual",
        "id": "OSM-NODE-1785698522-COMMERCIAL_SERVICES",
        "layer": "commercial_services",
        "osm_id": 1785698522,
        "osm_type": "node",
        "shop": "convenience"
      },
      "type": "Feature"
    },
    {
      "geometry": {
        "coordinates": [
          116.347265,
          40.002723
        ],
        "type": "Point"
      },
      "id": "OSM-NODE-1785717574-COMMERCIAL_SERVICES",
      "properties": {
        "evidence_status": "contextual",
        "id": "OSM-NODE-1785717574-COMMERCIAL_SERVICES",
        "layer": "commercial_services",
        "osm_id": 1785717574,
        "osm_type": "node",
        "shop": "laundry"
      },
      "type": "Feature"
    },
    {
      "geometry": {
        "coordinates": [
          116.356379,
          40.001484
        ],
        "type": "Point"
      },
      "id": "OSM-NODE-1785734491-COMMERCIAL_SERVICES",
      "properties": {
        "evidence_status": "contextual",
        "id": "OSM-NODE-1785734491-COMMERCIAL_SERVICES",
        "layer": "commercial_services",
        "osm_id": 1785734491,
        "osm_type": "node",
        "shop": "hairdresser"
      },
      "type": "Feature"
    },
    {
      "geometry": {
        "coordinates": [
          116.353916,
          40.000374
        ],
        "type": "Point"
      },
      "id": "OSM-NODE-1785745564-COMMERCIAL_SERVICES",
      "properties": {
        "evidence_status": "contextual",
        "id": "OSM-NODE-1785745564-COMMERCIAL_SERVICES",
        "layer": "commercial_services",
        "osm_id": 1785745564,
        "osm_type": "node",
        "shop": "bakery"
      },
      "type": "Feature"
    },
    {
      "geometry": {
        "coordinates": [
          116.346803,
          40.00394
        ],
        "type": "Point"
      },
      "id": "OSM-NODE-1787108604-COMMERCIAL_SERVICES",
      "properties": {
        "evidence_status": "contextual",
        "id": "OSM-NODE-1787108604-COMMERCIAL_SERVICES",
        "layer": "commercial_services",
        "osm_id": 1787108604,
        "osm_type": "node",
        "shop": "convenience"
      },
      "type": "Feature"
    },
    {
      "geometry": {
        "coordinates": [
          116.346819,
          40.00327
        ],
        "type": "Point"
      },
      "id": "OSM-NODE-1787108651-COMMERCIAL_SERVICES",
      "properties": {
        "evidence_status": "contextual",
        "id": "OSM-NODE-1787108651-COMMERCIAL_SERVICES",
        "layer": "commercial_services",
        "osm_id": 1787108651,
        "osm_type": "node",
        "shop": "convenience"
      },
      "type": "Feature"
    },
    {
      "geometry": {
        "coordinates": [
          116.351293,
          40.002156
        ],
        "type": "Point"
      },
      "id": "OSM-NODE-1787117100-COMMERCIAL_SERVICES",
      "properties": {
        "evidence_status": "contextual",
        "id": "OSM-NODE-1787117100-COMMERCIAL_SERVICES",
        "layer": "commercial_services",
        "osm_id": 1787117100,
        "osm_type": "node",
        "shop": "convenience"
      },
      "type": "Feature"
    },
    {
      "geometry": {
        "coordinates": [
          116.350907,
          40.003422
        ],
        "type": "Point"
      },
      "id": "OSM-NODE-1787117113-COMMERCIAL_SERVICES",
      "properties": {
        "evidence_status": "contextual",
        "id": "OSM-NODE-1787117113-COMMERCIAL_SERVICES",
        "layer": "commercial_services",
        "osm_id": 1787117113,
        "osm_type": "node",
        "shop": "convenience"
      },
      "type": "Feature"
    },
    {
      "geometry": {
        "coordinates": [
          116.349319,
          40.001351
        ],
        "type": "Point"
      },
      "id": "OSM-NODE-1787117166-COMMERCIAL_SERVICES",
      "properties": {
        "evidence_status": "contextual",
        "id": "OSM-NODE-1787117166-COMMERCIAL_SERVICES",
        "layer": "commercial_services",
        "osm_id": 1787117166,
        "osm_type": "node",
        "shop": "convenience"
      },
      "type": "Feature"
    },
    {
      "geometry": {
        "coordinates": [
          116.348139,
          40.003669
        ],
        "type": "Point"
      },
      "id": "OSM-NODE-1787118713-COMMERCIAL_SERVICES",
      "properties": {
        "evidence_status": "contextual",
        "id": "OSM-NODE-1787118713-COMMERCIAL_SERVICES",
        "layer": "commercial_services",
        "osm_id": 1787118713,
        "osm_type": "node",
        "shop": "hairdresser"
      },
      "type": "Feature"
    },
    {
      "geometry": {
        "coordinates": [
          116.348654,
          40.004014
        ],
        "type": "Point"
      },
      "id": "OSM-NODE-1787119087-COMMERCIAL_SERVICES",
      "properties": {
        "evidence_status": "contextual",
        "id": "OSM-NODE-1787119087-COMMERCIAL_SERVICES",
        "layer": "commercial_services",
        "osm_id": 1787119087,
        "osm_type": "node",
        "shop": "convenience"
      },
      "type": "Feature"
    },
    {
      "geometry": {
        "coordinates": [
          116.349442,
          40.004577
        ],
        "type": "Point"
      },
      "id": "OSM-NODE-1787120409-COMMERCIAL_SERVICES",
      "properties": {
        "evidence_status": "contextual",
        "id": "OSM-NODE-1787120409-COMMERCIAL_SERVICES",
        "layer": "commercial_services",
        "osm_id": 1787120409,
        "osm_type": "node",
        "shop": "bicycle"
      },
      "type": "Feature"
    },
    {
      "geometry": {
        "coordinates": [
          116.348933,
          40.005403
        ],
        "type": "Point"
      },
      "id": "OSM-NODE-1787125466-COMMERCIAL_SERVICES",
      "properties": {
        "evidence_status": "contextual",
        "id": "OSM-NODE-1787125466-COMMERCIAL_SERVICES",
        "layer": "commercial_services",
        "osm_id": 1787125466,
        "osm_type": "node",
        "shop": "hairdresser"
      },
      "type": "Feature"
    },
    {
      "geometry": {
        "coordinates": [
          116.351193,
          40.007033
        ],
        "type": "Point"
      },
      "id": "OSM-NODE-1787479971-COMMERCIAL_SERVICES",
      "properties": {
        "evidence_status": "contextual",
        "id": "OSM-NODE-1787479971-COMMERCIAL_SERVICES",
        "layer": "commercial_services",
        "osm_id": 1787479971,
        "osm_type": "node",
        "shop": "greengrocer"
      },
      "type": "Feature"
    },
    {
      "geometry": {
        "coordinates": [
          116.346239,
          39.999372
        ],
        "type": "Point"
      },
      "id": "OSM-NODE-1787512384-COMMERCIAL_SERVICES",
      "properties": {
        "evidence_status": "contextual",
        "id": "OSM-NODE-1787512384-COMMERCIAL_SERVICES",
        "layer": "commercial_services",
        "osm_id": 1787512384,
        "osm_type": "node",
        "shop": "bicycle"
      },
      "type": "Feature"
    },
    {
      "geometry": {
        "coordinates": [
          116.344753,
          39.999133
        ],
        "type": "Point"
      },
      "id": "OSM-NODE-1787514295-COMMERCIAL_SERVICES",
      "properties": {
        "evidence_status": "contextual",
        "id": "OSM-NODE-1787514295-COMMERCIAL_SERVICES",
        "layer": "commercial_services",
        "osm_id": 1787514295,
        "osm_type": "node",
        "shop": "convenience"
      },
      "type": "Feature"
    },
    {
      "geometry": {
        "coordinates": [
          116.345788,
          39.999955
        ],
        "type": "Point"
      },
      "id": "OSM-NODE-1787515230-COMMERCIAL_SERVICES",
      "properties": {
        "evidence_status": "contextual",
        "id": "OSM-NODE-1787515230-COMMERCIAL_SERVICES",
        "layer": "commercial_services",
        "osm_id": 1787515230,
        "osm_type": "node",
        "shop": "books"
      },
      "type": "Feature"
    },
    {
      "geometry": {
        "coordinates": [
          116.310415,
          39.986209
        ],
        "type": "Point"
      },
      "id": "OSM-NODE-1817782006-COMMERCIAL_SERVICES",
      "properties": {
        "evidence_status": "contextual",
        "id": "OSM-NODE-1817782006-COMMERCIAL_SERVICES",
        "layer": "commercial_services",
        "name": "快客",
        "name:zh": "快客",
        "opening_hours": "24/7",
        "osm_id": 1817782006,
        "osm_type": "node",
        "shop": "convenience"
      },
      "type": "Feature"
    },
    {
      "geometry": {
        "coordinates": [
          116.368332,
          39.999732
        ],
        "type": "Point"
      },
      "id": "OSM-NODE-1864010511-COMMERCIAL_SERVICES",
      "properties": {
        "evidence_status": "contextual",
        "id": "OSM-NODE-1864010511-COMMERCIAL_SERVICES",
        "layer": "commercial_services",
        "name": "物美",
        "name:en": "Wumart",
        "name:zh": "物美",
        "osm_id": 1864010511,
        "osm_type": "node",
        "shop": "supermarket"
      },
      "type": "Feature"
    },
    {
      "geometry": {
        "coordinates": [
          116.328853,
          40.037511
        ],
        "type": "Point"
      },
      "id": "OSM-NODE-1877955204-COMMERCIAL_SERVICES",
      "properties": {
        "evidence_status": "contextual",
        "id": "OSM-NODE-1877955204-COMMERCIAL_SERVICES",
        "layer": "commercial_services",
        "name": "华润万家便利店",
        "osm_id": 1877955204,
        "osm_type": "node",
        "shop": "convenience"
      },
      "type": "Feature"
    },
    {
      "geometry": {
        "coordinates": [
          116.328872,
          40.03748
        ],
        "type": "Point"
      },
      "id": "OSM-NODE-1877955211-COMMERCIAL_SERVICES",
      "properties": {
        "evidence_status": "contextual",
        "id": "OSM-NODE-1877955211-COMMERCIAL_SERVICES",
        "layer": "commercial_services",
        "name": "物美便利店",
        "opening_hours": "24/7",
        "osm_id": 1877955211,
        "osm_type": "node",
        "shop": "convenience"
      },
      "type": "Feature"
    },
    {
      "geometry": {
        "coordinates": [
          116.319335,
          39.943043
        ],
        "type": "Point"
      },
      "id": "OSM-NODE-1950361173-COMMERCIAL_SERVICES",
      "properties": {
        "evidence_status": "contextual",
        "id": "OSM-NODE-1950361173-COMMERCIAL_SERVICES",
        "layer": "commercial_services",
        "name:en": "Good Neighbors",
        "name:zh": "好邻居便利店",
        "opening_hours": "24/7",
        "osm_id": 1950361173,
        "osm_type": "node",
        "shop": "convenience"
      },
      "type": "Feature"
    },
    {
      "geometry": {
        "coordinates": [
          116.331552,
          39.977408
        ],
        "type": "Point"
      },
      "id": "OSM-NODE-2059690902-COMMERCIAL_SERVICES",
      "properties": {
        "evidence_status": "contextual",
        "id": "OSM-NODE-2059690902-COMMERCIAL_SERVICES",
        "layer": "commercial_services",
        "name": "7-Eleven",
        "name:en": "7-Eleven",
        "osm_id": 2059690902,
        "osm_type": "node",
        "shop": "convenience"
      },
      "type": "Feature"
    },
    {
      "geometry": {
        "coordinates": [
          116.378017,
          39.996233
        ],
        "type": "Point"
      },
      "id": "OSM-NODE-2185477854-COMMERCIAL_SERVICES",
      "properties": {
        "evidence_status": "contextual",
        "id": "OSM-NODE-2185477854-COMMERCIAL_SERVICES",
        "layer": "commercial_services",
        "name": "沃土生鲜",
        "name:zh": "沃土生鲜",
        "osm_id": 2185477854,
        "osm_type": "node",
        "shop": "convenience"
      },
      "type": "Feature"
    },
    {
      "geometry": {
        "coordinates": [
          116.300094,
          39.980805
        ],
        "type": "Point"
      },
      "id": "OSM-NODE-2189226489-COMMERCIAL_SERVICES",
      "properties": {
        "evidence_status": "contextual",
        "id": "OSM-NODE-2189226489-COMMERCIAL_SERVICES",
        "layer": "commercial_services",
        "name": "味多美",
        "name:en": "Wedome",
        "name:zh": "味多美",
        "osm_id": 2189226489,
        "osm_type": "node",
        "shop": "bakery"
      },
      "type": "Feature"
    },
    {
      "geometry": {
        "coordinates": [
          116.376015,
          39.950139
        ],
        "type": "Point"
      },
      "id": "OSM-NODE-2288050450-COMMERCIAL_SERVICES",
      "properties": {
        "evidence_status": "contextual",
        "id": "OSM-NODE-2288050450-COMMERCIAL_SERVICES",
        "layer": "commercial_services",
        "name": "张思佳食品店",
        "osm_id": 2288050450,
        "osm_type": "node",
        "shop": "convenience"
      },
      "type": "Feature"
    },
    {
      "geometry": {
        "coordinates": [
          116.306301,
          40.031172
        ],
        "type": "Point"
      },
      "id": "OSM-NODE-2291485136-COMMERCIAL_SERVICES",
      "properties": {
        "evidence_status": "contextual",
        "id": "OSM-NODE-2291485136-COMMERCIAL_SERVICES",
        "layer": "commercial_services",
        "name": "金凤呈祥",
        "osm_id": 2291485136,
        "osm_type": "node",
        "shop": "bakery"
      },
      "type": "Feature"
    },
    {
      "geometry": {
        "coordinates": [
          116.3571,
          39.957803
        ],
        "type": "Point"
      },
      "id": "OSM-NODE-2418520392-COMMERCIAL_SERVICES",
      "properties": {
        "evidence_status": "contextual",
        "id": "OSM-NODE-2418520392-COMMERCIAL_SERVICES",
        "layer": "commercial_services",
        "name": "学子超市",
        "name:zh": "学子超市",
        "osm_id": 2418520392,
        "osm_type": "node",
        "shop": "convenience"
      },
      "type": "Feature"
    },
    {
      "geometry": {
        "coordinates": [
          116.387692,
          39.999347
        ],
        "type": "Point"
      },
      "id": "OSM-NODE-2463551623-COMMERCIAL_SERVICES",
      "properties": {
        "evidence_status": "contextual",
        "id": "OSM-NODE-2463551623-COMMERCIAL_SERVICES",
        "layer": "commercial_services",
        "name": "天虹百货",
        "name:zh": "天虹百货",
        "osm_id": 2463551623,
        "osm_type": "node",
        "shop": "mall"
      },
      "type": "Feature"
    },
    {
      "geometry": {
        "coordinates": [
          116.326177,
          39.992596
        ],
        "type": "Point"
      },
      "id": "OSM-NODE-2470669432-COMMERCIAL_SERVICES",
      "properties": {
        "evidence_status": "contextual",
        "id": "OSM-NODE-2470669432-COMMERCIAL_SERVICES",
        "layer": "commercial_services",
        "name": "7-Eleven",
        "osm_id": 2470669432,
        "osm_type": "node",
        "shop": "convenience"
      },
      "type": "Feature"
    },
    {
      "geometry": {
        "coordinates": [
          116.306314,
          39.983073
        ],
        "type": "Point"
      },
      "id": "OSM-NODE-2470681975-COMMERCIAL_SERVICES",
      "properties": {
        "evidence_status": "contextual",
        "id": "OSM-NODE-2470681975-COMMERCIAL_SERVICES",
        "layer": "commercial_services",
        "name": "7-Eleven",
        "osm_id": 2470681975,
        "osm_type": "node",
        "shop": "convenience"
      },
      "type": "Feature"
    },
    {
      "geometry": {
        "coordinates": [
          116.345912,
          39.996956
        ],
        "type": "Point"
      },
      "id": "OSM-NODE-2621131373-COMMERCIAL_SERVICES",
      "properties": {
        "evidence_status": "contextual",
        "id": "OSM-NODE-2621131373-COMMERCIAL_SERVICES",
        "layer": "commercial_services",
        "name": "幸福超市",
        "name:zh": "幸福超市",
        "osm_id": 2621131373,
        "osm_type": "node",
        "shop": "supermarket"
      },
      "type": "Feature"
    },
    {
      "geometry": {
        "coordinates": [
          116.372611,
          40.000011
        ],
        "type": "Point"
      },
      "id": "OSM-NODE-2621160951-COMMERCIAL_SERVICES",
      "properties": {
        "evidence_status": "contextual",
        "id": "OSM-NODE-2621160951-COMMERCIAL_SERVICES",
        "layer": "commercial_services",
        "name": "果蔬优品",
        "name:zh": "果蔬优品",
        "osm_id": 2621160951,
        "osm_type": "node",
        "shop": "greengrocer"
      },
      "type": "Feature"
    },
    {
      "geometry": {
        "coordinates": [
          116.378122,
          40.000136
        ],
        "type": "Point"
      },
      "id": "OSM-NODE-2621160958-COMMERCIAL_SERVICES",
      "properties": {
        "evidence_status": "contextual",
        "id": "OSM-NODE-2621160958-COMMERCIAL_SERVICES",
        "layer": "commercial_services",
        "osm_id": 2621160958,
        "osm_type": "node",
        "shop": "convenience"
      },
      "type": "Feature"
    },
    {
      "geometry": {
        "coordinates": [
          116.378241,
          40.000135
        ],
        "type": "Point"
      },
      "id": "OSM-NODE-2621160959-COMMERCIAL_SERVICES",
      "properties": {
        "evidence_status": "contextual",
        "id": "OSM-NODE-2621160959-COMMERCIAL_SERVICES",
        "layer": "commercial_services",
        "osm_id": 2621160959,
        "osm_type": "node",
        "shop": "greengrocer"
      },
      "type": "Feature"
    },
    {
      "geometry": {
        "coordinates": [
          116.346001,
          40.002922
        ],
        "type": "Point"
      },
      "id": "OSM-NODE-2623025030-COMMERCIAL_SERVICES",
      "properties": {
        "evidence_status": "contextual",
        "id": "OSM-NODE-2623025030-COMMERCIAL_SERVICES",
        "layer": "commercial_services",
        "name": "all day 24小时便利店",
        "name:zh": "all day 24小时便利店",
        "osm_id": 2623025030,
        "osm_type": "node",
        "shop": "convenience"
      },
      "type": "Feature"
    },
    {
      "geometry": {
        "coordinates": [
          116.328642,
          39.99492
        ],
        "type": "Point"
      },
      "id": "OSM-NODE-2623032899-COMMERCIAL_SERVICES",
      "properties": {
        "evidence_status": "contextual",
        "id": "OSM-NODE-2623032899-COMMERCIAL_SERVICES",
        "layer": "commercial_services",
        "name": "7-Eleven",
        "name:en": "7-Eleven",
        "osm_id": 2623032899,
        "osm_type": "node",
        "shop": "convenience"
      },
      "type": "Feature"
    },
    {
      "geometry": {
        "coordinates": [
          116.377919,
          40.00027
        ],
        "type": "Point"
      },
      "id": "OSM-NODE-2743781508-COMMERCIAL_SERVICES",
      "properties": {
        "evidence_status": "contextual",
        "id": "OSM-NODE-2743781508-COMMERCIAL_SERVICES",
        "layer": "commercial_services",
        "name": "好邻居便利店",
        "name:en": "Good Neighbors",
        "name:zh": "好邻居便利店",
        "osm_id": 2743781508,
        "osm_type": "node",
        "shop": "convenience"
      },
      "type": "Feature"
    },
    {
      "geometry": {
        "coordinates": [
          116.387944,
          39.998717
        ],
        "type": "Point"
      },
      "id": "OSM-NODE-2753471007-COMMERCIAL_SERVICES",
      "properties": {
        "evidence_status": "contextual",
        "id": "OSM-NODE-2753471007-COMMERCIAL_SERVICES",
        "layer": "commercial_services",
        "name": "新奥购物中心",
        "name:zh": "新奥购物中心",
        "osm_id": 2753471007,
        "osm_type": "node",
        "shop": "mall"
      },
      "type": "Feature"
    },
    {
      "geometry": {
        "coordinates": [
          116.369126,
          40.003193
        ],
        "type": "Point"
      },
      "id": "OSM-NODE-2783255458-COMMERCIAL_SERVICES",
      "properties": {
        "evidence_status": "contextual",
        "id": "OSM-NODE-2783255458-COMMERCIAL_SERVICES",
        "layer": "commercial_services",
        "name": "超市发",
        "name:en": "CSF Market",
        "name:zh": "超市发",
        "osm_id": 2783255458,
        "osm_type": "node",
        "shop": "supermarket"
      },
      "type": "Feature"
    },
    {
      "geometry": {
        "coordinates": [
          116.340308,
          40.014145
        ],
        "type": "Point"
      },
      "id": "OSM-NODE-2823802701-COMMERCIAL_SERVICES",
      "properties": {
        "evidence_status": "contextual",
        "id": "OSM-NODE-2823802701-COMMERCIAL_SERVICES",
        "layer": "commercial_services",
        "name": "物美",
        "name:en": "Wumart",
        "name:zh": "物美",
        "osm_id": 2823802701,
        "osm_type": "node",
        "shop": "supermarket"
      },
      "type": "Feature"
    },
    {
      "geometry": {
        "coordinates": [
          116.301983,
          40.034733
        ],
        "type": "Point"
      },
      "id": "OSM-NODE-289094945-COMMERCIAL_SERVICES",
      "properties": {
        "evidence_status": "contextual",
        "id": "OSM-NODE-289094945-COMMERCIAL_SERVICES",
        "layer": "commercial_services",
        "osm_id": 289094945,
        "osm_type": "node",
        "shop": "convenience"
      },
      "type": "Feature"
    },
    {
      "geometry": {
        "coordinates": [
          116.305169,
          40.037407
        ],
        "type": "Point"
      },
      "id": "OSM-NODE-290953000-COMMERCIAL_SERVICES",
      "properties": {
        "evidence_status": "contextual",
        "id": "OSM-NODE-290953000-COMMERCIAL_SERVICES",
        "layer": "commercial_services",
        "osm_id": 290953000,
        "osm_type": "node",
        "shop": "convenience"
      },
      "type": "Feature"
    },
    {
      "geometry": {
        "coordinates": [
          116.375914,
          40.000225
        ],
        "type": "Point"
      },
      "id": "OSM-NODE-2919671201-COMMERCIAL_SERVICES",
      "properties": {
        "evidence_status": "contextual",
        "id": "OSM-NODE-2919671201-COMMERCIAL_SERVICES",
        "layer": "commercial_services",
        "name": "瑞连果园",
        "name:zh": "瑞连果园",
        "osm_id": 2919671201,
        "osm_type": "node",
        "shop": "greengrocer"
      },
      "type": "Feature"
    },
    {
      "geometry": {
        "coordinates": [
          116.375692,
          40.000221
        ],
        "type": "Point"
      },
      "id": "OSM-NODE-2919681739-COMMERCIAL_SERVICES",
      "properties": {
        "evidence_status": "contextual",
        "id": "OSM-NODE-2919681739-COMMERCIAL_SERVICES",
        "layer": "commercial_services",
        "name": "审美美容美发",
        "name:zh": "审美美容美发",
        "osm_id": 2919681739,
        "osm_type": "node",
        "shop": "hairdresser"
      },
      "type": "Feature"
    },
    {
      "geometry": {
        "coordinates": [
          116.377037,
          40.000252
        ],
        "type": "Point"
      },
      "id": "OSM-NODE-2926924002-COMMERCIAL_SERVICES",
      "properties": {
        "evidence_status": "contextual",
        "id": "OSM-NODE-2926924002-COMMERCIAL_SERVICES",
        "layer": "commercial_services",
        "name": "丽尚国际造型",
        "name:zh": "丽尚国际造型",
        "osm_id": 2926924002,
        "osm_type": "node",
        "shop": "hairdresser"
      },
      "type": "Feature"
    },
    {
      "geometry": {
        "coordinates": [
          116.394911,
          39.996191
        ],
        "type": "Point"
      },
      "id": "OSM-NODE-2941803501-COMMERCIAL_SERVICES",
      "properties": {
        "evidence_status": "contextual",
        "id": "OSM-NODE-2941803501-COMMERCIAL_SERVICES",
        "layer": "commercial_services",
        "name": "京客隆",
        "name:en": "Jingkelong",
        "name:zh": "京客隆",
        "osm_id": 2941803501,
        "osm_type": "node",
        "shop": "supermarket"
      },
      "type": "Feature"
    },
    {
      "geometry": {
        "coordinates": [
          116.371586,
          40.000071
        ],
        "type": "Point"
      },
      "id": "OSM-NODE-2980466433-COMMERCIAL_SERVICES",
      "properties": {
        "evidence_status": "contextual",
        "id": "OSM-NODE-2980466433-COMMERCIAL_SERVICES",
        "layer": "commercial_services",
        "name": "果园老农",
        "name:zh": "果园老农",
        "osm_id": 2980466433,
        "osm_type": "node",
        "shop": "greengrocer"
      },
      "type": "Feature"
    },
    {
      "geometry": {
        "coordinates": [
          116.371651,
          40.000038
        ],
        "type": "Point"
      },
      "id": "OSM-NODE-2980467834-COMMERCIAL_SERVICES",
      "properties": {
        "evidence_status": "contextual",
        "id": "OSM-NODE-2980467834-COMMERCIAL_SERVICES",
        "layer": "commercial_services",
        "name": "烟酒茶超市",
        "name:zh": "烟酒茶超市",
        "osm_id": 2980467834,
        "osm_type": "node",
        "shop": "convenience"
      },
      "type": "Feature"
    },
    {
      "geometry": {
        "coordinates": [
          116.371737,
          40.000087
        ],
        "type": "Point"
      },
      "id": "OSM-NODE-2980469834-COMMERCIAL_SERVICES",
      "properties": {
        "evidence_status": "contextual",
        "id": "OSM-NODE-2980469834-COMMERCIAL_SERVICES",
        "layer": "commercial_services",
        "name": "我的美丽第一站",
        "name:zh": "我的美丽第一站",
        "osm_id": 2980469834,
        "osm_type": "node",
        "shop": "chemist"
      },
      "type": "Feature"
    },
    {
      "geometry": {
        "coordinates": [
          116.372166,
          40.000071
        ],
        "type": "Point"
      },
      "id": "OSM-NODE-2980474934-COMMERCIAL_SERVICES",
      "properties": {
        "evidence_status": "contextual",
        "id": "OSM-NODE-2980474934-COMMERCIAL_SERVICES",
        "layer": "commercial_services",
        "name": "恒美康美业连锁机构",
        "name:zh": "恒美康美业连锁机构",
        "osm_id": 2980474934,
        "osm_type": "node",
        "shop": "hairdresser"
      },
      "type": "Feature"
    },
    {
      "geometry": {
        "coordinates": [
          116.371822,
          39.995698
        ],
        "type": "Point"
      },
      "id": "OSM-NODE-2981987333-COMMERCIAL_SERVICES",
      "properties": {
        "evidence_status": "contextual",
        "id": "OSM-NODE-2981987333-COMMERCIAL_SERVICES",
        "layer": "commercial_services",
        "name": "德龙平价生活超市",
        "name:zh": "德龙平价生活超市",
        "osm_id": 2981987333,
        "osm_type": "node",
        "shop": "supermarket"
      },
      "type": "Feature"
    },
    {
      "geometry": {
        "coordinates": [
          116.371779,
          39.996158
        ],
        "type": "Point"
      },
      "id": "OSM-NODE-2981987334-COMMERCIAL_SERVICES",
      "properties": {
        "evidence_status": "contextual",
        "id": "OSM-NODE-2981987334-COMMERCIAL_SERVICES",
        "layer": "commercial_services",
        "name": "果满多",
        "name:zh": "果满多",
        "osm_id": 2981987334,
        "osm_type": "node",
        "shop": "greengrocer"
      },
      "type": "Feature"
    },
    {
      "geometry": {
        "coordinates": [
          116.371908,
          39.996158
        ],
        "type": "Point"
      },
      "id": "OSM-NODE-2981987335-COMMERCIAL_SERVICES",
      "properties": {
        "evidence_status": "contextual",
        "id": "OSM-NODE-2981987335-COMMERCIAL_SERVICES",
        "layer": "commercial_services",
        "name": "美丽社造型护肤会所",
        "name:zh": "美丽社造型护肤会所",
        "osm_id": 2981987335,
        "osm_type": "node",
        "shop": "hairdresser"
      },
      "type": "Feature"
    },
    {
      "geometry": {
        "coordinates": [
          116.370299,
          39.998427
        ],
        "type": "Point"
      },
      "id": "OSM-NODE-2981990633-COMMERCIAL_SERVICES",
      "properties": {
        "evidence_status": "contextual",
        "id": "OSM-NODE-2981990633-COMMERCIAL_SERVICES",
        "layer": "commercial_services",
        "name": "金飘扬",
        "name:zh": "金飘扬",
        "osm_id": 2981990633,
        "osm_type": "node",
        "shop": "hairdresser"
      },
      "type": "Feature"
    },
    {
      "geometry": {
        "coordinates": [
          116.390233,
          39.998854
        ],
        "type": "Point"
      },
      "id": "OSM-NODE-2982153033-COMMERCIAL_SERVICES",
      "properties": {
        "evidence_status": "contextual",
        "id": "OSM-NODE-2982153033-COMMERCIAL_SERVICES",
        "layer": "commercial_services",
        "name": "新奥购物中心",
        "osm_id": 2982153033,
        "osm_type": "node",
        "shop": "mall"
      },
      "type": "Feature"
    },
    {
      "geometry": {
        "coordinates": [
          116.39004,
          40.000087
        ],
        "type": "Point"
      },
      "id": "OSM-NODE-2982182334-COMMERCIAL_SERVICES",
      "properties": {
        "evidence_status": "contextual",
        "id": "OSM-NODE-2982182334-COMMERCIAL_SERVICES",
        "layer": "commercial_services",
        "name": "天虹百货",
        "osm_id": 2982182334,
        "osm_type": "node",
        "shop": "mall"
      },
      "type": "Feature"
    },
    {
      "geometry": {
        "coordinates": [
          116.36517,
          40.009801
        ],
        "type": "Point"
      },
      "id": "OSM-NODE-3036828040-COMMERCIAL_SERVICES",
      "properties": {
        "evidence_status": "contextual",
        "id": "OSM-NODE-3036828040-COMMERCIAL_SERVICES",
        "layer": "commercial_services",
        "name": "尚逸国际",
        "osm_id": 3036828040,
        "osm_type": "node",
        "shop": "hairdresser"
      },
      "type": "Feature"
    },
    {
      "geometry": {
        "coordinates": [
          116.311907,
          39.975854
        ],
        "type": "Point"
      },
      "id": "OSM-NODE-3044948675-COMMERCIAL_SERVICES",
      "properties": {
        "evidence_status": "contextual",
        "id": "OSM-NODE-3044948675-COMMERCIAL_SERVICES",
        "layer": "commercial_services",
        "name": "味多美",
        "name:en": "Wedome",
        "name:zh": "味多美",
        "osm_id": 3044948675,
        "osm_type": "node",
        "shop": "bakery"
      },
      "type": "Feature"
    },
    {
      "geometry": {
        "coordinates": [
          116.319337,
          39.943371
        ],
        "type": "Point"
      },
      "id": "OSM-NODE-3066312533-COMMERCIAL_SERVICES",
      "properties": {
        "evidence_status": "contextual",
        "id": "OSM-NODE-3066312533-COMMERCIAL_SERVICES",
        "layer": "commercial_services",
        "name": "金凤成祥",
        "osm_id": 3066312533,
        "osm_type": "node",
        "shop": "bakery"
      },
      "type": "Feature"
    },
    {
      "geometry": {
        "coordinates": [
          116.326299,
          39.991051
        ],
        "type": "Point"
      },
      "id": "OSM-NODE-312152403-COMMERCIAL_SERVICES",
      "properties": {
        "evidence_status": "contextual",
        "id": "OSM-NODE-312152403-COMMERCIAL_SERVICES",
        "layer": "commercial_services",
        "name": "永琪美发沙龙",
        "osm_id": 312152403,
        "osm_type": "node",
        "shop": "hairdresser"
      },
      "type": "Feature"
    },
    {
      "geometry": {
        "coordinates": [
          116.328593,
          39.981604
        ],
        "type": "Point"
      },
      "id": "OSM-NODE-3196506915-COMMERCIAL_SERVICES",
      "properties": {
        "evidence_status": "contextual",
        "id": "OSM-NODE-3196506915-COMMERCIAL_SERVICES",
        "layer": "commercial_services",
        "name": "华欣超市",
        "name:zh": "华欣超市",
        "osm_id": 3196506915,
        "osm_type": "node",
        "shop": "supermarket"
      },
      "type": "Feature"
    },
    {
      "geometry": {
        "coordinates": [
          116.328328,
          39.981582
        ],
        "type": "Point"
      },
      "id": "OSM-NODE-3196514117-COMMERCIAL_SERVICES",
      "properties": {
        "evidence_status": "contextual",
        "id": "OSM-NODE-3196514117-COMMERCIAL_SERVICES",
        "layer": "commercial_services",
        "name": "好利客超市",
        "name:zh": "好利客超市",
        "osm_id": 3196514117,
        "osm_type": "node",
        "shop": "supermarket"
      },
      "type": "Feature"
    },
    {
      "geometry": {
        "coordinates": [
          116.351014,
          39.958131
        ],
        "type": "Point"
      },
      "id": "OSM-NODE-3511264386-COMMERCIAL_SERVICES",
      "properties": {
        "evidence_status": "contextual",
        "id": "OSM-NODE-3511264386-COMMERCIAL_SERVICES",
        "layer": "commercial_services",
        "name": "南区超市",
        "name:zh": "南区超市",
        "osm_id": 3511264386,
        "osm_type": "node",
        "shop": "supermarket"
      },
      "type": "Feature"
    },
    {
      "geometry": {
        "coordinates": [
          116.351045,
          39.957967
        ],
        "type": "Point"
      },
      "id": "OSM-NODE-3511264388-COMMERCIAL_SERVICES",
      "properties": {
        "evidence_status": "contextual",
        "id": "OSM-NODE-3511264388-COMMERCIAL_SERVICES",
        "layer": "commercial_services",
        "name": "二手书店",
        "name:en": "Second-hand Book Store",
        "name:zh": "二手书店",
        "osm_id": 3511264388,
        "osm_type": "node",
        "shop": "books"
      },
      "type": "Feature"
    },
    {
      "geometry": {
        "coordinates": [
          116.318512,
          39.981206
        ],
        "type": "Point"
      },
      "id": "OSM-NODE-3611903619-COMMERCIAL_SERVICES",
      "properties": {
        "evidence_status": "contextual",
        "id": "OSM-NODE-3611903619-COMMERCIAL_SERVICES",
        "layer": "commercial_services",
        "name": "7-Eleven",
        "name:en": "7-Eleven",
        "osm_id": 3611903619,
        "osm_type": "node",
        "shop": "convenience"
      },
      "type": "Feature"
    },
    {
      "geometry": {
        "coordinates": [
          116.313379,
          39.964646
        ],
        "type": "Point"
      },
      "id": "OSM-NODE-3688773907-COMMERCIAL_SERVICES",
      "properties": {
        "evidence_status": "contextual",
        "id": "OSM-NODE-3688773907-COMMERCIAL_SERVICES",
        "layer": "commercial_services",
        "name:en": "Good Neighbors",
        "name:zh": "好邻居便利店",
        "osm_id": 3688773907,
        "osm_type": "node",
        "shop": "convenience"
      },
      "type": "Feature"
    },
    {
      "geometry": {
        "coordinates": [
          116.317595,
          39.963247
        ],
        "type": "Point"
      },
      "id": "OSM-NODE-3689646699-COMMERCIAL_SERVICES",
      "properties": {
        "evidence_status": "contextual",
        "id": "OSM-NODE-3689646699-COMMERCIAL_SERVICES",
        "layer": "commercial_services",
        "name": "便利蜂",
        "name:en": "Bianlifeng",
        "name:zh": "便利蜂",
        "osm_id": 3689646699,
        "osm_type": "node",
        "shop": "convenience"
      },
      "type": "Feature"
    },
    {
      "geometry": {
        "coordinates": [
          116.361911,
          39.992194
        ],
        "type": "Point"
      },
      "id": "OSM-NODE-3698246726-COMMERCIAL_SERVICES",
      "properties": {
        "evidence_status": "contextual",
        "id": "OSM-NODE-3698246726-COMMERCIAL_SERVICES",
        "layer": "commercial_services",
        "name": "物美",
        "name:en": "Wumart",
        "name:zh": "物美",
        "osm_id": 3698246726,
        "osm_type": "node",
        "shop": "supermarket"
      },
      "type": "Feature"
    },
    {
      "geometry": {
        "coordinates": [
          116.360538,
          39.992173
        ],
        "type": "Point"
      },
      "id": "OSM-NODE-3698246727-COMMERCIAL_SERVICES",
      "properties": {
        "evidence_status": "contextual",
        "id": "OSM-NODE-3698246727-COMMERCIAL_SERVICES",
        "layer": "commercial_services",
        "name": "丽锦美容美发",
        "name:zh": "丽锦美容美发",
        "osm_id": 3698246727,
        "osm_type": "node",
        "shop": "hairdresser"
      },
      "type": "Feature"
    },
    {
      "geometry": {
        "coordinates": [
          116.347209,
          40.007578
        ],
        "type": "Point"
      },
      "id": "OSM-NODE-3722961302-COMMERCIAL_SERVICES",
      "properties": {
        "evidence_status": "contextual",
        "id": "OSM-NODE-3722961302-COMMERCIAL_SERVICES",
        "layer": "commercial_services",
        "name": "圣熙8号",
        "name:zh": "圣熙8号",
        "osm_id": 3722961302,
        "osm_type": "node",
        "shop": "mall"
      },
      "type": "Feature"
    },
    {
      "geometry": {
        "coordinates": [
          116.343712,
          39.978966
        ],
        "type": "Point"
      },
      "id": "OSM-NODE-3744925820-COMMERCIAL_SERVICES",
      "properties": {
        "evidence_status": "contextual",
        "id": "OSM-NODE-3744925820-COMMERCIAL_SERVICES",
        "layer": "commercial_services",
        "name": "健身馆超市",
        "name:zh": "健身馆超市",
        "osm_id": 3744925820,
        "osm_type": "node",
        "shop": "supermarket"
      },
      "type": "Feature"
    },
    {
      "geometry": {
        "coordinates": [
          116.327633,
          39.983517
        ],
        "type": "Point"
      },
      "id": "OSM-NODE-3771869305-COMMERCIAL_SERVICES",
      "properties": {
        "evidence_status": "contextual",
        "id": "OSM-NODE-3771869305-COMMERCIAL_SERVICES",
        "layer": "commercial_services",
        "name": "7-Eleven",
        "name:en": "7-Eleven",
        "osm_id": 3771869305,
        "osm_type": "node",
        "shop": "convenience"
      },
      "type": "Feature"
    },
    {
      "geometry": {
        "coordinates": [
          116.346588,
          39.95707
        ],
        "type": "Point"
      },
      "id": "OSM-NODE-3796330091-COMMERCIAL_SERVICES",
      "properties": {
        "evidence_status": "contextual",
        "id": "OSM-NODE-3796330091-COMMERCIAL_SERVICES",
        "layer": "commercial_services",
        "name": "物美",
        "name:en": "Wumart",
        "name:zh": "物美",
        "osm_id": 3796330091,
        "osm_type": "node",
        "shop": "supermarket"
      },
      "type": "Feature"
    },
    {
      "geometry": {
        "coordinates": [
          116.364557,
          39.967621
        ],
        "type": "Point"
      },
      "id": "OSM-NODE-3806093493-COMMERCIAL_SERVICES",
      "properties": {
        "evidence_status": "contextual",
        "id": "OSM-NODE-3806093493-COMMERCIAL_SERVICES",
        "layer": "commercial_services",
        "name": "物美",
        "name:en": "Wumart",
        "osm_id": 3806093493,
        "osm_type": "node",
        "shop": "supermarket"
      },
      "type": "Feature"
    },
    {
      "geometry": {
        "coordinates": [
          116.319184,
          39.998114
        ],
        "type": "Point"
      },
      "id": "OSM-NODE-380769443-COMMERCIAL_SERVICES",
      "properties": {
        "evidence_status": "contextual",
        "id": "OSM-NODE-380769443-COMMERCIAL_SERVICES",
        "layer": "commercial_services",
        "osm_id": 380769443,
        "osm_type": "node",
        "shop": "convenience"
      },
      "type": "Feature"
    },
    {
      "geometry": {
        "coordinates": [
          116.329038,
          39.953317
        ],
        "type": "Point"
      },
      "id": "OSM-NODE-3807888749-COMMERCIAL_SERVICES",
      "properties": {
        "evidence_status": "contextual",
        "id": "OSM-NODE-3807888749-COMMERCIAL_SERVICES",
        "layer": "commercial_services",
        "name:en": "7-Eleven",
        "osm_id": 3807888749,
        "osm_type": "node",
        "shop": "convenience"
      },
      "type": "Feature"
    },
    {
      "geometry": {
        "coordinates": [
          116.381155,
          39.975781
        ],
        "type": "Point"
      },
      "id": "OSM-NODE-3809417050-COMMERCIAL_SERVICES",
      "properties": {
        "evidence_status": "contextual",
        "id": "OSM-NODE-3809417050-COMMERCIAL_SERVICES",
        "layer": "commercial_services",
        "name": "捷安特",
        "osm_id": 3809417050,
        "osm_type": "node",
        "shop": "bicycle"
      },
      "type": "Feature"
    },
    {
      "geometry": {
        "coordinates": [
          116.363424,
          39.967389
        ],
        "type": "Point"
      },
      "id": "OSM-NODE-3809452742-COMMERCIAL_SERVICES",
      "properties": {
        "evidence_status": "contextual",
        "id": "OSM-NODE-3809452742-COMMERCIAL_SERVICES",
        "layer": "commercial_services",
        "name:en": "Good Neighbors",
        "name:zh": "好邻居便利店",
        "osm_id": 3809452742,
        "osm_type": "node",
        "shop": "convenience"
      },
      "type": "Feature"
    },
    {
      "geometry": {
        "coordinates": [
          116.363426,
          39.96716
        ],
        "type": "Point"
      },
      "id": "OSM-NODE-3809452743-COMMERCIAL_SERVICES",
      "properties": {
        "evidence_status": "contextual",
        "id": "OSM-NODE-3809452743-COMMERCIAL_SERVICES",
        "layer": "commercial_services",
        "name": "捷安特",
        "osm_id": 3809452743,
        "osm_type": "node",
        "shop": "bicycle"
      },
      "type": "Feature"
    },
    {
      "geometry": {
        "coordinates": [
          116.312086,
          39.994797
        ],
        "type": "Point"
      },
      "id": "OSM-NODE-3957789274-COMMERCIAL_SERVICES",
      "properties": {
        "evidence_status": "contextual",
        "id": "OSM-NODE-3957789274-COMMERCIAL_SERVICES",
        "layer": "commercial_services",
        "name": "快到家便利超市",
        "name:zh": "快到家便利超市",
        "osm_id": 3957789274,
        "osm_type": "node",
        "shop": "supermarket"
      },
      "type": "Feature"
    },
    {
      "geometry": {
        "coordinates": [
          116.300707,
          39.982832
        ],
        "type": "Point"
      },
      "id": "OSM-NODE-4054121834-COMMERCIAL_SERVICES",
      "properties": {
        "evidence_status": "contextual",
        "id": "OSM-NODE-4054121834-COMMERCIAL_SERVICES",
        "layer": "commercial_services",
        "name": "传习堂地下书城",
        "name:zh": "传习堂地下书城",
        "osm_id": 4054121834,
        "osm_type": "node",
        "shop": "books"
      },
      "type": "Feature"
    },
    {
      "geometry": {
        "coordinates": [
          116.313573,
          39.988851
        ],
        "type": "Point"
      },
      "id": "OSM-NODE-4101755289-COMMERCIAL_SERVICES",
      "properties": {
        "evidence_status": "contextual",
        "id": "OSM-NODE-4101755289-COMMERCIAL_SERVICES",
        "layer": "commercial_services",
        "osm_id": 4101755289,
        "osm_type": "node",
        "shop": "supermarket"
      },
      "type": "Feature"
    },
    {
      "geometry": {
        "coordinates": [
          116.346715,
          39.957076
        ],
        "type": "Point"
      },
      "id": "OSM-NODE-4102220590-COMMERCIAL_SERVICES",
      "properties": {
        "evidence_status": "contextual",
        "id": "OSM-NODE-4102220590-COMMERCIAL_SERVICES",
        "layer": "commercial_services",
        "name": "全时便利店",
        "name:zh": "全时便利店",
        "osm_id": 4102220590,
        "osm_type": "node",
        "shop": "convenience"
      },
      "type": "Feature"
    },
    {
      "geometry": {
        "coordinates": [
          116.336445,
          39.947094
        ],
        "type": "Point"
      },
      "id": "OSM-NODE-4213393031-COMMERCIAL_SERVICES",
      "properties": {
        "evidence_status": "contextual",
        "id": "OSM-NODE-4213393031-COMMERCIAL_SERVICES",
        "layer": "commercial_services",
        "name": "金凤成祥",
        "name:zh": "金凤成祥",
        "osm_id": 4213393031,
        "osm_type": "node",
        "shop": "bakery"
      },
      "type": "Feature"
    },
    {
      "geometry": {
        "coordinates": [
          116.33896,
          39.946243
        ],
        "type": "Point"
      },
      "id": "OSM-NODE-4217498065-COMMERCIAL_SERVICES",
      "properties": {
        "evidence_status": "contextual",
        "id": "OSM-NODE-4217498065-COMMERCIAL_SERVICES",
        "layer": "commercial_services",
        "name": "深蓝造型",
        "osm_id": 4217498065,
        "osm_type": "node",
        "shop": "hairdresser"
      },
      "type": "Feature"
    },
    {
      "geometry": {
        "coordinates": [
          116.334957,
          39.947946
        ],
        "type": "Point"
      },
      "id": "OSM-NODE-4217498066-COMMERCIAL_SERVICES",
      "properties": {
        "evidence_status": "contextual",
        "id": "OSM-NODE-4217498066-COMMERCIAL_SERVICES",
        "layer": "commercial_services",
        "name": "主校区理发店",
        "osm_id": 4217498066,
        "osm_type": "node",
        "shop": "hairdresser"
      },
      "type": "Feature"
    },
    {
      "geometry": {
        "coordinates": [
          116.339064,
          39.947923
        ],
        "type": "Point"
      },
      "id": "OSM-NODE-4217498076-COMMERCIAL_SERVICES",
      "properties": {
        "evidence_status": "contextual",
        "id": "OSM-NODE-4217498076-COMMERCIAL_SERVICES",
        "layer": "commercial_services",
        "name": "超市发",
        "name:zh": "超市发",
        "osm_id": 4217498076,
        "osm_type": "node",
        "shop": "supermarket"
      },
      "type": "Feature"
    },
    {
      "geometry": {
        "coordinates": [
          116.315485,
          39.940157
        ],
        "type": "Point"
      },
      "id": "OSM-NODE-4275124390-COMMERCIAL_SERVICES",
      "properties": {
        "evidence_status": "contextual",
        "id": "OSM-NODE-4275124390-COMMERCIAL_SERVICES",
        "layer": "commercial_services",
        "osm_id": 4275124390,
        "osm_type": "node",
        "shop": "convenience"
      },
      "type": "Feature"
    },
    {
      "geometry": {
        "coordinates": [
          116.356378,
          39.950317
        ],
        "type": "Point"
      },
      "id": "OSM-NODE-4277807289-COMMERCIAL_SERVICES",
      "properties": {
        "evidence_status": "contextual",
        "id": "OSM-NODE-4277807289-COMMERCIAL_SERVICES",
        "layer": "commercial_services",
        "name": "永辉超市",
        "name:en": "Yonghui Superstores",
        "name:zh": "永辉超市",
        "osm_id": 4277807289,
        "osm_type": "node",
        "shop": "supermarket"
      },
      "type": "Feature"
    },
    {
      "geometry": {
        "coordinates": [
          116.375237,
          39.977625
        ],
        "type": "Point"
      },
      "id": "OSM-NODE-4285793889-COMMERCIAL_SERVICES",
      "properties": {
        "evidence_status": "contextual",
        "id": "OSM-NODE-4285793889-COMMERCIAL_SERVICES",
        "layer": "commercial_services",
        "name": "京客隆",
        "name:en": "Jingkelong",
        "name:zh": "京客隆",
        "osm_id": 4285793889,
        "osm_type": "node",
        "shop": "supermarket"
      },
      "type": "Feature"
    },
    {
      "geometry": {
        "coordinates": [
          116.375216,
          40.007492
        ],
        "type": "Point"
      },
      "id": "OSM-NODE-4354019467-COMMERCIAL_SERVICES",
      "properties": {
        "evidence_status": "contextual",
        "id": "OSM-NODE-4354019467-COMMERCIAL_SERVICES",
        "layer": "commercial_services",
        "name": "7-Eleven",
        "name:en": "7-Eleven",
        "osm_id": 4354019467,
        "osm_type": "node",
        "shop": "convenience"
      },
      "type": "Feature"
    },
    {
      "geometry": {
        "coordinates": [
          116.365145,
          40.011816
        ],
        "type": "Point"
      },
      "id": "OSM-NODE-4354045719-COMMERCIAL_SERVICES",
      "properties": {
        "evidence_status": "contextual",
        "id": "OSM-NODE-4354045719-COMMERCIAL_SERVICES",
        "layer": "commercial_services",
        "name": "味多美",
        "name:en": "Wedome",
        "name:zh": "味多美",
        "osm_id": 4354045719,
        "osm_type": "node",
        "shop": "bakery"
      },
      "type": "Feature"
    },
    {
      "geometry": {
        "coordinates": [
          116.365735,
          40.011808
        ],
        "type": "Point"
      },
      "id": "OSM-NODE-4354045720-COMMERCIAL_SERVICES",
      "properties": {
        "evidence_status": "contextual",
        "id": "OSM-NODE-4354045720-COMMERCIAL_SERVICES",
        "layer": "commercial_services",
        "osm_id": 4354045720,
        "osm_type": "node",
        "shop": "supermarket"
      },
      "type": "Feature"
    },
    {
      "geometry": {
        "coordinates": [
          116.364147,
          40.012905
        ],
        "type": "Point"
      },
      "id": "OSM-NODE-4354045721-COMMERCIAL_SERVICES",
      "properties": {
        "evidence_status": "contextual",
        "id": "OSM-NODE-4354045721-COMMERCIAL_SERVICES",
        "layer": "commercial_services",
        "osm_id": 4354045721,
        "osm_type": "node",
        "shop": "supermarket"
      },
      "type": "Feature"
    },
    {
      "geometry": {
        "coordinates": [
          116.367996,
          40.016599
        ],
        "type": "Point"
      },
      "id": "OSM-NODE-4354058928-COMMERCIAL_SERVICES",
      "properties": {
        "evidence_status": "contextual",
        "id": "OSM-NODE-4354058928-COMMERCIAL_SERVICES",
        "layer": "commercial_services",
        "osm_id": 4354058928,
        "osm_type": "node",
        "shop": "supermarket"
      },
      "type": "Feature"
    },
    {
      "geometry": {
        "coordinates": [
          116.362886,
          40.014942
        ],
        "type": "Point"
      },
      "id": "OSM-NODE-4354058957-COMMERCIAL_SERVICES",
      "properties": {
        "evidence_status": "contextual",
        "id": "OSM-NODE-4354058957-COMMERCIAL_SERVICES",
        "layer": "commercial_services",
        "osm_id": 4354058957,
        "osm_type": "node",
        "shop": "convenience"
      },
      "type": "Feature"
    },
    {
      "geometry": {
        "coordinates": [
          116.386114,
          40.008484
        ],
        "type": "Point"
      },
      "id": "OSM-NODE-4367253702-COMMERCIAL_SERVICES",
      "properties": {
        "evidence_status": "contextual",
        "id": "OSM-NODE-4367253702-COMMERCIAL_SERVICES",
        "layer": "commercial_services",
        "osm_id": 4367253702,
        "osm_type": "node",
        "shop": "convenience"
      },
      "type": "Feature"
    },
    {
      "geometry": {
        "coordinates": [
          116.304756,
          39.984925
        ],
        "type": "Point"
      },
      "id": "OSM-NODE-4459827994-COMMERCIAL_SERVICES",
      "properties": {
        "evidence_status": "contextual",
        "id": "OSM-NODE-4459827994-COMMERCIAL_SERVICES",
        "layer": "commercial_services",
        "name": "选择重塑",
        "osm_id": 4459827994,
        "osm_type": "node",
        "shop": "hairdresser"
      },
      "type": "Feature"
    },
    {
      "geometry": {
        "coordinates": [
          116.303397,
          39.98743
        ],
        "type": "Point"
      },
      "id": "OSM-NODE-4459837391-COMMERCIAL_SERVICES",
      "properties": {
        "evidence_status": "contextual",
        "id": "OSM-NODE-4459837391-COMMERCIAL_SERVICES",
        "layer": "commercial_services",
        "name:en": "24h Supermarket",
        "opening_hours": "24/7",
        "osm_id": 4459837391,
        "osm_type": "node",
        "shop": "supermarket"
      },
      "type": "Feature"
    },
    {
      "geometry": {
        "coordinates": [
          116.306125,
          39.987284
        ],
        "type": "Point"
      },
      "id": "OSM-NODE-4462964693-COMMERCIAL_SERVICES",
      "properties": {
        "evidence_status": "contextual",
        "id": "OSM-NODE-4462964693-COMMERCIAL_SERVICES",
        "layer": "commercial_services",
        "osm_id": 4462964693,
        "osm_type": "node",
        "shop": "bakery"
      },
      "type": "Feature"
    },
    {
      "geometry": {
        "coordinates": [
          116.310208,
          39.988686
        ],
        "type": "Point"
      },
      "id": "OSM-NODE-4469500191-COMMERCIAL_SERVICES",
      "properties": {
        "evidence_status": "contextual",
        "id": "OSM-NODE-4469500191-COMMERCIAL_SERVICES",
        "layer": "commercial_services",
        "osm_id": 4469500191,
        "osm_type": "node",
        "shop": "supermarket"
      },
      "type": "Feature"
    },
    {
      "geometry": {
        "coordinates": [
          116.31124,
          40.028345
        ],
        "type": "Point"
      },
      "id": "OSM-NODE-4489507588-COMMERCIAL_SERVICES",
      "properties": {
        "evidence_status": "contextual",
        "id": "OSM-NODE-4489507588-COMMERCIAL_SERVICES",
        "layer": "commercial_services",
        "osm_id": 4489507588,
        "osm_type": "node",
        "shop": "supermarket"
      },
      "type": "Feature"
    },
    {
      "geometry": {
        "coordinates": [
          116.312706,
          40.028536
        ],
        "type": "Point"
      },
      "id": "OSM-NODE-4489507898-COMMERCIAL_SERVICES",
      "properties": {
        "evidence_status": "contextual",
        "id": "OSM-NODE-4489507898-COMMERCIAL_SERVICES",
        "layer": "commercial_services",
        "name": "水果店",
        "name:en": "Fruit Store",
        "name:zh": "水果店",
        "osm_id": 4489507898,
        "osm_type": "node",
        "shop": "supermarket"
      },
      "type": "Feature"
    },
    {
      "geometry": {
        "coordinates": [
          116.312924,
          40.009624
        ],
        "type": "Point"
      },
      "id": "OSM-NODE-4503942371-COMMERCIAL_SERVICES",
      "properties": {
        "evidence_status": "contextual",
        "id": "OSM-NODE-4503942371-COMMERCIAL_SERVICES",
        "layer": "commercial_services",
        "name": "清华大学西北超市",
        "name:en": "Tsinghua University Northwest Supermarket",
        "name:zh": "清华大学西北超市",
        "osm_id": 4503942371,
        "osm_type": "node",
        "shop": "supermarket"
      },
      "type": "Feature"
    },
    {
      "geometry": {
        "coordinates": [
          116.346813,
          40.003121
        ],
        "type": "Point"
      },
      "id": "OSM-NODE-4505488133-COMMERCIAL_SERVICES",
      "properties": {
        "evidence_status": "contextual",
        "id": "OSM-NODE-4505488133-COMMERCIAL_SERVICES",
        "layer": "commercial_services",
        "name": "味多美",
        "name:en": "Wedome",
        "name:zh": "味多美",
        "osm_id": 4505488133,
        "osm_type": "node",
        "shop": "bakery"
      },
      "type": "Feature"
    },
    {
      "geometry": {
        "coordinates": [
          116.326422,
          40.028973
        ],
        "type": "Point"
      },
      "id": "OSM-NODE-4581719836-COMMERCIAL_SERVICES",
      "properties": {
        "evidence_status": "contextual",
        "id": "OSM-NODE-4581719836-COMMERCIAL_SERVICES",
        "layer": "commercial_services",
        "name": "沃尔玛",
        "name:en": "Walmart",
        "name:zh": "沃尔玛",
        "osm_id": 4581719836,
        "osm_type": "node",
        "shop": "supermarket"
      },
      "type": "Feature"
    },
    {
      "geometry": {
        "coordinates": [
          116.313648,
          40.030814
        ],
        "type": "Point"
      },
      "id": "OSM-NODE-4581719841-COMMERCIAL_SERVICES",
      "properties": {
        "evidence_status": "contextual",
        "id": "OSM-NODE-4581719841-COMMERCIAL_SERVICES",
        "layer": "commercial_services",
        "name": "7-Eleven",
        "osm_id": 4581719841,
        "osm_type": "node",
        "shop": "convenience"
      },
      "type": "Feature"
    },
    {
      "geometry": {
        "coordinates": [
          116.300365,
          39.97912
        ],
        "type": "Point"
      },
      "id": "OSM-NODE-4603589696-COMMERCIAL_SERVICES",
      "properties": {
        "evidence_status": "contextual",
        "id": "OSM-NODE-4603589696-COMMERCIAL_SERVICES",
        "layer": "commercial_services",
        "name": "全时",
        "name:zh": "全时",
        "osm_id": 4603589696,
        "osm_type": "node",
        "shop": "convenience"
      },
      "type": "Feature"
    },
    {
      "geometry": {
        "coordinates": [
          116.345861,
          39.999945
        ],
        "type": "Point"
      },
      "id": "OSM-NODE-4603600794-COMMERCIAL_SERVICES",
      "properties": {
        "evidence_status": "contextual",
        "id": "OSM-NODE-4603600794-COMMERCIAL_SERVICES",
        "layer": "commercial_services",
        "name": "全时",
        "name:zh": "全时",
        "osm_id": 4603600794,
        "osm_type": "node",
        "shop": "convenience"
      },
      "type": "Feature"
    },
    {
      "geometry": {
        "coordinates": [
          116.32856,
          39.967537
        ],
        "type": "Point"
      },
      "id": "OSM-NODE-4715103708-COMMERCIAL_SERVICES",
      "properties": {
        "evidence_status": "contextual",
        "id": "OSM-NODE-4715103708-COMMERCIAL_SERVICES",
        "layer": "commercial_services",
        "name": "物美",
        "name:en": "Wumart",
        "osm_id": 4715103708,
        "osm_type": "node",
        "shop": "supermarket"
      },
      "type": "Feature"
    },
    {
      "geometry": {
        "coordinates": [
          116.305656,
          40.050917
        ],
        "type": "Point"
      },
      "id": "OSM-NODE-4722079208-COMMERCIAL_SERVICES",
      "properties": {
        "evidence_status": "contextual",
        "id": "OSM-NODE-4722079208-COMMERCIAL_SERVICES",
        "layer": "commercial_services",
        "name:en": "H Supermarket",
        "osm_id": 4722079208,
        "osm_type": "node",
        "shop": "supermarket"
      },
      "type": "Feature"
    },
    {
      "geometry": {
        "coordinates": [
          116.312582,
          39.984661
        ],
        "type": "Point"
      },
      "id": "OSM-NODE-4746246134-COMMERCIAL_SERVICES",
      "properties": {
        "evidence_status": "contextual",
        "id": "OSM-NODE-4746246134-COMMERCIAL_SERVICES",
        "layer": "commercial_services",
        "name": "京果佳园",
        "name:zh": "京果佳园",
        "osm_id": 4746246134,
        "osm_type": "node",
        "shop": "greengrocer"
      },
      "type": "Feature"
    },
    {
      "geometry": {
        "coordinates": [
          116.360372,
          40.015952
        ],
        "type": "Point"
      },
      "id": "OSM-NODE-4875762756-COMMERCIAL_SERVICES",
      "properties": {
        "evidence_status": "contextual",
        "id": "OSM-NODE-4875762756-COMMERCIAL_SERVICES",
        "layer": "commercial_services",
        "osm_id": 4875762756,
        "osm_type": "node",
        "shop": "convenience"
      },
      "type": "Feature"
    },
    {
      "geometry": {
        "coordinates": [
          116.387464,
          39.944675
        ],
        "type": "Point"
      },
      "id": "OSM-NODE-4882142725-COMMERCIAL_SERVICES",
      "properties": {
        "evidence_status": "contextual",
        "id": "OSM-NODE-4882142725-COMMERCIAL_SERVICES",
        "layer": "commercial_services",
        "name": "好邻居",
        "name:en": "Convenience store",
        "opening_hours": "24/7",
        "osm_id": 4882142725,
        "osm_type": "node",
        "shop": "convenience"
      },
      "type": "Feature"
    },
    {
      "geometry": {
        "coordinates": [
          116.304914,
          40.004471
        ],
        "type": "Point"
      },
      "id": "OSM-NODE-494772297-COMMERCIAL_SERVICES",
      "properties": {
        "evidence_status": "contextual",
        "id": "OSM-NODE-494772297-COMMERCIAL_SERVICES",
        "layer": "commercial_services",
        "osm_id": 494772297,
        "osm_type": "node",
        "shop": "convenience"
      },
      "type": "Feature"
    },
    {
      "geometry": {
        "coordinates": [
          116.332475,
          39.992385
        ],
        "type": "Point"
      },
      "id": "OSM-NODE-4971954299-COMMERCIAL_SERVICES",
      "properties": {
        "evidence_status": "contextual",
        "id": "OSM-NODE-4971954299-COMMERCIAL_SERVICES",
        "layer": "commercial_services",
        "name": "D-Mart",
        "name:en": "D-Mart",
        "osm_id": 4971954299,
        "osm_type": "node",
        "shop": "convenience"
      },
      "type": "Feature"
    },
    {
      "geometry": {
        "coordinates": [
          116.334055,
          39.995837
        ],
        "type": "Point"
      },
      "id": "OSM-NODE-5008827129-COMMERCIAL_SERVICES",
      "properties": {
        "evidence_status": "contextual",
        "id": "OSM-NODE-5008827129-COMMERCIAL_SERVICES",
        "layer": "commercial_services",
        "name:en": "Beauty Hair Core",
        "osm_id": 5008827129,
        "osm_type": "node",
        "shop": "hairdresser"
      },
      "type": "Feature"
    },
    {
      "geometry": {
        "coordinates": [
          116.302242,
          39.968419
        ],
        "type": "Point"
      },
      "id": "OSM-NODE-5018578051-COMMERCIAL_SERVICES",
      "properties": {
        "evidence_status": "contextual",
        "id": "OSM-NODE-5018578051-COMMERCIAL_SERVICES",
        "layer": "commercial_services",
        "name": "品园商店",
        "name:zh": "品园商店",
        "osm_id": 5018578051,
        "osm_type": "node",
        "shop": "supermarket"
      },
      "type": "Feature"
    },
    {
      "geometry": {
        "coordinates": [
          116.392929,
          39.939514
        ],
        "type": "Point"
      },
      "id": "OSM-NODE-5054967833-COMMERCIAL_SERVICES",
      "properties": {
        "evidence_status": "contextual",
        "id": "OSM-NODE-5054967833-COMMERCIAL_SERVICES",
        "layer": "commercial_services",
        "osm_id": 5054967833,
        "osm_type": "node",
        "shop": "department_store"
      },
      "type": "Feature"
    },
    {
      "geometry": {
        "coordinates": [
          116.390907,
          39.939469
        ],
        "type": "Point"
      },
      "id": "OSM-NODE-5083754923-COMMERCIAL_SERVICES",
      "properties": {
        "evidence_status": "contextual",
        "id": "OSM-NODE-5083754923-COMMERCIAL_SERVICES",
        "layer": "commercial_services",
        "osm_id": 5083754923,
        "osm_type": "node",
        "shop": "convenience"
      },
      "type": "Feature"
    },
    {
      "geometry": {
        "coordinates": [
          116.30746,
          39.966916
        ],
        "type": "Point"
      },
      "id": "OSM-NODE-5100835847-COMMERCIAL_SERVICES",
      "properties": {
        "evidence_status": "contextual",
        "id": "OSM-NODE-5100835847-COMMERCIAL_SERVICES",
        "layer": "commercial_services",
        "name": "7-Eleven",
        "osm_id": 5100835847,
        "osm_type": "node",
        "shop": "convenience"
      },
      "type": "Feature"
    },
    {
      "geometry": {
        "coordinates": [
          116.33953,
          39.952863
        ],
        "type": "Point"
      },
      "id": "OSM-NODE-5117743024-COMMERCIAL_SERVICES",
      "properties": {
        "evidence_status": "contextual",
        "id": "OSM-NODE-5117743024-COMMERCIAL_SERVICES",
        "layer": "commercial_services",
        "name": "交大后勤超市",
        "name:zh": "交大后勤超市",
        "osm_id": 5117743024,
        "osm_type": "node",
        "shop": "supermarket"
      },
      "type": "Feature"
    },
    {
      "geometry": {
        "coordinates": [
          116.357798,
          40.013813
        ],
        "type": "Point"
      },
      "id": "OSM-NODE-5130666839-COMMERCIAL_SERVICES",
      "properties": {
        "evidence_status": "contextual",
        "id": "OSM-NODE-5130666839-COMMERCIAL_SERVICES",
        "layer": "commercial_services",
        "osm_id": 5130666839,
        "osm_type": "node",
        "shop": "convenience"
      },
      "type": "Feature"
    },
    {
      "geometry": {
        "coordinates": [
          116.305373,
          39.970539
        ],
        "type": "Point"
      },
      "id": "OSM-NODE-5169269827-COMMERCIAL_SERVICES",
      "properties": {
        "evidence_status": "contextual",
        "id": "OSM-NODE-5169269827-COMMERCIAL_SERVICES",
        "layer": "commercial_services",
        "name": "静园水果店",
        "name:zh": "静园水果店",
        "osm_id": 5169269827,
        "osm_type": "node",
        "shop": "greengrocer"
      },
      "type": "Feature"
    },
    {
      "geometry": {
        "coordinates": [
          116.303131,
          39.980272
        ],
        "type": "Point"
      },
      "id": "OSM-NODE-5209904926-COMMERCIAL_SERVICES",
      "properties": {
        "evidence_status": "contextual",
        "id": "OSM-NODE-5209904926-COMMERCIAL_SERVICES",
        "layer": "commercial_services",
        "name": "物美便利店",
        "name:zh": "物美便利店",
        "osm_id": 5209904926,
        "osm_type": "node",
        "shop": "convenience"
      },
      "type": "Feature"
    },
    {
      "geometry": {
        "coordinates": [
          116.30851,
          39.994585
        ],
        "type": "Point"
      },
      "id": "OSM-NODE-5335960521-COMMERCIAL_SERVICES",
      "properties": {
        "evidence_status": "contextual",
        "id": "OSM-NODE-5335960521-COMMERCIAL_SERVICES",
        "layer": "commercial_services",
        "name": "U Center",
        "name:en": "U Center",
        "osm_id": 5335960521,
        "osm_type": "node",
        "shop": "supermarket"
      },
      "type": "Feature"
    },
    {
      "geometry": {
        "coordinates": [
          116.332975,
          39.990759
        ],
        "type": "Point"
      },
      "id": "OSM-NODE-5335960522-COMMERCIAL_SERVICES",
      "properties": {
        "evidence_status": "contextual",
        "id": "OSM-NODE-5335960522-COMMERCIAL_SERVICES",
        "layer": "commercial_services",
        "osm_id": 5335960522,
        "osm_type": "node",
        "shop": "supermarket"
      },
      "type": "Feature"
    },
    {
      "geometry": {
        "coordinates": [
          116.317646,
          39.991502
        ],
        "type": "Point"
      },
      "id": "OSM-NODE-5384910022-COMMERCIAL_SERVICES",
      "properties": {
        "evidence_status": "contextual",
        "id": "OSM-NODE-5384910022-COMMERCIAL_SERVICES",
        "layer": "commercial_services",
        "name": "Coffee Bakery",
        "name:en": "Coffee Bakery",
        "osm_id": 5384910022,
        "osm_type": "node",
        "shop": "bakery"
      },
      "type": "Feature"
    },
    {
      "geometry": {
        "coordinates": [
          116.33049,
          39.991944
        ],
        "type": "Point"
      },
      "id": "OSM-NODE-5384910024-COMMERCIAL_SERVICES",
      "properties": {
        "evidence_status": "contextual",
        "id": "OSM-NODE-5384910024-COMMERCIAL_SERVICES",
        "layer": "commercial_services",
        "name": "多乐之日",
        "name:en": "Tous les Jours",
        "name:zh": "多乐之日",
        "osm_id": 5384910024,
        "osm_type": "node",
        "shop": "bakery"
      },
      "type": "Feature"
    },
    {
      "geometry": {
        "coordinates": [
          116.358681,
          39.980184
        ],
        "type": "Point"
      },
      "id": "OSM-NODE-5384910221-COMMERCIAL_SERVICES",
      "properties": {
        "evidence_status": "contextual",
        "id": "OSM-NODE-5384910221-COMMERCIAL_SERVICES",
        "layer": "commercial_services",
        "name": "味多美",
        "name:en": "Wedome",
        "name:zh": "味多美",
        "osm_id": 5384910221,
        "osm_type": "node",
        "shop": "bakery"
      },
      "type": "Feature"
    },
    {
      "geometry": {
        "coordinates": [
          116.31407,
          39.97543
        ],
        "type": "Point"
      },
      "id": "OSM-NODE-5570615322-COMMERCIAL_SERVICES",
      "properties": {
        "evidence_status": "contextual",
        "id": "OSM-NODE-5570615322-COMMERCIAL_SERVICES",
        "layer": "commercial_services",
        "name": "7-Eleven",
        "osm_id": 5570615322,
        "osm_type": "node",
        "shop": "convenience"
      },
      "type": "Feature"
    },
    {
      "geometry": {
        "coordinates": [
          116.316691,
          40.042903
        ],
        "type": "Point"
      },
      "id": "OSM-NODE-5621641566-COMMERCIAL_SERVICES",
      "properties": {
        "evidence_status": "contextual",
        "id": "OSM-NODE-5621641566-COMMERCIAL_SERVICES",
        "layer": "commercial_services",
        "name": "迪亚天天上林溪店",
        "osm_id": 5621641566,
        "osm_type": "node",
        "shop": "supermarket"
      },
      "type": "Feature"
    },
    {
      "geometry": {
        "coordinates": [
          116.386722,
          40.008466
        ],
        "type": "Point"
      },
      "id": "OSM-NODE-5626071422-COMMERCIAL_SERVICES",
      "properties": {
        "evidence_status": "contextual",
        "id": "OSM-NODE-5626071422-COMMERCIAL_SERVICES",
        "layer": "commercial_services",
        "osm_id": 5626071422,
        "osm_type": "node",
        "shop": "convenience"
      },
      "type": "Feature"
    },
    {
      "geometry": {
        "coordinates": [
          116.350154,
          39.997705
        ],
        "type": "Point"
      },
      "id": "OSM-NODE-5671638103-COMMERCIAL_SERVICES",
      "properties": {
        "evidence_status": "contextual",
        "id": "OSM-NODE-5671638103-COMMERCIAL_SERVICES",
        "layer": "commercial_services",
        "name": "石科院小卖部",
        "name:zh": "石科院小卖部",
        "opening_hours": "Mo-Sa 08:00-18:00",
        "osm_id": 5671638103,
        "osm_type": "node",
        "shop": "supermarket"
      },
      "type": "Feature"
    },
    {
      "geometry": {
        "coordinates": [
          116.332764,
          39.997071
        ],
        "type": "Point"
      },
      "id": "OSM-NODE-5907569342-COMMERCIAL_SERVICES",
      "properties": {
        "evidence_status": "contextual",
        "id": "OSM-NODE-5907569342-COMMERCIAL_SERVICES",
        "layer": "commercial_services",
        "name": "北京三联韬奋24小时书店海淀分店",
        "name:zh": "北京三联韬奋24小时书店海淀分店",
        "opening_hours": "24/7",
        "osm_id": 5907569342,
        "osm_type": "node",
        "shop": "books"
      },
      "type": "Feature"
    },
    {
      "geometry": {
        "coordinates": [
          116.303032,
          39.987441
        ],
        "type": "Point"
      },
      "id": "OSM-NODE-5938457341-COMMERCIAL_SERVICES",
      "properties": {
        "evidence_status": "contextual",
        "id": "OSM-NODE-5938457341-COMMERCIAL_SERVICES",
        "layer": "commercial_services",
        "name": "全家",
        "name:en": "FamilyMart",
        "name:zh": "全家",
        "opening_hours": "24/7",
        "osm_id": 5938457341,
        "osm_type": "node",
        "shop": "convenience"
      },
      "type": "Feature"
    },
    {
      "geometry": {
        "coordinates": [
          116.389543,
          39.937232
        ],
        "type": "Point"
      },
      "id": "OSM-NODE-5964187085-COMMERCIAL_SERVICES",
      "properties": {
        "evidence_status": "contextual",
        "id": "OSM-NODE-5964187085-COMMERCIAL_SERVICES",
        "layer": "commercial_services",
        "name": "巴黎贝甜",
        "name:en": "Paris Baguette",
        "name:zh": "巴黎贝甜",
        "osm_id": 5964187085,
        "osm_type": "node",
        "shop": "bakery",
        "wheelchair": "limited"
      },
      "type": "Feature"
    },
    {
      "geometry": {
        "coordinates": [
          116.361535,
          39.960862
        ],
        "type": "Point"
      },
      "id": "OSM-NODE-6007120285-COMMERCIAL_SERVICES",
      "properties": {
        "evidence_status": "contextual",
        "id": "OSM-NODE-6007120285-COMMERCIAL_SERVICES",
        "layer": "commercial_services",
        "name": "乐育超市",
        "name:zh": "乐育超市",
        "osm_id": 6007120285,
        "osm_type": "node",
        "shop": "supermarket"
      },
      "type": "Feature"
    },
    {
      "geometry": {
        "coordinates": [
          116.319825,
          39.950218
        ],
        "type": "Point"
      },
      "id": "OSM-NODE-6050498786-COMMERCIAL_SERVICES",
      "properties": {
        "evidence_status": "contextual",
        "id": "OSM-NODE-6050498786-COMMERCIAL_SERVICES",
        "layer": "commercial_services",
        "name": "红星二锅头便民果蔬超市",
        "name:en": "Hi-24",
        "osm_id": 6050498786,
        "osm_type": "node",
        "shop": "greengrocer"
      },
      "type": "Feature"
    },
    {
      "geometry": {
        "coordinates": [
          116.3334,
          39.991144
        ],
        "type": "Point"
      },
      "id": "OSM-NODE-6081020371-COMMERCIAL_SERVICES",
      "properties": {
        "amenity": "cafe",
        "evidence_status": "contextual",
        "id": "OSM-NODE-6081020371-COMMERCIAL_SERVICES",
        "layer": "commercial_services",
        "name": "巴黎贝甜",
        "name:en": "Paris Baguette",
        "name:zh": "巴黎贝甜",
        "osm_id": 6081020371,
        "osm_type": "node",
        "shop": "bakery"
      },
      "type": "Feature"
    },
    {
      "geometry": {
        "coordinates": [
          116.338525,
          39.989097
        ],
        "type": "Point"
      },
      "id": "OSM-NODE-6081415443-COMMERCIAL_SERVICES",
      "properties": {
        "evidence_status": "contextual",
        "id": "OSM-NODE-6081415443-COMMERCIAL_SERVICES",
        "layer": "commercial_services",
        "name": "我的超市",
        "name:zh": "我的超市",
        "operator": "豆京怡",
        "osm_id": 6081415443,
        "osm_type": "node",
        "shop": "supermarket"
      },
      "type": "Feature"
    },
    {
      "geometry": {
        "coordinates": [
          116.384717,
          39.981041
        ],
        "type": "Point"
      },
      "id": "OSM-NODE-6158907788-COMMERCIAL_SERVICES",
      "properties": {
        "evidence_status": "contextual",
        "id": "OSM-NODE-6158907788-COMMERCIAL_SERVICES",
        "layer": "commercial_services",
        "name:en": "RT-market",
        "osm_id": 6158907788,
        "osm_type": "node",
        "shop": "department_store"
      },
      "type": "Feature"
    },
    {
      "geometry": {
        "coordinates": [
          116.365155,
          39.957163
        ],
        "type": "Point"
      },
      "id": "OSM-NODE-6382499566-COMMERCIAL_SERVICES",
      "properties": {
        "evidence_status": "contextual",
        "id": "OSM-NODE-6382499566-COMMERCIAL_SERVICES",
        "layer": "commercial_services",
        "opening_hours": "24/7",
        "osm_id": 6382499566,
        "osm_type": "node",
        "shop": "convenience"
      },
      "type": "Feature"
    },
    {
      "geometry": {
        "coordinates": [
          116.346549,
          39.939527
        ],
        "type": "Point"
      },
      "id": "OSM-NODE-6405873596-COMMERCIAL_SERVICES",
      "properties": {
        "evidence_status": "contextual",
        "id": "OSM-NODE-6405873596-COMMERCIAL_SERVICES",
        "layer": "commercial_services",
        "name": "便利蜂",
        "name:en": "Bianlifeng",
        "name:zh": "便利蜂",
        "osm_id": 6405873596,
        "osm_type": "node",
        "shop": "convenience"
      },
      "type": "Feature"
    },
    {
      "geometry": {
        "coordinates": [
          116.319386,
          39.972147
        ],
        "type": "Point"
      },
      "id": "OSM-NODE-6469160589-COMMERCIAL_SERVICES",
      "properties": {
        "evidence_status": "contextual",
        "id": "OSM-NODE-6469160589-COMMERCIAL_SERVICES",
        "layer": "commercial_services",
        "name": "知春东里超市",
        "osm_id": 6469160589,
        "osm_type": "node",
        "shop": "supermarket"
      },
      "type": "Feature"
    },
    {
      "geometry": {
        "coordinates": [
          116.304041,
          39.982466
        ],
        "type": "Point"
      },
      "id": "OSM-NODE-6482076828-COMMERCIAL_SERVICES",
      "properties": {
        "evidence_status": "contextual",
        "id": "OSM-NODE-6482076828-COMMERCIAL_SERVICES",
        "layer": "commercial_services",
        "name": "天天易家",
        "name:zh": "天天易家",
        "osm_id": 6482076828,
        "osm_type": "node",
        "shop": "convenience"
      },
      "type": "Feature"
    },
    {
      "geometry": {
        "coordinates": [
          116.301337,
          39.982425
        ],
        "type": "Point"
      },
      "id": "OSM-NODE-6494442531-COMMERCIAL_SERVICES",
      "properties": {
        "evidence_status": "contextual",
        "id": "OSM-NODE-6494442531-COMMERCIAL_SERVICES",
        "layer": "commercial_services",
        "name": "罗森",
        "name:en": "Lawson",
        "name:zh": "罗森",
        "operator": "罗森（中国）投资有限公司",
        "osm_id": 6494442531,
        "osm_type": "node",
        "shop": "convenience"
      },
      "type": "Feature"
    },
    {
      "geometry": {
        "coordinates": [
          116.327002,
          39.993135
        ],
        "type": "Point"
      },
      "id": "OSM-NODE-6533678187-COMMERCIAL_SERVICES",
      "properties": {
        "evidence_status": "contextual",
        "id": "OSM-NODE-6533678187-COMMERCIAL_SERVICES",
        "layer": "commercial_services",
        "name": "好利来",
        "name:en": "Holiland",
        "name:zh": "好利来",
        "osm_id": 6533678187,
        "osm_type": "node",
        "shop": "bakery"
      },
      "type": "Feature"
    },
    {
      "geometry": {
        "coordinates": [
          116.300437,
          39.976757
        ],
        "type": "Point"
      },
      "id": "OSM-NODE-6562194937-COMMERCIAL_SERVICES",
      "properties": {
        "evidence_status": "contextual",
        "id": "OSM-NODE-6562194937-COMMERCIAL_SERVICES",
        "layer": "commercial_services",
        "name": "便利蜂",
        "name:en": "Bianlifeng",
        "name:zh": "便利蜂",
        "osm_id": 6562194937,
        "osm_type": "node",
        "shop": "convenience"
      },
      "type": "Feature"
    },
    {
      "geometry": {
        "coordinates": [
          116.300091,
          39.980464
        ],
        "type": "Point"
      },
      "id": "OSM-NODE-6563787074-COMMERCIAL_SERVICES",
      "properties": {
        "evidence_status": "contextual",
        "id": "OSM-NODE-6563787074-COMMERCIAL_SERVICES",
        "layer": "commercial_services",
        "name": "便利蜂",
        "name:en": "Bianlifeng",
        "name:zh": "便利蜂",
        "osm_id": 6563787074,
        "osm_type": "node",
        "shop": "convenience"
      },
      "type": "Feature"
    },
    {
      "geometry": {
        "coordinates": [
          116.31423,
          39.975231
        ],
        "type": "Point"
      },
      "id": "OSM-NODE-6571333274-COMMERCIAL_SERVICES",
      "properties": {
        "evidence_status": "contextual",
        "id": "OSM-NODE-6571333274-COMMERCIAL_SERVICES",
        "layer": "commercial_services",
        "name": "便利蜂",
        "name:en": "Bianlifeng",
        "name:zh": "便利蜂",
        "osm_id": 6571333274,
        "osm_type": "node",
        "shop": "convenience"
      },
      "type": "Feature"
    },
    {
      "geometry": {
        "coordinates": [
          116.338102,
          39.984692
        ],
        "type": "Point"
      },
      "id": "OSM-NODE-6813595164-COMMERCIAL_SERVICES",
      "properties": {
        "evidence_status": "contextual",
        "id": "OSM-NODE-6813595164-COMMERCIAL_SERVICES",
        "layer": "commercial_services",
        "osm_id": 6813595164,
        "osm_type": "node",
        "shop": "bakery"
      },
      "type": "Feature"
    },
    {
      "geometry": {
        "coordinates": [
          116.384643,
          39.978055
        ],
        "type": "Point"
      },
      "id": "OSM-NODE-6813746866-COMMERCIAL_SERVICES",
      "properties": {
        "evidence_status": "contextual",
        "id": "OSM-NODE-6813746866-COMMERCIAL_SERVICES",
        "layer": "commercial_services",
        "name": "7-Eleven",
        "osm_id": 6813746866,
        "osm_type": "node",
        "shop": "convenience"
      },
      "type": "Feature"
    },
    {
      "geometry": {
        "coordinates": [
          116.387152,
          39.985351
        ],
        "type": "Point"
      },
      "id": "OSM-NODE-6813767322-COMMERCIAL_SERVICES",
      "properties": {
        "evidence_status": "contextual",
        "id": "OSM-NODE-6813767322-COMMERCIAL_SERVICES",
        "layer": "commercial_services",
        "osm_id": 6813767322,
        "osm_type": "node",
        "shop": "convenience"
      },
      "type": "Feature"
    },
    {
      "geometry": {
        "coordinates": [
          116.337905,
          39.956406
        ],
        "type": "Point"
      },
      "id": "OSM-NODE-6813886690-COMMERCIAL_SERVICES",
      "properties": {
        "evidence_status": "contextual",
        "id": "OSM-NODE-6813886690-COMMERCIAL_SERVICES",
        "layer": "commercial_services",
        "name:en": "April Gourmet",
        "osm_id": 6813886690,
        "osm_type": "node",
        "shop": "convenience"
      },
      "type": "Feature"
    },
    {
      "geometry": {
        "coordinates": [
          116.332442,
          39.990996
        ],
        "type": "Point"
      },
      "id": "OSM-NODE-7106415017-COMMERCIAL_SERVICES",
      "properties": {
        "evidence_status": "contextual",
        "id": "OSM-NODE-7106415017-COMMERCIAL_SERVICES",
        "layer": "commercial_services",
        "name": "PAGEONE",
        "name:en": "PAGEONE",
        "osm_id": 7106415017,
        "osm_type": "node",
        "shop": "books"
      },
      "type": "Feature"
    },
    {
      "geometry": {
        "coordinates": [
          116.332838,
          39.990855
        ],
        "type": "Point"
      },
      "id": "OSM-NODE-7108286781-COMMERCIAL_SERVICES",
      "properties": {
        "evidence_status": "contextual",
        "id": "OSM-NODE-7108286781-COMMERCIAL_SERVICES",
        "layer": "commercial_services",
        "name": "7-Eleven",
        "osm_id": 7108286781,
        "osm_type": "node",
        "shop": "convenience"
      },
      "type": "Feature"
    },
    {
      "geometry": {
        "coordinates": [
          116.326993,
          39.993331
        ],
        "type": "Point"
      },
      "id": "OSM-NODE-7108316611-COMMERCIAL_SERVICES",
      "properties": {
        "evidence_status": "contextual",
        "id": "OSM-NODE-7108316611-COMMERCIAL_SERVICES",
        "layer": "commercial_services",
        "name": "便利蜂",
        "name:en": "Bianlifeng",
        "name:zh": "便利蜂",
        "osm_id": 7108316611,
        "osm_type": "node",
        "shop": "convenience"
      },
      "type": "Feature"
    },
    {
      "geometry": {
        "coordinates": [
          116.375766,
          40.000222
        ],
        "type": "Point"
      },
      "id": "OSM-NODE-7108372749-COMMERCIAL_SERVICES",
      "properties": {
        "evidence_status": "contextual",
        "id": "OSM-NODE-7108372749-COMMERCIAL_SERVICES",
        "layer": "commercial_services",
        "name": "全时",
        "name:zh": "全时",
        "osm_id": 7108372749,
        "osm_type": "node",
        "shop": "convenience"
      },
      "type": "Feature"
    },
    {
      "geometry": {
        "coordinates": [
          116.363476,
          39.975755
        ],
        "type": "Point"
      },
      "id": "OSM-NODE-7139556685-COMMERCIAL_SERVICES",
      "properties": {
        "amenity": "cafe",
        "evidence_status": "contextual",
        "id": "OSM-NODE-7139556685-COMMERCIAL_SERVICES",
        "layer": "commercial_services",
        "name": "好利来",
        "name:en": "Holiland",
        "name:zh": "好利来",
        "osm_id": 7139556685,
        "osm_type": "node",
        "shop": "bakery"
      },
      "type": "Feature"
    },
    {
      "geometry": {
        "coordinates": [
          116.387994,
          39.99903
        ],
        "type": "Point"
      },
      "id": "OSM-NODE-7140582378-COMMERCIAL_SERVICES",
      "properties": {
        "evidence_status": "contextual",
        "id": "OSM-NODE-7140582378-COMMERCIAL_SERVICES",
        "layer": "commercial_services",
        "name": "原麦山丘",
        "name:en": "With Wheat",
        "name:zh": "原麦山丘",
        "osm_id": 7140582378,
        "osm_type": "node",
        "shop": "bakery"
      },
      "type": "Feature"
    },
    {
      "geometry": {
        "coordinates": [
          116.388117,
          39.998494
        ],
        "type": "Point"
      },
      "id": "OSM-NODE-7140594266-COMMERCIAL_SERVICES",
      "properties": {
        "evidence_status": "contextual",
        "id": "OSM-NODE-7140594266-COMMERCIAL_SERVICES",
        "layer": "commercial_services",
        "name": "屈臣氏",
        "name:en": "Watsons",
        "name:zh": "屈臣氏",
        "osm_id": 7140594266,
        "osm_type": "node",
        "shop": "chemist"
      },
      "type": "Feature"
    },
    {
      "geometry": {
        "coordinates": [
          116.381332,
          39.998855
        ],
        "type": "Point"
      },
      "id": "OSM-NODE-7410711598-COMMERCIAL_SERVICES",
      "properties": {
        "evidence_status": "contextual",
        "id": "OSM-NODE-7410711598-COMMERCIAL_SERVICES",
        "layer": "commercial_services",
        "name": "便利蜂",
        "name:en": "Bianlifeng",
        "name:zh": "便利蜂",
        "osm_id": 7410711598,
        "osm_type": "node",
        "shop": "convenience"
      },
      "type": "Feature"
    },
    {
      "geometry": {
        "coordinates": [
          116.380938,
          39.981828
        ],
        "type": "Point"
      },
      "id": "OSM-NODE-7417100281-COMMERCIAL_SERVICES",
      "properties": {
        "evidence_status": "contextual",
        "id": "OSM-NODE-7417100281-COMMERCIAL_SERVICES",
        "layer": "commercial_services",
        "name": "便利蜂",
        "name:en": "Bianlifeng",
        "name:zh": "便利蜂",
        "osm_id": 7417100281,
        "osm_type": "node",
        "shop": "convenience"
      },
      "type": "Feature"
    },
    {
      "geometry": {
        "coordinates": [
          116.380938,
          39.981673
        ],
        "type": "Point"
      },
      "id": "OSM-NODE-7417100282-COMMERCIAL_SERVICES",
      "properties": {
        "evidence_status": "contextual",
        "id": "OSM-NODE-7417100282-COMMERCIAL_SERVICES",
        "layer": "commercial_services",
        "name": "全时",
        "osm_id": 7417100282,
        "osm_type": "node",
        "shop": "convenience"
      },
      "type": "Feature"
    },
    {
      "geometry": {
        "coordinates": [
          116.336404,
          40.013387
        ],
        "type": "Point"
      },
      "id": "OSM-NODE-7417139574-COMMERCIAL_SERVICES",
      "properties": {
        "evidence_status": "contextual",
        "id": "OSM-NODE-7417139574-COMMERCIAL_SERVICES",
        "layer": "commercial_services",
        "name": "便利蜂",
        "name:en": "Bianlifeng",
        "name:zh": "便利蜂",
        "osm_id": 7417139574,
        "osm_type": "node",
        "shop": "convenience"
      },
      "type": "Feature"
    },
    {
      "geometry": {
        "coordinates": [
          116.336324,
          40.006419
        ],
        "type": "Point"
      },
      "id": "OSM-NODE-7417250305-COMMERCIAL_SERVICES",
      "properties": {
        "evidence_status": "contextual",
        "id": "OSM-NODE-7417250305-COMMERCIAL_SERVICES",
        "layer": "commercial_services",
        "name": "便利蜂",
        "name:en": "Bianlifeng",
        "name:zh": "便利蜂",
        "osm_id": 7417250305,
        "osm_type": "node",
        "shop": "convenience"
      },
      "type": "Feature"
    },
    {
      "geometry": {
        "coordinates": [
          116.327684,
          39.982839
        ],
        "type": "Point"
      },
      "id": "OSM-NODE-7417260919-COMMERCIAL_SERVICES",
      "properties": {
        "evidence_status": "contextual",
        "id": "OSM-NODE-7417260919-COMMERCIAL_SERVICES",
        "layer": "commercial_services",
        "name": "便利蜂",
        "name:en": "Bianlifeng",
        "name:zh": "便利蜂",
        "osm_id": 7417260919,
        "osm_type": "node",
        "shop": "convenience"
      },
      "type": "Feature"
    },
    {
      "geometry": {
        "coordinates": [
          116.349096,
          39.963389
        ],
        "type": "Point"
      },
      "id": "OSM-NODE-7426396546-COMMERCIAL_SERVICES",
      "properties": {
        "evidence_status": "contextual",
        "id": "OSM-NODE-7426396546-COMMERCIAL_SERVICES",
        "layer": "commercial_services",
        "name": "便利蜂",
        "name:zh": "便利蜂",
        "osm_id": 7426396546,
        "osm_type": "node",
        "shop": "convenience"
      },
      "type": "Feature"
    },
    {
      "geometry": {
        "coordinates": [
          116.372332,
          39.969489
        ],
        "type": "Point"
      },
      "id": "OSM-NODE-7430323272-COMMERCIAL_SERVICES",
      "properties": {
        "evidence_status": "contextual",
        "id": "OSM-NODE-7430323272-COMMERCIAL_SERVICES",
        "layer": "commercial_services",
        "name": "便利蜂",
        "name:en": "Bianlifeng",
        "name:zh": "便利蜂",
        "osm_id": 7430323272,
        "osm_type": "node",
        "shop": "convenience"
      },
      "type": "Feature"
    },
    {
      "geometry": {
        "coordinates": [
          116.378154,
          39.962385
        ],
        "type": "Point"
      },
      "id": "OSM-NODE-7430348402-COMMERCIAL_SERVICES",
      "properties": {
        "evidence_status": "contextual",
        "id": "OSM-NODE-7430348402-COMMERCIAL_SERVICES",
        "layer": "commercial_services",
        "name": "便利蜂",
        "name:en": "Bianlifeng",
        "name:zh": "便利蜂",
        "osm_id": 7430348402,
        "osm_type": "node",
        "shop": "convenience"
      },
      "type": "Feature"
    },
    {
      "geometry": {
        "coordinates": [
          116.37841,
          39.966425
        ],
        "type": "Point"
      },
      "id": "OSM-NODE-7430348551-COMMERCIAL_SERVICES",
      "properties": {
        "evidence_status": "contextual",
        "id": "OSM-NODE-7430348551-COMMERCIAL_SERVICES",
        "layer": "commercial_services",
        "name": "便利蜂",
        "name:en": "Bianlifeng",
        "name:zh": "便利蜂",
        "osm_id": 7430348551,
        "osm_type": "node",
        "shop": "convenience"
      },
      "type": "Feature"
    },
    {
      "geometry": {
        "coordinates": [
          116.369756,
          39.949838
        ],
        "type": "Point"
      },
      "id": "OSM-NODE-7430384995-COMMERCIAL_SERVICES",
      "properties": {
        "evidence_status": "contextual",
        "id": "OSM-NODE-7430384995-COMMERCIAL_SERVICES",
        "layer": "commercial_services",
        "name": "便利蜂",
        "name:en": "Bianlifeng",
        "name:zh": "便利蜂",
        "osm_id": 7430384995,
        "osm_type": "node",
        "shop": "convenience"
      },
      "type": "Feature"
    },
    {
      "geometry": {
        "coordinates": [
          116.340439,
          40.028784
        ],
        "type": "Point"
      },
      "id": "OSM-NODE-7437725450-COMMERCIAL_SERVICES",
      "properties": {
        "evidence_status": "contextual",
        "id": "OSM-NODE-7437725450-COMMERCIAL_SERVICES",
        "layer": "commercial_services",
        "name": "便利蜂",
        "name:en": "Bianlifeng",
        "name:zh": "便利蜂",
        "osm_id": 7437725450,
        "osm_type": "node",
        "shop": "convenience"
      },
      "type": "Feature"
    },
    {
      "geometry": {
        "coordinates": [
          116.304678,
          40.026061
        ],
        "type": "Point"
      },
      "id": "OSM-NODE-7437754416-COMMERCIAL_SERVICES",
      "properties": {
        "evidence_status": "contextual",
        "id": "OSM-NODE-7437754416-COMMERCIAL_SERVICES",
        "layer": "commercial_services",
        "name": "便利蜂",
        "name:en": "Bianlifeng",
        "name:zh": "便利蜂",
        "osm_id": 7437754416,
        "osm_type": "node",
        "shop": "convenience"
      },
      "type": "Feature"
    },
    {
      "geometry": {
        "coordinates": [
          116.301537,
          40.035348
        ],
        "type": "Point"
      },
      "id": "OSM-NODE-7437761515-COMMERCIAL_SERVICES",
      "properties": {
        "evidence_status": "contextual",
        "id": "OSM-NODE-7437761515-COMMERCIAL_SERVICES",
        "layer": "commercial_services",
        "name": "便利蜂",
        "name:en": "Bianlifeng",
        "name:zh": "便利蜂",
        "osm_id": 7437761515,
        "osm_type": "node",
        "shop": "convenience"
      },
      "type": "Feature"
    },
    {
      "geometry": {
        "coordinates": [
          116.349339,
          40.034693
        ],
        "type": "Point"
      },
      "id": "OSM-NODE-7437777705-COMMERCIAL_SERVICES",
      "properties": {
        "evidence_status": "contextual",
        "id": "OSM-NODE-7437777705-COMMERCIAL_SERVICES",
        "layer": "commercial_services",
        "name": "便利蜂",
        "name:en": "Bianlifeng",
        "name:zh": "便利蜂",
        "osm_id": 7437777705,
        "osm_type": "node",
        "shop": "convenience"
      },
      "type": "Feature"
    },
    {
      "geometry": {
        "coordinates": [
          116.364492,
          39.975755
        ],
        "type": "Point"
      },
      "id": "OSM-NODE-7456942449-COMMERCIAL_SERVICES",
      "properties": {
        "evidence_status": "contextual",
        "id": "OSM-NODE-7456942449-COMMERCIAL_SERVICES",
        "layer": "commercial_services",
        "name": "味多美",
        "name:en": "Wedome",
        "name:zh": "味多美",
        "osm_id": 7456942449,
        "osm_type": "node",
        "shop": "bakery"
      },
      "type": "Feature"
    },
    {
      "geometry": {
        "coordinates": [
          116.374109,
          39.962223
        ],
        "type": "Point"
      },
      "id": "OSM-NODE-7456943094-COMMERCIAL_SERVICES",
      "properties": {
        "evidence_status": "contextual",
        "id": "OSM-NODE-7456943094-COMMERCIAL_SERVICES",
        "layer": "commercial_services",
        "name": "味多美",
        "name:en": "Wedome",
        "name:zh": "味多美",
        "osm_id": 7456943094,
        "osm_type": "node",
        "shop": "bakery"
      },
      "type": "Feature"
    },
    {
      "geometry": {
        "coordinates": [
          116.369647,
          39.966299
        ],
        "type": "Point"
      },
      "id": "OSM-NODE-7456944524-COMMERCIAL_SERVICES",
      "properties": {
        "evidence_status": "contextual",
        "id": "OSM-NODE-7456944524-COMMERCIAL_SERVICES",
        "layer": "commercial_services",
        "name": "味多美",
        "name:en": "Wedome",
        "name:zh": "味多美",
        "opening_hours": "Mo-Su 07:30-21:00",
        "osm_id": 7456944524,
        "osm_type": "node",
        "shop": "bakery"
      },
      "type": "Feature"
    },
    {
      "geometry": {
        "coordinates": [
          116.374578,
          39.97987
        ],
        "type": "Point"
      },
      "id": "OSM-NODE-7456947236-COMMERCIAL_SERVICES",
      "properties": {
        "evidence_status": "contextual",
        "id": "OSM-NODE-7456947236-COMMERCIAL_SERVICES",
        "layer": "commercial_services",
        "name": "味多美",
        "name:en": "Wedome",
        "name:zh": "味多美",
        "osm_id": 7456947236,
        "osm_type": "node",
        "shop": "bakery"
      },
      "type": "Feature"
    },
    {
      "geometry": {
        "coordinates": [
          116.330319,
          40.035845
        ],
        "type": "Point"
      },
      "id": "OSM-NODE-7461115067-COMMERCIAL_SERVICES",
      "properties": {
        "evidence_status": "contextual",
        "id": "OSM-NODE-7461115067-COMMERCIAL_SERVICES",
        "layer": "commercial_services",
        "name": "新发地嘉果一品",
        "osm_id": 7461115067,
        "osm_type": "node",
        "shop": "greengrocer"
      },
      "type": "Feature"
    },
    {
      "geometry": {
        "coordinates": [
          116.302471,
          40.034898
        ],
        "type": "Point"
      },
      "id": "OSM-NODE-7465178537-COMMERCIAL_SERVICES",
      "properties": {
        "evidence_status": "contextual",
        "id": "OSM-NODE-7465178537-COMMERCIAL_SERVICES",
        "layer": "commercial_services",
        "name": "好利来",
        "name:en": "Holiland",
        "name:zh": "好利来",
        "osm_id": 7465178537,
        "osm_type": "node",
        "shop": "bakery"
      },
      "type": "Feature"
    },
    {
      "geometry": {
        "coordinates": [
          116.375731,
          39.97569
        ],
        "type": "Point"
      },
      "id": "OSM-NODE-7477574231-COMMERCIAL_SERVICES",
      "properties": {
        "evidence_status": "contextual",
        "id": "OSM-NODE-7477574231-COMMERCIAL_SERVICES",
        "layer": "commercial_services",
        "name": "7-Eleven",
        "osm_id": 7477574231,
        "osm_type": "node",
        "shop": "convenience"
      },
      "type": "Feature"
    },
    {
      "geometry": {
        "coordinates": [
          116.34113,
          40.032212
        ],
        "type": "Point"
      },
      "id": "OSM-NODE-7495690193-COMMERCIAL_SERVICES",
      "properties": {
        "evidence_status": "contextual",
        "id": "OSM-NODE-7495690193-COMMERCIAL_SERVICES",
        "layer": "commercial_services",
        "name": "全时",
        "osm_id": 7495690193,
        "osm_type": "node",
        "shop": "convenience"
      },
      "type": "Feature"
    },
    {
      "geometry": {
        "coordinates": [
          116.349843,
          39.951741
        ],
        "type": "Point"
      },
      "id": "OSM-NODE-7533114159-COMMERCIAL_SERVICES",
      "properties": {
        "evidence_status": "contextual",
        "id": "OSM-NODE-7533114159-COMMERCIAL_SERVICES",
        "layer": "commercial_services",
        "name": "原麦山丘",
        "name:en": "With Wheat",
        "name:zh": "原麦山丘",
        "osm_id": 7533114159,
        "osm_type": "node",
        "shop": "bakery"
      },
      "type": "Feature"
    },
    {
      "geometry": {
        "coordinates": [
          116.343872,
          40.042142
        ],
        "type": "Point"
      },
      "id": "OSM-NODE-7535488173-COMMERCIAL_SERVICES",
      "properties": {
        "evidence_status": "contextual",
        "id": "OSM-NODE-7535488173-COMMERCIAL_SERVICES",
        "layer": "commercial_services",
        "name": "盒马鲜生",
        "name:en": "Fresh Hema",
        "name:zh": "盒马鲜生",
        "osm_id": 7535488173,
        "osm_type": "node",
        "shop": "supermarket"
      },
      "type": "Feature"
    },
    {
      "geometry": {
        "coordinates": [
          116.343396,
          40.041994
        ],
        "type": "Point"
      },
      "id": "OSM-NODE-7535488174-COMMERCIAL_SERVICES",
      "properties": {
        "evidence_status": "contextual",
        "id": "OSM-NODE-7535488174-COMMERCIAL_SERVICES",
        "layer": "commercial_services",
        "name": "屈臣氏",
        "name:en": "Watsons",
        "name:zh": "屈臣氏",
        "osm_id": 7535488174,
        "osm_type": "node",
        "shop": "chemist"
      },
      "type": "Feature"
    },
    {
      "geometry": {
        "coordinates": [
          116.326428,
          40.029174
        ],
        "type": "Point"
      },
      "id": "OSM-NODE-7541072712-COMMERCIAL_SERVICES",
      "properties": {
        "evidence_status": "contextual",
        "id": "OSM-NODE-7541072712-COMMERCIAL_SERVICES",
        "layer": "commercial_services",
        "name": "屈臣氏",
        "name:en": "Watsons",
        "name:zh": "屈臣氏",
        "osm_id": 7541072712,
        "osm_type": "node",
        "shop": "chemist"
      },
      "type": "Feature"
    },
    {
      "geometry": {
        "coordinates": [
          116.384135,
          39.980849
        ],
        "type": "Point"
      },
      "id": "OSM-NODE-7551966242-COMMERCIAL_SERVICES",
      "properties": {
        "evidence_status": "contextual",
        "id": "OSM-NODE-7551966242-COMMERCIAL_SERVICES",
        "layer": "commercial_services",
        "name": "味多美",
        "name:en": "Wedome",
        "name:zh": "味多美",
        "osm_id": 7551966242,
        "osm_type": "node",
        "shop": "bakery"
      },
      "type": "Feature"
    },
    {
      "geometry": {
        "coordinates": [
          116.384084,
          39.98073
        ],
        "type": "Point"
      },
      "id": "OSM-NODE-7551966243-COMMERCIAL_SERVICES",
      "properties": {
        "evidence_status": "contextual",
        "id": "OSM-NODE-7551966243-COMMERCIAL_SERVICES",
        "layer": "commercial_services",
        "name": "屈臣氏",
        "osm_id": 7551966243,
        "osm_type": "node",
        "shop": "chemist"
      },
      "type": "Feature"
    },
    {
      "geometry": {
        "coordinates": [
          116.347499,
          40.007116
        ],
        "type": "Point"
      },
      "id": "OSM-NODE-7555150957-COMMERCIAL_SERVICES",
      "properties": {
        "evidence_status": "contextual",
        "id": "OSM-NODE-7555150957-COMMERCIAL_SERVICES",
        "layer": "commercial_services",
        "name": "好利来",
        "name:en": "Holiland",
        "name:zh": "好利来",
        "osm_id": 7555150957,
        "osm_type": "node",
        "shop": "bakery"
      },
      "type": "Feature"
    },
    {
      "geometry": {
        "coordinates": [
          116.306052,
          40.029698
        ],
        "type": "Point"
      },
      "id": "OSM-NODE-7559231466-COMMERCIAL_SERVICES",
      "properties": {
        "evidence_status": "contextual",
        "id": "OSM-NODE-7559231466-COMMERCIAL_SERVICES",
        "layer": "commercial_services",
        "name": "罗森",
        "name:en": "Lawson",
        "name:zh": "罗森",
        "operator": "罗森（中国）投资有限公司",
        "osm_id": 7559231466,
        "osm_type": "node",
        "shop": "convenience"
      },
      "type": "Feature"
    },
    {
      "geometry": {
        "coordinates": [
          116.30609,
          40.029551
        ],
        "type": "Point"
      },
      "id": "OSM-NODE-7559671629-COMMERCIAL_SERVICES",
      "properties": {
        "evidence_status": "contextual",
        "id": "OSM-NODE-7559671629-COMMERCIAL_SERVICES",
        "layer": "commercial_services",
        "name": "超市发",
        "osm_id": 7559671629,
        "osm_type": "node",
        "shop": "supermarket"
      },
      "type": "Feature"
    },
    {
      "geometry": {
        "coordinates": [
          116.345721,
          40.028231
        ],
        "type": "Point"
      },
      "id": "OSM-NODE-7569440571-COMMERCIAL_SERVICES",
      "properties": {
        "evidence_status": "contextual",
        "id": "OSM-NODE-7569440571-COMMERCIAL_SERVICES",
        "layer": "commercial_services",
        "name": "物美",
        "osm_id": 7569440571,
        "osm_type": "node",
        "shop": "supermarket"
      },
      "type": "Feature"
    },
    {
      "geometry": {
        "coordinates": [
          116.339919,
          40.029208
        ],
        "type": "Point"
      },
      "id": "OSM-NODE-7590691547-COMMERCIAL_SERVICES",
      "properties": {
        "evidence_status": "contextual",
        "id": "OSM-NODE-7590691547-COMMERCIAL_SERVICES",
        "layer": "commercial_services",
        "name": "好利来",
        "name:en": "Holiland",
        "name:zh": "好利来",
        "osm_id": 7590691547,
        "osm_type": "node",
        "shop": "bakery"
      },
      "type": "Feature"
    },
    {
      "geometry": {
        "coordinates": [
          116.32062,
          39.983387
        ],
        "type": "Point"
      },
      "id": "OSM-NODE-7611727420-COMMERCIAL_SERVICES",
      "properties": {
        "evidence_status": "contextual",
        "id": "OSM-NODE-7611727420-COMMERCIAL_SERVICES",
        "layer": "commercial_services",
        "name": "钟书阁",
        "name:zh": "钟书阁",
        "osm_id": 7611727420,
        "osm_type": "node",
        "shop": "books"
      },
      "type": "Feature"
    },
    {
      "geometry": {
        "coordinates": [
          116.346478,
          40.013313
        ],
        "type": "Point"
      },
      "id": "OSM-NODE-7697597309-COMMERCIAL_SERVICES",
      "properties": {
        "evidence_status": "contextual",
        "id": "OSM-NODE-7697597309-COMMERCIAL_SERVICES",
        "layer": "commercial_services",
        "name": "全家",
        "name:en": "FamilyMart",
        "name:zh": "全家",
        "osm_id": 7697597309,
        "osm_type": "node",
        "shop": "convenience"
      },
      "type": "Feature"
    },
    {
      "geometry": {
        "coordinates": [
          116.367002,
          40.008626
        ],
        "type": "Point"
      },
      "id": "OSM-NODE-7944773440-COMMERCIAL_SERVICES",
      "properties": {
        "evidence_status": "contextual",
        "id": "OSM-NODE-7944773440-COMMERCIAL_SERVICES",
        "layer": "commercial_services",
        "name": "好利来",
        "name:en": "Holiland",
        "name:zh": "好利来",
        "osm_id": 7944773440,
        "osm_type": "node",
        "shop": "bakery"
      },
      "type": "Feature"
    },
    {
      "geometry": {
        "coordinates": [
          116.365458,
          39.944862
        ],
        "type": "Point"
      },
      "id": "OSM-NODE-8018444417-COMMERCIAL_SERVICES",
      "properties": {
        "evidence_status": "contextual",
        "id": "OSM-NODE-8018444417-COMMERCIAL_SERVICES",
        "layer": "commercial_services",
        "name": "便利蜂",
        "name:en": "Bianlifeng",
        "name:zh": "便利蜂",
        "osm_id": 8018444417,
        "osm_type": "node",
        "shop": "convenience"
      },
      "type": "Feature"
    },
    {
      "geometry": {
        "coordinates": [
          116.365172,
          39.944974
        ],
        "type": "Point"
      },
      "id": "OSM-NODE-8018444420-COMMERCIAL_SERVICES",
      "properties": {
        "evidence_status": "contextual",
        "id": "OSM-NODE-8018444420-COMMERCIAL_SERVICES",
        "layer": "commercial_services",
        "name": "木北造型",
        "osm_id": 8018444420,
        "osm_type": "node",
        "shop": "hairdresser"
      },
      "type": "Feature"
    },
    {
      "geometry": {
        "coordinates": [
          116.313879,
          39.965722
        ],
        "type": "Point"
      },
      "id": "OSM-NODE-8024541489-COMMERCIAL_SERVICES",
      "properties": {
        "evidence_status": "contextual",
        "id": "OSM-NODE-8024541489-COMMERCIAL_SERVICES",
        "layer": "commercial_services",
        "name": "味多美",
        "name:en": "Wedome",
        "name:zh": "味多美",
        "osm_id": 8024541489,
        "osm_type": "node",
        "shop": "bakery"
      },
      "type": "Feature"
    },
    {
      "geometry": {
        "coordinates": [
          116.326433,
          40.038899
        ],
        "type": "Point"
      },
      "id": "OSM-NODE-837167083-COMMERCIAL_SERVICES",
      "properties": {
        "evidence_status": "contextual",
        "id": "OSM-NODE-837167083-COMMERCIAL_SERVICES",
        "layer": "commercial_services",
        "name": "超市发方圆店",
        "osm_id": 837167083,
        "osm_type": "node",
        "shop": "supermarket"
      },
      "type": "Feature"
    },
    {
      "geometry": {
        "coordinates": [
          116.325167,
          40.038956
        ],
        "type": "Point"
      },
      "id": "OSM-NODE-837167544-COMMERCIAL_SERVICES",
      "properties": {
        "evidence_status": "contextual",
        "id": "OSM-NODE-837167544-COMMERCIAL_SERVICES",
        "layer": "commercial_services",
        "name": "迪亚天天超市",
        "osm_id": 837167544,
        "osm_type": "node",
        "shop": "supermarket"
      },
      "type": "Feature"
    },
    {
      "geometry": {
        "coordinates": [
          116.325285,
          40.038701
        ],
        "type": "Point"
      },
      "id": "OSM-NODE-837167545-COMMERCIAL_SERVICES",
      "properties": {
        "amenity": "fast_food",
        "evidence_status": "contextual",
        "id": "OSM-NODE-837167545-COMMERCIAL_SERVICES",
        "layer": "commercial_services",
        "name": "好利来",
        "name:en": "Holiland",
        "name:zh": "好利来",
        "osm_id": 837167545,
        "osm_type": "node",
        "shop": "bakery"
      },
      "type": "Feature"
    },
    {
      "geometry": {
        "coordinates": [
          116.389903,
          39.938097
        ],
        "type": "Point"
      },
      "id": "OSM-NODE-8433020817-COMMERCIAL_SERVICES",
      "properties": {
        "evidence_status": "contextual",
        "id": "OSM-NODE-8433020817-COMMERCIAL_SERVICES",
        "layer": "commercial_services",
        "name": "起司家",
        "osm_id": 8433020817,
        "osm_type": "node",
        "shop": "bakery"
      },
      "type": "Feature"
    },
    {
      "geometry": {
        "coordinates": [
          116.300636,
          39.967059
        ],
        "type": "Point"
      },
      "id": "OSM-NODE-8463341091-COMMERCIAL_SERVICES",
      "properties": {
        "evidence_status": "contextual",
        "id": "OSM-NODE-8463341091-COMMERCIAL_SERVICES",
        "layer": "commercial_services",
        "name": "木北造型",
        "osm_id": 8463341091,
        "osm_type": "node",
        "shop": "hairdresser"
      },
      "type": "Feature"
    },
    {
      "geometry": {
        "coordinates": [
          116.30064,
          39.967027
        ],
        "type": "Point"
      },
      "id": "OSM-NODE-8463341093-COMMERCIAL_SERVICES",
      "properties": {
        "evidence_status": "contextual",
        "id": "OSM-NODE-8463341093-COMMERCIAL_SERVICES",
        "layer": "commercial_services",
        "name": "罗森",
        "name:en": "Lawson",
        "name:zh": "罗森",
        "operator": "罗森（中国）投资有限公司",
        "osm_id": 8463341093,
        "osm_type": "node",
        "shop": "convenience"
      },
      "type": "Feature"
    },
    {
      "geometry": {
        "coordinates": [
          116.372091,
          40.00012
        ],
        "type": "Point"
      },
      "id": "OSM-NODE-8493761185-COMMERCIAL_SERVICES",
      "properties": {
        "evidence_status": "contextual",
        "id": "OSM-NODE-8493761185-COMMERCIAL_SERVICES",
        "layer": "commercial_services",
        "name": "7-Eleven",
        "osm_id": 8493761185,
        "osm_type": "node",
        "shop": "convenience"
      },
      "type": "Feature"
    },
    {
      "geometry": {
        "coordinates": [
          116.325767,
          39.966823
        ],
        "type": "Point"
      },
      "id": "OSM-NODE-8649462287-COMMERCIAL_SERVICES",
      "properties": {
        "evidence_status": "contextual",
        "id": "OSM-NODE-8649462287-COMMERCIAL_SERVICES",
        "layer": "commercial_services",
        "name": "全时",
        "osm_id": 8649462287,
        "osm_type": "node",
        "shop": "convenience"
      },
      "type": "Feature"
    },
    {
      "geometry": {
        "coordinates": [
          116.325795,
          39.966541
        ],
        "type": "Point"
      },
      "id": "OSM-NODE-8649462288-COMMERCIAL_SERVICES",
      "properties": {
        "evidence_status": "contextual",
        "id": "OSM-NODE-8649462288-COMMERCIAL_SERVICES",
        "layer": "commercial_services",
        "name": "水果店",
        "osm_id": 8649462288,
        "osm_type": "node",
        "shop": "greengrocer"
      },
      "type": "Feature"
    },
    {
      "geometry": {
        "coordinates": [
          116.325528,
          39.967115
        ],
        "type": "Point"
      },
      "id": "OSM-NODE-8666348287-COMMERCIAL_SERVICES",
      "properties": {
        "evidence_status": "contextual",
        "id": "OSM-NODE-8666348287-COMMERCIAL_SERVICES",
        "layer": "commercial_services",
        "name": "便利店",
        "osm_id": 8666348287,
        "osm_type": "node",
        "shop": "convenience"
      },
      "type": "Feature"
    },
    {
      "geometry": {
        "coordinates": [
          116.327287,
          39.971342
        ],
        "type": "Point"
      },
      "id": "OSM-NODE-8666348301-COMMERCIAL_SERVICES",
      "properties": {
        "alt_name": "京客隆",
        "evidence_status": "contextual",
        "id": "OSM-NODE-8666348301-COMMERCIAL_SERVICES",
        "layer": "commercial_services",
        "name": "京客隆",
        "name:en": "Jingkelong",
        "name:zh": "京客隆",
        "osm_id": 8666348301,
        "osm_type": "node",
        "shop": "supermarket"
      },
      "type": "Feature"
    },
    {
      "geometry": {
        "coordinates": [
          116.327494,
          39.969001
        ],
        "type": "Point"
      },
      "id": "OSM-NODE-8666348304-COMMERCIAL_SERVICES",
      "properties": {
        "evidence_status": "contextual",
        "id": "OSM-NODE-8666348304-COMMERCIAL_SERVICES",
        "layer": "commercial_services",
        "name": "乔思国际美容美发SPA会所旗舰店",
        "operator": "乔思国际",
        "osm_id": 8666348304,
        "osm_type": "node",
        "shop": "hairdresser"
      },
      "type": "Feature"
    },
    {
      "geometry": {
        "coordinates": [
          116.325775,
          39.966678
        ],
        "type": "Point"
      },
      "id": "OSM-NODE-8666348305-COMMERCIAL_SERVICES",
      "properties": {
        "evidence_status": "contextual",
        "id": "OSM-NODE-8666348305-COMMERCIAL_SERVICES",
        "layer": "commercial_services",
        "name": "妆佳丽人",
        "osm_id": 8666348305,
        "osm_type": "node",
        "shop": "hairdresser"
      },
      "type": "Feature"
    },
    {
      "geometry": {
        "coordinates": [
          116.346217,
          39.992253
        ],
        "type": "Point"
      },
      "id": "OSM-NODE-875461477-COMMERCIAL_SERVICES",
      "properties": {
        "evidence_status": "contextual",
        "id": "OSM-NODE-875461477-COMMERCIAL_SERVICES",
        "layer": "commercial_services",
        "name": "超市发（学院路店）",
        "name:zh": "超市发（学院路店）",
        "osm_id": 875461477,
        "osm_type": "node",
        "shop": "supermarket"
      },
      "type": "Feature"
    },
    {
      "geometry": {
        "coordinates": [
          116.304944,
          39.941532
        ],
        "type": "Point"
      },
      "id": "OSM-NODE-8808820146-COMMERCIAL_SERVICES",
      "properties": {
        "alt_name": "新官园花鸟鱼虫市场",
        "evidence_status": "contextual",
        "id": "OSM-NODE-8808820146-COMMERCIAL_SERVICES",
        "layer": "commercial_services",
        "name": "广源工艺品市场",
        "name:en": "Xinguanyuan Pets Market",
        "osm_id": 8808820146,
        "osm_type": "node",
        "shop": "mall"
      },
      "type": "Feature"
    },
    {
      "geometry": {
        "coordinates": [
          116.359189,
          39.980697
        ],
        "type": "Point"
      },
      "id": "OSM-NODE-8809377015-COMMERCIAL_SERVICES",
      "properties": {
        "evidence_status": "contextual",
        "id": "OSM-NODE-8809377015-COMMERCIAL_SERVICES",
        "layer": "commercial_services",
        "name": "果多美",
        "name:zh": "果多美",
        "operator": "果多美",
        "osm_id": 8809377015,
        "osm_type": "node",
        "shop": "supermarket"
      },
      "type": "Feature"
    },
    {
      "geometry": {
        "coordinates": [
          116.366025,
          39.939117
        ],
        "type": "Point"
      },
      "id": "OSM-NODE-8831659719-COMMERCIAL_SERVICES",
      "properties": {
        "evidence_status": "contextual",
        "id": "OSM-NODE-8831659719-COMMERCIAL_SERVICES",
        "layer": "commercial_services",
        "name": "好邻居",
        "osm_id": 8831659719,
        "osm_type": "node",
        "shop": "convenience"
      },
      "type": "Feature"
    },
    {
      "geometry": {
        "coordinates": [
          116.366678,
          39.939666
        ],
        "type": "Point"
      },
      "id": "OSM-NODE-8831659724-COMMERCIAL_SERVICES",
      "properties": {
        "evidence_status": "contextual",
        "id": "OSM-NODE-8831659724-COMMERCIAL_SERVICES",
        "layer": "commercial_services",
        "name": "创时尚商场品牌超级折扣仓",
        "name:en": "B.P.MAX",
        "osm_id": 8831659724,
        "osm_type": "node",
        "shop": "mall"
      },
      "type": "Feature"
    },
    {
      "geometry": {
        "coordinates": [
          116.366787,
          39.937969
        ],
        "type": "Point"
      },
      "id": "OSM-NODE-8831659725-COMMERCIAL_SERVICES",
      "properties": {
        "evidence_status": "contextual",
        "id": "OSM-NODE-8831659725-COMMERCIAL_SERVICES",
        "layer": "commercial_services",
        "name": "义乌小商品超市",
        "osm_id": 8831659725,
        "osm_type": "node",
        "shop": "convenience"
      },
      "type": "Feature"
    },
    {
      "geometry": {
        "coordinates": [
          116.317261,
          39.960143
        ],
        "type": "Point"
      },
      "id": "OSM-NODE-8838971534-COMMERCIAL_SERVICES",
      "properties": {
        "evidence_status": "contextual",
        "id": "OSM-NODE-8838971534-COMMERCIAL_SERVICES",
        "layer": "commercial_services",
        "name": "多点便利",
        "opening_hours": "24/7",
        "osm_id": 8838971534,
        "osm_type": "node",
        "shop": "convenience"
      },
      "type": "Feature"
    },
    {
      "geometry": {
        "coordinates": [
          116.322644,
          39.950348
        ],
        "type": "Point"
      },
      "id": "OSM-NODE-8900719852-COMMERCIAL_SERVICES",
      "properties": {
        "evidence_status": "contextual",
        "id": "OSM-NODE-8900719852-COMMERCIAL_SERVICES",
        "layer": "commercial_services",
        "name": "正鲜果蔬便利超市",
        "osm_id": 8900719852,
        "osm_type": "node",
        "shop": "greengrocer"
      },
      "type": "Feature"
    },
    {
      "geometry": {
        "coordinates": [
          116.318466,
          39.950038
        ],
        "type": "Point"
      },
      "id": "OSM-NODE-8900719858-COMMERCIAL_SERVICES",
      "properties": {
        "evidence_status": "contextual",
        "id": "OSM-NODE-8900719858-COMMERCIAL_SERVICES",
        "layer": "commercial_services",
        "name": "开源优选便民超市",
        "osm_id": 8900719858,
        "osm_type": "node",
        "shop": "supermarket"
      },
      "type": "Feature"
    },
    {
      "geometry": {
        "coordinates": [
          116.324052,
          39.950767
        ],
        "type": "Point"
      },
      "id": "OSM-NODE-8919224277-COMMERCIAL_SERVICES",
      "properties": {
        "evidence_status": "contextual",
        "id": "OSM-NODE-8919224277-COMMERCIAL_SERVICES",
        "layer": "commercial_services",
        "name": "名烟名酒",
        "osm_id": 8919224277,
        "osm_type": "node",
        "shop": "convenience"
      },
      "type": "Feature"
    },
    {
      "geometry": {
        "coordinates": [
          116.32952,
          39.95771
        ],
        "type": "Point"
      },
      "id": "OSM-NODE-8919224285-COMMERCIAL_SERVICES",
      "properties": {
        "evidence_status": "contextual",
        "id": "OSM-NODE-8919224285-COMMERCIAL_SERVICES",
        "layer": "commercial_services",
        "name": "法雅体育",
        "name:zh": "法雅体育",
        "osm_id": 8919224285,
        "osm_type": "node",
        "shop": "mall"
      },
      "type": "Feature"
    },
    {
      "geometry": {
        "coordinates": [
          116.327599,
          39.950578
        ],
        "type": "Point"
      },
      "id": "OSM-NODE-8919224286-COMMERCIAL_SERVICES",
      "properties": {
        "evidence_status": "contextual",
        "id": "OSM-NODE-8919224286-COMMERCIAL_SERVICES",
        "layer": "commercial_services",
        "name": "福奈特",
        "osm_id": 8919224286,
        "osm_type": "node",
        "shop": "laundry"
      },
      "type": "Feature"
    },
    {
      "geometry": {
        "coordinates": [
          116.318551,
          39.974631
        ],
        "type": "Point"
      },
      "id": "OSM-NODE-8922701121-COMMERCIAL_SERVICES",
      "properties": {
        "evidence_status": "contextual",
        "id": "OSM-NODE-8922701121-COMMERCIAL_SERVICES",
        "layer": "commercial_services",
        "name": "烟酒商行",
        "osm_id": 8922701121,
        "osm_type": "node",
        "shop": "convenience"
      },
      "type": "Feature"
    },
    {
      "geometry": {
        "coordinates": [
          116.311231,
          39.974159
        ],
        "type": "Point"
      },
      "id": "OSM-NODE-8922701129-COMMERCIAL_SERVICES",
      "properties": {
        "evidence_status": "contextual",
        "id": "OSM-NODE-8922701129-COMMERCIAL_SERVICES",
        "layer": "commercial_services",
        "name": "明德书店",
        "name:zh": "明德书店",
        "osm_id": 8922701129,
        "osm_type": "node",
        "shop": "books"
      },
      "type": "Feature"
    },
    {
      "geometry": {
        "coordinates": [
          116.329176,
          39.958712
        ],
        "type": "Point"
      },
      "id": "OSM-NODE-8932938847-COMMERCIAL_SERVICES",
      "properties": {
        "evidence_status": "contextual",
        "id": "OSM-NODE-8932938847-COMMERCIAL_SERVICES",
        "layer": "commercial_services",
        "name": "华光商厦菜篮子便利店",
        "name:zh": "华光商厦菜篮子便利店",
        "osm_id": 8932938847,
        "osm_type": "node",
        "shop": "convenience"
      },
      "type": "Feature"
    },
    {
      "geometry": {
        "coordinates": [
          116.32745,
          39.968544
        ],
        "type": "Point"
      },
      "id": "OSM-NODE-8936103223-COMMERCIAL_SERVICES",
      "properties": {
        "evidence_status": "contextual",
        "id": "OSM-NODE-8936103223-COMMERCIAL_SERVICES",
        "layer": "commercial_services",
        "name": "雅迪自行车大世界",
        "osm_id": 8936103223,
        "osm_type": "node",
        "shop": "bicycle"
      },
      "type": "Feature"
    },
    {
      "geometry": {
        "coordinates": [
          116.318653,
          39.963157
        ],
        "type": "Point"
      },
      "id": "OSM-NODE-8946261790-COMMERCIAL_SERVICES",
      "properties": {
        "evidence_status": "contextual",
        "id": "OSM-NODE-8946261790-COMMERCIAL_SERVICES",
        "layer": "commercial_services",
        "name": "中国烟酒超市",
        "osm_id": 8946261790,
        "osm_type": "node",
        "shop": "supermarket"
      },
      "type": "Feature"
    },
    {
      "geometry": {
        "coordinates": [
          116.323579,
          39.963166
        ],
        "type": "Point"
      },
      "id": "OSM-NODE-8946261803-COMMERCIAL_SERVICES",
      "properties": {
        "evidence_status": "contextual",
        "id": "OSM-NODE-8946261803-COMMERCIAL_SERVICES",
        "layer": "commercial_services",
        "name": "洗衣中心",
        "osm_id": 8946261803,
        "osm_type": "node",
        "shop": "laundry"
      },
      "type": "Feature"
    },
    {
      "geometry": {
        "coordinates": [
          116.323581,
          39.963109
        ],
        "type": "Point"
      },
      "id": "OSM-NODE-8946261804-COMMERCIAL_SERVICES",
      "properties": {
        "evidence_status": "contextual",
        "id": "OSM-NODE-8946261804-COMMERCIAL_SERVICES",
        "layer": "commercial_services",
        "name": "馒头面条",
        "osm_id": 8946261804,
        "osm_type": "node",
        "shop": "bakery"
      },
      "type": "Feature"
    },
    {
      "geometry": {
        "coordinates": [
          116.323584,
          39.963063
        ],
        "type": "Point"
      },
      "id": "OSM-NODE-8946261805-COMMERCIAL_SERVICES",
      "properties": {
        "evidence_status": "contextual",
        "id": "OSM-NODE-8946261805-COMMERCIAL_SERVICES",
        "layer": "commercial_services",
        "name": "美容美发",
        "osm_id": 8946261805,
        "osm_type": "node",
        "shop": "hairdresser"
      },
      "type": "Feature"
    },
    {
      "geometry": {
        "coordinates": [
          116.323357,
          39.965676
        ],
        "type": "Point"
      },
      "id": "OSM-NODE-8946261809-COMMERCIAL_SERVICES",
      "properties": {
        "evidence_status": "contextual",
        "id": "OSM-NODE-8946261809-COMMERCIAL_SERVICES",
        "layer": "commercial_services",
        "name": "东方名剪",
        "osm_id": 8946261809,
        "osm_type": "node",
        "shop": "hairdresser"
      },
      "type": "Feature"
    },
    {
      "geometry": {
        "coordinates": [
          116.333473,
          39.990552
        ],
        "type": "Point"
      },
      "id": "OSM-NODE-9113215107-COMMERCIAL_SERVICES",
      "properties": {
        "evidence_status": "contextual",
        "id": "OSM-NODE-9113215107-COMMERCIAL_SERVICES",
        "layer": "commercial_services",
        "name": "牛角村",
        "osm_id": 9113215107,
        "osm_type": "node",
        "shop": "bakery"
      },
      "type": "Feature"
    },
    {
      "geometry": {
        "coordinates": [
          116.351596,
          40.044066
        ],
        "type": "Point"
      },
      "id": "OSM-NODE-9132280181-COMMERCIAL_SERVICES",
      "properties": {
        "evidence_status": "contextual",
        "id": "OSM-NODE-9132280181-COMMERCIAL_SERVICES",
        "layer": "commercial_services",
        "name": "7-Eleven",
        "osm_id": 9132280181,
        "osm_type": "node",
        "shop": "convenience"
      },
      "type": "Feature"
    },
    {
      "geometry": {
        "coordinates": [
          116.391989,
          40.001818
        ],
        "type": "Point"
      },
      "id": "OSM-NODE-9236841344-COMMERCIAL_SERVICES",
      "properties": {
        "evidence_status": "contextual",
        "id": "OSM-NODE-9236841344-COMMERCIAL_SERVICES",
        "layer": "commercial_services",
        "name": "新华书店",
        "name:en": "Xinhua Bookstore",
        "name:zh": "新华书店",
        "osm_id": 9236841344,
        "osm_type": "node",
        "shop": "books"
      },
      "type": "Feature"
    },
    {
      "geometry": {
        "coordinates": [
          116.392373,
          40.00196
        ],
        "type": "Point"
      },
      "id": "OSM-NODE-9236841345-COMMERCIAL_SERVICES",
      "properties": {
        "evidence_status": "contextual",
        "id": "OSM-NODE-9236841345-COMMERCIAL_SERVICES",
        "layer": "commercial_services",
        "name": "唐+智慧便利店",
        "osm_id": 9236841345,
        "osm_type": "node",
        "shop": "convenience"
      },
      "type": "Feature"
    },
    {
      "geometry": {
        "coordinates": [
          116.323295,
          40.010565
        ],
        "type": "Point"
      },
      "id": "OSM-NODE-931669704-COMMERCIAL_SERVICES",
      "properties": {
        "evidence_status": "contextual",
        "id": "OSM-NODE-931669704-COMMERCIAL_SERVICES",
        "layer": "commercial_services",
        "osm_id": 931669704,
        "osm_type": "node",
        "shop": "bicycle"
      },
      "type": "Feature"
    },
    {
      "geometry": {
        "coordinates": [
          116.323917,
          40.010168
        ],
        "type": "Point"
      },
      "id": "OSM-NODE-931669706-COMMERCIAL_SERVICES",
      "properties": {
        "evidence_status": "contextual",
        "id": "OSM-NODE-931669706-COMMERCIAL_SERVICES",
        "layer": "commercial_services",
        "osm_id": 931669706,
        "osm_type": "node",
        "shop": "bicycle"
      },
      "type": "Feature"
    },
    {
      "geometry": {
        "coordinates": [
          116.32341,
          40.009733
        ],
        "type": "Point"
      },
      "id": "OSM-NODE-931669719-COMMERCIAL_SERVICES",
      "properties": {
        "evidence_status": "contextual",
        "id": "OSM-NODE-931669719-COMMERCIAL_SERVICES",
        "layer": "commercial_services",
        "name": "清泉学生洗衣房",
        "name:en": "清泉学生洗衣房",
        "osm_id": 931669719,
        "osm_type": "node",
        "shop": "laundry"
      },
      "type": "Feature"
    },
    {
      "geometry": {
        "coordinates": [
          116.324176,
          40.010545
        ],
        "type": "Point"
      },
      "id": "OSM-NODE-931669947-COMMERCIAL_SERVICES",
      "properties": {
        "evidence_status": "contextual",
        "id": "OSM-NODE-931669947-COMMERCIAL_SERVICES",
        "layer": "commercial_services",
        "osm_id": 931669947,
        "osm_type": "node",
        "shop": "convenience",
        "wheelchair": "yes"
      },
      "type": "Feature"
    },
    {
      "geometry": {
        "coordinates": [
          116.323606,
          40.010561
        ],
        "type": "Point"
      },
      "id": "OSM-NODE-931672671-COMMERCIAL_SERVICES",
      "properties": {
        "evidence_status": "contextual",
        "id": "OSM-NODE-931672671-COMMERCIAL_SERVICES",
        "layer": "commercial_services",
        "name": "清泉学生洗衣房",
        "name:zh": "清泉学生洗衣房",
        "operator": "清泉学生洗衣房",
        "osm_id": 931672671,
        "osm_type": "node",
        "shop": "laundry"
      },
      "type": "Feature"
    },
    {
      "geometry": {
        "coordinates": [
          116.319967,
          40.009123
        ],
        "type": "Point"
      },
      "id": "OSM-NODE-931686800-COMMERCIAL_SERVICES",
      "properties": {
        "evidence_status": "contextual",
        "id": "OSM-NODE-931686800-COMMERCIAL_SERVICES",
        "layer": "commercial_services",
        "osm_id": 931686800,
        "osm_type": "node",
        "shop": "bicycle"
      },
      "type": "Feature"
    },
    {
      "geometry": {
        "coordinates": [
          116.322058,
          40.010271
        ],
        "type": "Point"
      },
      "id": "OSM-NODE-931686820-COMMERCIAL_SERVICES",
      "properties": {
        "evidence_status": "contextual",
        "id": "OSM-NODE-931686820-COMMERCIAL_SERVICES",
        "layer": "commercial_services",
        "osm_id": 931686820,
        "osm_type": "node",
        "shop": "bicycle"
      },
      "type": "Feature"
    },
    {
      "geometry": {
        "coordinates": [
          116.321986,
          40.008885
        ],
        "type": "Point"
      },
      "id": "OSM-NODE-931699731-COMMERCIAL_SERVICES",
      "properties": {
        "evidence_status": "contextual",
        "id": "OSM-NODE-931699731-COMMERCIAL_SERVICES",
        "layer": "commercial_services",
        "name": "学生美发服务中心",
        "name:zh": "学生美发服务中心",
        "operator": "学生美发服务中心",
        "osm_id": 931699731,
        "osm_type": "node",
        "shop": "hairdresser"
      },
      "type": "Feature"
    },
    {
      "geometry": {
        "coordinates": [
          116.328718,
          39.995261
        ],
        "type": "Point"
      },
      "id": "OSM-NODE-9348880599-COMMERCIAL_SERVICES",
      "properties": {
        "evidence_status": "contextual",
        "id": "OSM-NODE-9348880599-COMMERCIAL_SERVICES",
        "layer": "commercial_services",
        "name": "多乐之日",
        "name:en": "Tous les Jours",
        "name:zh": "多乐之日",
        "osm_id": 9348880599,
        "osm_type": "node",
        "shop": "bakery"
      },
      "type": "Feature"
    },
    {
      "geometry": {
        "coordinates": [
          116.32409,
          39.965733
        ],
        "type": "Point"
      },
      "id": "OSM-NODE-9375146538-COMMERCIAL_SERVICES",
      "properties": {
        "evidence_status": "contextual",
        "id": "OSM-NODE-9375146538-COMMERCIAL_SERVICES",
        "layer": "commercial_services",
        "name": "7-Eleven",
        "osm_id": 9375146538,
        "osm_type": "node",
        "shop": "convenience"
      },
      "type": "Feature"
    },
    {
      "geometry": {
        "coordinates": [
          116.317461,
          40.005876
        ],
        "type": "Point"
      },
      "id": "OSM-NODE-937625058-COMMERCIAL_SERVICES",
      "properties": {
        "evidence_status": "contextual",
        "id": "OSM-NODE-937625058-COMMERCIAL_SERVICES",
        "layer": "commercial_services",
        "name": "独峰书院",
        "name:zh": "独峰书院",
        "osm_id": 937625058,
        "osm_type": "node",
        "shop": "books",
        "wheelchair": "yes"
      },
      "type": "Feature"
    },
    {
      "geometry": {
        "coordinates": [
          116.322375,
          40.008397
        ],
        "type": "Point"
      },
      "id": "OSM-NODE-937636358-COMMERCIAL_SERVICES",
      "properties": {
        "evidence_status": "contextual",
        "id": "OSM-NODE-937636358-COMMERCIAL_SERVICES",
        "layer": "commercial_services",
        "name": "天猫超市",
        "name:en": "Tmall Supermarket",
        "name:zh": "天猫超市",
        "opening_hours": "Mo-Su 08:30-23:30",
        "operator": "天猫超市",
        "osm_id": 937636358,
        "osm_type": "node",
        "shop": "supermarket"
      },
      "type": "Feature"
    },
    {
      "geometry": {
        "coordinates": [
          116.318956,
          39.997296
        ],
        "type": "Point"
      },
      "id": "OSM-NODE-941374338-COMMERCIAL_SERVICES",
      "properties": {
        "evidence_status": "contextual",
        "id": "OSM-NODE-941374338-COMMERCIAL_SERVICES",
        "layer": "commercial_services",
        "osm_id": 941374338,
        "osm_type": "node",
        "shop": "chemist"
      },
      "type": "Feature"
    },
    {
      "geometry": {
        "coordinates": [
          116.323069,
          40.004146
        ],
        "type": "Point"
      },
      "id": "OSM-NODE-945575463-COMMERCIAL_SERVICES",
      "properties": {
        "evidence_status": "contextual",
        "id": "OSM-NODE-945575463-COMMERCIAL_SERVICES",
        "layer": "commercial_services",
        "name": "紫荆学生超市",
        "osm_id": 945575463,
        "osm_type": "node",
        "shop": "convenience"
      },
      "type": "Feature"
    },
    {
      "geometry": {
        "coordinates": [
          116.333568,
          39.995279
        ],
        "type": "Point"
      },
      "id": "OSM-NODE-9612376784-COMMERCIAL_SERVICES",
      "properties": {
        "evidence_status": "contextual",
        "id": "OSM-NODE-9612376784-COMMERCIAL_SERVICES",
        "layer": "commercial_services",
        "name": "雅尚造型",
        "osm_id": 9612376784,
        "osm_type": "node",
        "shop": "hairdresser"
      },
      "type": "Feature"
    },
    {
      "geometry": {
        "coordinates": [
          116.334028,
          39.996822
        ],
        "type": "Point"
      },
      "id": "OSM-NODE-9612376809-COMMERCIAL_SERVICES",
      "properties": {
        "evidence_status": "contextual",
        "id": "OSM-NODE-9612376809-COMMERCIAL_SERVICES",
        "layer": "commercial_services",
        "name": "生活超市",
        "name:zh": "生活超市",
        "osm_id": 9612376809,
        "osm_type": "node",
        "shop": "supermarket"
      },
      "type": "Feature"
    },
    {
      "geometry": {
        "coordinates": [
          116.335228,
          39.99753
        ],
        "type": "Point"
      },
      "id": "OSM-NODE-9612377714-COMMERCIAL_SERVICES",
      "properties": {
        "evidence_status": "contextual",
        "id": "OSM-NODE-9612377714-COMMERCIAL_SERVICES",
        "layer": "commercial_services",
        "name": "海旭超市",
        "name:zh": "海旭超市",
        "osm_id": 9612377714,
        "osm_type": "node",
        "shop": "supermarket"
      },
      "type": "Feature"
    },
    {
      "geometry": {
        "coordinates": [
          116.365189,
          40.040472
        ],
        "type": "Point"
      },
      "id": "OSM-NODE-9625836874-COMMERCIAL_SERVICES",
      "properties": {
        "evidence_status": "contextual",
        "id": "OSM-NODE-9625836874-COMMERCIAL_SERVICES",
        "layer": "commercial_services",
        "name": "果多美(永泰庄北路店)",
        "osm_id": 9625836874,
        "osm_type": "node",
        "shop": "greengrocer"
      },
      "type": "Feature"
    },
    {
      "geometry": {
        "coordinates": [
          116.365247,
          40.040871
        ],
        "type": "Point"
      },
      "id": "OSM-NODE-9625836890-COMMERCIAL_SERVICES",
      "properties": {
        "evidence_status": "contextual",
        "id": "OSM-NODE-9625836890-COMMERCIAL_SERVICES",
        "layer": "commercial_services",
        "name": "7-Eleven",
        "osm_id": 9625836890,
        "osm_type": "node",
        "shop": "convenience"
      },
      "type": "Feature"
    },
    {
      "geometry": {
        "coordinates": [
          116.378931,
          39.949856
        ],
        "type": "Point"
      },
      "id": "OSM-NODE-973328223-COMMERCIAL_SERVICES",
      "properties": {
        "evidence_status": "contextual",
        "id": "OSM-NODE-973328223-COMMERCIAL_SERVICES",
        "layer": "commercial_services",
        "name": "美廉美",
        "name:en": "Meilianmei",
        "osm_id": 973328223,
        "osm_type": "node",
        "shop": "supermarket"
      },
      "type": "Feature"
    },
    {
      "geometry": {
        "coordinates": [
          116.318784,
          39.966427
        ],
        "type": "Point"
      },
      "id": "OSM-NODE-973387700-COMMERCIAL_SERVICES",
      "properties": {
        "evidence_status": "contextual",
        "id": "OSM-NODE-973387700-COMMERCIAL_SERVICES",
        "layer": "commercial_services",
        "name": "超市发双榆树店",
        "name:en": "CSF Supermarket",
        "opening_hours": "Mo-Su 08:00-21:00",
        "osm_id": 973387700,
        "osm_type": "node",
        "shop": "supermarket"
      },
      "type": "Feature"
    },
    {
      "geometry": {
        "coordinates": [
          116.321508,
          40.006527
        ],
        "type": "Point"
      },
      "id": "OSM-NODE-974568607-COMMERCIAL_SERVICES",
      "properties": {
        "evidence_status": "contextual",
        "id": "OSM-NODE-974568607-COMMERCIAL_SERVICES",
        "layer": "commercial_services",
        "osm_id": 974568607,
        "osm_type": "node",
        "shop": "bicycle"
      },
      "type": "Feature"
    },
    {
      "geometry": {
        "coordinates": [
          116.322484,
          40.004807
        ],
        "type": "Point"
      },
      "id": "OSM-NODE-975577601-COMMERCIAL_SERVICES",
      "properties": {
        "evidence_status": "contextual",
        "id": "OSM-NODE-975577601-COMMERCIAL_SERVICES",
        "layer": "commercial_services",
        "osm_id": 975577601,
        "osm_type": "node",
        "shop": "bicycle"
      },
      "type": "Feature"
    },
    {
      "geometry": {
        "coordinates": [
          116.350131,
          40.033331
        ],
        "type": "Point"
      },
      "id": "OSM-NODE-9838426589-COMMERCIAL_SERVICES",
      "properties": {
        "evidence_status": "contextual",
        "id": "OSM-NODE-9838426589-COMMERCIAL_SERVICES",
        "layer": "commercial_services",
        "name": "七鲜超市",
        "osm_id": 9838426589,
        "osm_type": "node",
        "shop": "supermarket"
      },
      "type": "Feature"
    },
    {
      "geometry": {
        "coordinates": [
          116.35058,
          40.032455
        ],
        "type": "Point"
      },
      "id": "OSM-NODE-9838426590-COMMERCIAL_SERVICES",
      "properties": {
        "evidence_status": "contextual",
        "id": "OSM-NODE-9838426590-COMMERCIAL_SERVICES",
        "layer": "commercial_services",
        "name": "永泰生活超市",
        "osm_id": 9838426590,
        "osm_type": "node",
        "shop": "supermarket"
      },
      "type": "Feature"
    },
    {
      "geometry": {
        "coordinates": [
          116.348473,
          40.02914
        ],
        "type": "Point"
      },
      "id": "OSM-NODE-9840041420-COMMERCIAL_SERVICES",
      "properties": {
        "evidence_status": "contextual",
        "id": "OSM-NODE-9840041420-COMMERCIAL_SERVICES",
        "layer": "commercial_services",
        "name": "永辉超市",
        "osm_id": 9840041420,
        "osm_type": "node",
        "shop": "supermarket"
      },
      "type": "Feature"
    },
    {
      "geometry": {
        "coordinates": [
          116.317497,
          40.006084
        ],
        "type": "Point"
      },
      "id": "OSM-NODE-984968142-COMMERCIAL_SERVICES",
      "properties": {
        "evidence_status": "contextual",
        "id": "OSM-NODE-984968142-COMMERCIAL_SERVICES",
        "layer": "commercial_services",
        "name": "唯美专业美发、染、烫店",
        "name:en": "Professional Hair Salon",
        "name:zh": "唯美专业美发、染、烫店",
        "osm_id": 984968142,
        "osm_type": "node",
        "shop": "hairdresser",
        "wheelchair": "yes"
      },
      "type": "Feature"
    },
    {
      "geometry": {
        "coordinates": [
          116.312132,
          39.979669
        ],
        "type": "Point"
      },
      "id": "OSM-NODE-9896629987-COMMERCIAL_SERVICES",
      "properties": {
        "evidence_status": "contextual",
        "id": "OSM-NODE-9896629987-COMMERCIAL_SERVICES",
        "layer": "commercial_services",
        "name": "鲍师傅",
        "name:en": "Bao's Pastry",
        "name:zh": "鲍师傅",
        "osm_id": 9896629987,
        "osm_type": "node",
        "shop": "bakery"
      },
      "type": "Feature"
    },
    {
      "geometry": {
        "coordinates": [
          116.330772,
          39.992523
        ],
        "type": "Point"
      },
      "id": "OSM-NODE-9950902554-COMMERCIAL_SERVICES",
      "properties": {
        "evidence_status": "contextual",
        "id": "OSM-NODE-9950902554-COMMERCIAL_SERVICES",
        "layer": "commercial_services",
        "name": "便利超市",
        "name:zh": "便利超市",
        "osm_id": 9950902554,
        "osm_type": "node",
        "shop": "supermarket"
      },
      "type": "Feature"
    },
    {
      "geometry": {
        "coordinates": [
          116.326987,
          39.993227
        ],
        "type": "Point"
      },
      "id": "OSM-NODE-9950902568-COMMERCIAL_SERVICES",
      "properties": {
        "evidence_status": "contextual",
        "id": "OSM-NODE-9950902568-COMMERCIAL_SERVICES",
        "layer": "commercial_services",
        "osm_id": 9950902568,
        "osm_type": "node",
        "shop": "books"
      },
      "type": "Feature"
    },
    {
      "geometry": {
        "coordinates": [
          116.324301,
          40.00859
        ],
        "type": "Point"
      },
      "id": "OSM-NODE-9999449079-COMMERCIAL_SERVICES",
      "properties": {
        "evidence_status": "contextual",
        "id": "OSM-NODE-9999449079-COMMERCIAL_SERVICES",
        "layer": "commercial_services",
        "name": "紫荆篮球场小卖部",
        "name:zh": "紫荆篮球场小卖部",
        "opening_hours": "Mo-Su 10:00-22:00",
        "osm_id": 9999449079,
        "osm_type": "node",
        "shop": "convenience",
        "wheelchair": "yes"
      },
      "type": "Feature"
    },
    {
      "geometry": {
        "coordinates": [
          116.323163,
          40.004145
        ],
        "type": "Point"
      },
      "id": "OSM-NODE-9999561499-COMMERCIAL_SERVICES",
      "properties": {
        "evidence_status": "contextual",
        "id": "OSM-NODE-9999561499-COMMERCIAL_SERVICES",
        "layer": "commercial_services",
        "name": "清艺美发",
        "name:en": "Qingyi Haircut",
        "osm_id": 9999561499,
        "osm_type": "node",
        "shop": "hairdresser"
      },
      "type": "Feature"
    },
    {
      "geometry": {
        "coordinates": [
          [
            [
              116.332078,
              39.974244
            ],
            [
              116.332237,
              39.972994
            ],
            [
              116.334402,
              39.973063
            ],
            [
              116.33377,
              39.974236
            ],
            [
              116.332078,
              39.974244
            ]
          ]
        ],
        "type": "Polygon"
      },
      "id": "OSM-WAY-1007627217-COMMERCIAL_SERVICES",
      "properties": {
        "evidence_status": "contextual",
        "id": "OSM-WAY-1007627217-COMMERCIAL_SERVICES",
        "landuse": "commercial",
        "layer": "commercial_services",
        "osm_id": 1007627217,
        "osm_type": "way"
      },
      "type": "Feature"
    },
    {
      "geometry": {
        "coordinates": [
          [
            [
              116.32143,
              39.96987
            ],
            [
              116.321289,
              39.970106
            ],
            [
              116.321206,
              39.971507
            ],
            [
              116.321509,
              39.971522
            ],
            [
              116.321952,
              39.971511
            ],
            [
              116.32196,
              39.971331
            ],
            [
              116.324246,
              39.971429
            ],
            [
              116.32432,
              39.9704
            ],
            [
              116.32399,
              39.970222
            ],
            [
              116.3238,
              39.97012
            ],
            [
              116.321561,
              39.970059
            ],
            [
              116.32143,
              39.96987
            ]
          ]
        ],
        "type": "Polygon"
      },
      "id": "OSM-WAY-1007627222-COMMERCIAL_SERVICES",
      "properties": {
        "evidence_status": "contextual",
        "id": "OSM-WAY-1007627222-COMMERCIAL_SERVICES",
        "landuse": "commercial",
        "layer": "commercial_services",
        "name": "中航广场",
        "osm_id": 1007627222,
        "osm_type": "way"
      },
      "type": "Feature"
    },
    {
      "geometry": {
        "coordinates": [
          [
            [
              116.32085,
              40.043953
            ],
            [
              116.321168,
              40.043599
            ],
            [
              116.322755,
              40.044349
            ],
            [
              116.322511,
              40.044656
            ],
            [
              116.32085,
              40.043953
            ]
          ]
        ],
        "type": "Polygon"
      },
      "id": "OSM-WAY-1009816466-COMMERCIAL_SERVICES",
      "properties": {
        "evidence_status": "contextual",
        "id": "OSM-WAY-1009816466-COMMERCIAL_SERVICES",
        "landuse": "commercial",
        "layer": "commercial_services",
        "osm_id": 1009816466,
        "osm_type": "way"
      },
      "type": "Feature"
    },
    {
      "geometry": {
        "coordinates": [
          [
            [
              116.374331,
              39.974407
            ],
            [
              116.37427,
              39.97425
            ],
            [
              116.374336,
              39.974217
            ],
            [
              116.37443,
              39.974199
            ],
            [
              116.374469,
              39.974066
            ],
            [
              116.374663,
              39.974055
            ],
            [
              116.374686,
              39.974172
            ],
            [
              116.374795,
              39.974162
            ],
            [
              116.37478,
              39.974518
            ],
            [
              116.374601,
              39.974532
            ],
            [
              116.374591,
              39.974405
            ],
            [
              116.374331,
              39.974407
            ]
          ]
        ],
        "type": "Polygon"
      },
      "id": "OSM-WAY-1016591650-COMMERCIAL_SERVICES",
      "properties": {
        "evidence_status": "contextual",
        "id": "OSM-WAY-1016591650-COMMERCIAL_SERVICES",
        "landuse": "retail",
        "layer": "commercial_services",
        "osm_id": 1016591650,
        "osm_type": "way"
      },
      "type": "Feature"
    },
    {
      "geometry": {
        "coordinates": [
          [
            [
              116.310401,
              40.041176
            ],
            [
              116.309619,
              40.04116
            ],
            [
              116.31037,
              40.04025
            ],
            [
              116.310552,
              40.040329
            ],
            [
              116.310448,
              40.040457
            ],
            [
              116.310401,
              40.041176
            ]
          ]
        ],
        "type": "Polygon"
      },
      "id": "OSM-WAY-1019086084-COMMERCIAL_SERVICES",
      "properties": {
        "evidence_status": "contextual",
        "id": "OSM-WAY-1019086084-COMMERCIAL_SERVICES",
        "landuse": "commercial",
        "layer": "commercial_services",
        "name": "I MOMA",
        "osm_id": 1019086084,
        "osm_type": "way"
      },
      "type": "Feature"
    },
    {
      "geometry": {
        "coordinates": [
          [
            [
              116.364391,
              39.946614
            ],
            [
              116.364726,
              39.945459
            ],
            [
              116.364846,
              39.945363
            ],
            [
              116.36561,
              39.945372
            ],
            [
              116.365429,
              39.946837
            ],
            [
              116.364391,
              39.946614
            ]
          ]
        ],
        "type": "Polygon"
      },
      "id": "OSM-WAY-1024161136-COMMERCIAL_SERVICES",
      "properties": {
        "evidence_status": "contextual",
        "id": "OSM-WAY-1024161136-COMMERCIAL_SERVICES",
        "landuse": "retail",
        "layer": "commercial_services",
        "osm_id": 1024161136,
        "osm_type": "way"
      },
      "type": "Feature"
    },
    {
      "geometry": {
        "coordinates": [
          [
            [
              116.364949,
              39.945179
            ],
            [
              116.364953,
              39.944146
            ],
            [
              116.36561,
              39.944138
            ],
            [
              116.365519,
              39.945181
            ],
            [
              116.364949,
              39.945179
            ]
          ]
        ],
        "type": "Polygon"
      },
      "id": "OSM-WAY-1024161137-COMMERCIAL_SERVICES",
      "properties": {
        "evidence_status": "contextual",
        "id": "OSM-WAY-1024161137-COMMERCIAL_SERVICES",
        "landuse": "retail",
        "layer": "commercial_services",
        "osm_id": 1024161137,
        "osm_type": "way"
      },
      "type": "Feature"
    },
    {
      "geometry": {
        "coordinates": [
          [
            [
              116.374501,
              39.965519
            ],
            [
              116.374423,
              39.965048
            ],
            [
              116.375708,
              39.964943
            ],
            [
              116.376817,
              39.964864
            ],
            [
              116.376812,
              39.965046
            ],
            [
              116.376756,
              39.965964
            ],
            [
              116.375752,
              39.965952
            ],
            [
              116.37572,
              39.965552
            ],
            [
              116.374501,
              39.965519
            ]
          ]
        ],
        "type": "Polygon"
      },
      "id": "OSM-WAY-1033706508-COMMERCIAL_SERVICES",
      "properties": {
        "evidence_status": "contextual",
        "id": "OSM-WAY-1033706508-COMMERCIAL_SERVICES",
        "landuse": "commercial",
        "layer": "commercial_services",
        "name": "德外大街4号院",
        "osm_id": 1033706508,
        "osm_type": "way"
      },
      "type": "Feature"
    },
    {
      "geometry": {
        "coordinates": [
          [
            [
              116.344335,
              40.018863
            ],
            [
              116.344306,
              40.018391
            ],
            [
              116.344425,
              40.017937
            ],
            [
              116.345566,
              40.018037
            ],
            [
              116.345526,
              40.018247
            ],
            [
              116.345458,
              40.019043
            ],
            [
              116.344324,
              40.019034
            ],
            [
              116.344335,
              40.018863
            ]
          ]
        ],
        "type": "Polygon"
      },
      "id": "OSM-WAY-1040467100-COMMERCIAL_SERVICES",
      "properties": {
        "evidence_status": "contextual",
        "id": "OSM-WAY-1040467100-COMMERCIAL_SERVICES",
        "landuse": "commercial",
        "layer": "commercial_services",
        "name": "汇智大厦",
        "name:zh": "汇智大厦",
        "osm_id": 1040467100,
        "osm_type": "way"
      },
      "type": "Feature"
    },
    {
      "geometry": {
        "coordinates": [
          [
            [
              116.346407,
              40.010413
            ],
            [
              116.347338,
              40.010649
            ],
            [
              116.347338,
              40.011173
            ],
            [
              116.347866,
              40.011177
            ],
            [
              116.348353,
              40.010171
            ],
            [
              116.348021,
              40.010093
            ],
            [
              116.348805,
              40.009044
            ],
            [
              116.346506,
              40.008992
            ],
            [
              116.346407,
              40.010413
            ]
          ]
        ],
        "type": "Polygon"
      },
      "id": "OSM-WAY-1041262670-COMMERCIAL_SERVICES",
      "properties": {
        "amenity": "research_institute",
        "evidence_status": "contextual",
        "id": "OSM-WAY-1041262670-COMMERCIAL_SERVICES",
        "landuse": "commercial",
        "layer": "commercial_services",
        "name": "中国机械总院北京机电研究所",
        "name:zh": "中国机械总院北京机电研究所",
        "osm_id": 1041262670,
        "osm_type": "way"
      },
      "type": "Feature"
    },
    {
      "geometry": {
        "coordinates": [
          [
            [
              116.333611,
              39.995165
            ],
            [
              116.33361,
              39.995307
            ],
            [
              116.333327,
              39.995304
            ],
            [
              116.333328,
              39.995164
            ],
            [
              116.333611,
              39.995165
            ]
          ]
        ],
        "type": "Polygon"
      },
      "id": "OSM-WAY-1044614678-COMMERCIAL_SERVICES",
      "properties": {
        "building": "yes",
        "evidence_status": "contextual",
        "id": "OSM-WAY-1044614678-COMMERCIAL_SERVICES",
        "layer": "commercial_services",
        "name": "和润生鲜超市",
        "name:zh": "和润生鲜超市",
        "osm_id": 1044614678,
        "osm_type": "way",
        "shop": "supermarket"
      },
      "type": "Feature"
    },
    {
      "geometry": {
        "coordinates": [
          [
            [
              116.336295,
              39.998047
            ],
            [
              116.336229,
              39.99894
            ],
            [
              116.337334,
              39.998969
            ],
            [
              116.337343,
              39.998362
            ],
            [
              116.337389,
              39.99836
            ],
            [
              116.337399,
              39.998074
            ],
            [
              116.336295,
              39.998047
            ]
          ]
        ],
        "type": "Polygon"
      },
      "id": "OSM-WAY-1044616165-COMMERCIAL_SERVICES",
      "properties": {
        "evidence_status": "contextual",
        "id": "OSM-WAY-1044616165-COMMERCIAL_SERVICES",
        "landuse": "commercial",
        "layer": "commercial_services",
        "name": "中关村学院文化创意产业研究中心",
        "name:zh": "中关村学院文化创意产业研究中心",
        "osm_id": 1044616165,
        "osm_type": "way"
      },
      "type": "Feature"
    },
    {
      "geometry": {
        "coordinates": [
          [
            [
              116.340549,
              40.00779
            ],
            [
              116.341174,
              40.007784
            ],
            [
              116.341183,
              40.007649
            ],
            [
              116.341879,
              40.007641
            ],
            [
              116.341879,
              40.007702
            ],
            [
              116.341879,
              40.008198
            ],
            [
              116.341876,
              40.008242
            ],
            [
              116.341879,
              40.008517
            ],
            [
              116.34188,
              40.008566
            ],
            [
              116.341884,
              40.008991
            ],
            [
              116.341887,
              40.009247
            ],
            [
              116.341827,
              40.00936
            ],
            [
              116.341564,
              40.00936
            ],
            [
              116.34128,
              40.00936
            ],
            [
              116.341157,
              40.009359
            ],
            [
              116.340746,
              40.009358
            ],
            [
              116.340431,
              40.009287
            ],
            [
              116.340052,
              40.009552
            ],
            [
              116.337351,
              40.009507
            ],
            [
              116.337125,
              40.008957
            ],
            [
              116.338335,
              40.008969
            ],
            [
              116.338523,
              40.009027
            ],
            [
              116.338524,
              40.008808
            ],
            [
              116.338528,
              40.008446
            ],
            [
              116.339592,
              40.008454
            ],
            [
              116.339654,
              40.008451
            ],
            [
              116.340555,
              40.008451
            ],
            [
              116.340549,
              40.00779
            ]
          ]
        ],
        "type": "Polygon"
      },
      "id": "OSM-WAY-1046077545-COMMERCIAL_SERVICES",
      "properties": {
        "evidence_status": "contextual",
        "id": "OSM-WAY-1046077545-COMMERCIAL_SERVICES",
        "landuse": "commercial",
        "layer": "commercial_services",
        "name": "北京林大林业科技股份有限公司",
        "name:zh": "北京林大林业科技股份有限公司",
        "osm_id": 1046077545,
        "osm_type": "way"
      },
      "type": "Feature"
    },
    {
      "geometry": {
        "coordinates": [
          [
            [
              116.359306,
              39.988141
            ],
            [
              116.360344,
              39.988164
            ],
            [
              116.360411,
              39.986357
            ],
            [
              116.359373,
              39.986335
            ],
            [
              116.359306,
              39.988141
            ]
          ]
        ],
        "type": "Polygon"
      },
      "id": "OSM-WAY-1046138235-COMMERCIAL_SERVICES",
      "properties": {
        "evidence_status": "contextual",
        "id": "OSM-WAY-1046138235-COMMERCIAL_SERVICES",
        "landuse": "commercial",
        "layer": "commercial_services",
        "osm_id": 1046138235,
        "osm_type": "way"
      },
      "type": "Feature"
    },
    {
      "geometry": {
        "coordinates": [
          [
            [
              116.362855,
              39.988307
            ],
            [
              116.362809,
              39.989435
            ],
            [
              116.362099,
              39.989424
            ],
            [
              116.361403,
              39.989418
            ],
            [
              116.361424,
              39.988284
            ],
            [
              116.362855,
              39.988307
            ]
          ]
        ],
        "type": "Polygon"
      },
      "id": "OSM-WAY-1046138236-COMMERCIAL_SERVICES",
      "properties": {
        "evidence_status": "contextual",
        "id": "OSM-WAY-1046138236-COMMERCIAL_SERVICES",
        "landuse": "commercial",
        "layer": "commercial_services",
        "name": "北京教育考试院",
        "name:zh": "北京教育考试院",
        "osm_id": 1046138236,
        "osm_type": "way"
      },
      "type": "Feature"
    },
    {
      "geometry": {
        "coordinates": [
          [
            [
              116.376322,
              40.035218
            ],
            [
              116.376405,
              40.034953
            ],
            [
              116.376513,
              40.034972
            ],
            [
              116.376779,
              40.035016
            ],
            [
              116.3768,
              40.034948
            ],
            [
              116.376881,
              40.034966
            ],
            [
              116.376992,
              40.034992
            ],
            [
              116.377048,
              40.034813
            ],
            [
              116.37706,
              40.034775
            ],
            [
              116.377069,
              40.034745
            ],
            [
              116.377091,
              40.034671
            ],
            [
              116.377377,
              40.034721
            ],
            [
              116.377592,
              40.034759
            ],
            [
              116.377716,
              40.03478
            ],
            [
              116.37772,
              40.034946
            ],
            [
              116.37761,
              40.035273
            ],
            [
              116.37756,
              40.035445
            ],
            [
              116.377519,
              40.035437
            ],
            [
              116.376322,
              40.035218
            ]
          ]
        ],
        "type": "Polygon"
      },
      "id": "OSM-WAY-1046764326-COMMERCIAL_SERVICES",
      "properties": {
        "evidence_status": "contextual",
        "id": "OSM-WAY-1046764326-COMMERCIAL_SERVICES",
        "landuse": "commercial",
        "layer": "commercial_services",
        "osm_id": 1046764326,
        "osm_type": "way"
      },
      "type": "Feature"
    },
    {
      "geometry": {
        "coordinates": [
          [
            [
              116.377659,
              40.035645
            ],
            [
              116.377577,
              40.035939
            ],
            [
              116.377213,
              40.036071
            ],
            [
              116.377347,
              40.035589
            ],
            [
              116.377659,
              40.035645
            ]
          ]
        ],
        "type": "Polygon"
      },
      "id": "OSM-WAY-1046764331-COMMERCIAL_SERVICES",
      "properties": {
        "evidence_status": "contextual",
        "id": "OSM-WAY-1046764331-COMMERCIAL_SERVICES",
        "landuse": "commercial",
        "layer": "commercial_services",
        "osm_id": 1046764331,
        "osm_type": "way"
      },
      "type": "Feature"
    },
    {
      "geometry": {
        "coordinates": [
          [
            [
              116.333796,
              39.993794
            ],
            [
              116.333778,
              39.994139
            ],
            [
              116.332876,
              39.994121
            ],
            [
              116.332865,
              39.994429
            ],
            [
              116.332332,
              39.994424
            ],
            [
              116.332364,
              39.993388
            ],
            [
              116.332436,
              39.993385
            ],
            [
              116.333464,
              39.993397
            ],
            [
              116.333449,
              39.993786
            ],
            [
              116.333796,
              39.993794
            ]
          ]
        ],
        "type": "Polygon"
      },
      "id": "OSM-WAY-1055011969-COMMERCIAL_SERVICES",
      "properties": {
        "evidence_status": "contextual",
        "id": "OSM-WAY-1055011969-COMMERCIAL_SERVICES",
        "landuse": "commercial",
        "layer": "commercial_services",
        "name": "北京城建四公司",
        "name:zh": "北京城建四公司",
        "osm_id": 1055011969,
        "osm_type": "way"
      },
      "type": "Feature"
    },
    {
      "geometry": {
        "coordinates": [
          [
            [
              116.308335,
              40.019334
            ],
            [
              116.308399,
              40.018791
            ],
            [
              116.308442,
              40.018655
            ],
            [
              116.308569,
              40.018429
            ],
            [
              116.30932,
              40.018494
            ],
            [
              116.309512,
              40.01846
            ],
            [
              116.309799,
              40.018501
            ],
            [
              116.309662,
              40.019427
            ],
            [
              116.308335,
              40.019334
            ]
          ]
        ],
        "type": "Polygon"
      },
      "id": "OSM-WAY-1065428648-COMMERCIAL_SERVICES",
      "properties": {
        "alt_name": "瀛泽苑",
        "evidence_status": "contextual",
        "id": "OSM-WAY-1065428648-COMMERCIAL_SERVICES",
        "landuse": "commercial",
        "layer": "commercial_services",
        "name": "中关村民营科技创业园",
        "name:zh": "中关村民营科技创业园",
        "osm_id": 1065428648,
        "osm_type": "way"
      },
      "type": "Feature"
    },
    {
      "geometry": {
        "coordinates": [
          [
            [
              116.321155,
              40.04219
            ],
            [
              116.324569,
              40.042162
            ],
            [
              116.323625,
              40.043391
            ],
            [
              116.321166,
              40.043393
            ],
            [
              116.321155,
              40.04219
            ]
          ]
        ],
        "type": "Polygon"
      },
      "id": "OSM-WAY-1069882936-COMMERCIAL_SERVICES",
      "properties": {
        "evidence_status": "contextual",
        "id": "OSM-WAY-1069882936-COMMERCIAL_SERVICES",
        "landuse": "commercial",
        "layer": "commercial_services",
        "name": "北京页川斯达汽车销售服务有限公司",
        "osm_id": 1069882936,
        "osm_type": "way"
      },
      "type": "Feature"
    },
    {
      "geometry": {
        "coordinates": [
          [
            [
              116.323063,
              40.049449
            ],
            [
              116.324508,
              40.050085
            ],
            [
              116.323846,
              40.05101
            ],
            [
              116.323456,
              40.051624
            ],
            [
              116.322272,
              40.051234
            ],
            [
              116.322137,
              40.051271
            ],
            [
              116.321777,
              40.051159
            ],
            [
              116.322157,
              40.050488
            ],
            [
              116.323063,
              40.049449
            ]
          ]
        ],
        "type": "Polygon"
      },
      "id": "OSM-WAY-1069882943-COMMERCIAL_SERVICES",
      "properties": {
        "evidence_status": "contextual",
        "id": "OSM-WAY-1069882943-COMMERCIAL_SERVICES",
        "landuse": "commercial",
        "layer": "commercial_services",
        "name": "京玺文化创意创新园",
        "osm_id": 1069882943,
        "osm_type": "way"
      },
      "type": "Feature"
    },
    {
      "geometry": {
        "coordinates": [
          [
            [
              116.322272,
              40.051234
            ],
            [
              116.322137,
              40.051271
            ],
            [
              116.321967,
              40.051632
            ],
            [
              116.322038,
              40.051656
            ],
            [
              116.323176,
              40.052041
            ],
            [
              116.323456,
              40.051624
            ],
            [
              116.322272,
              40.051234
            ]
          ]
        ],
        "type": "Polygon"
      },
      "id": "OSM-WAY-1069882944-COMMERCIAL_SERVICES",
      "properties": {
        "evidence_status": "contextual",
        "id": "OSM-WAY-1069882944-COMMERCIAL_SERVICES",
        "landuse": "commercial",
        "layer": "commercial_services",
        "name": "中关村科技装备(西三旗)创新创业基地",
        "osm_id": 1069882944,
        "osm_type": "way"
      },
      "type": "Feature"
    },
    {
      "geometry": {
        "coordinates": [
          [
            [
              116.352527,
              40.034656
            ],
            [
              116.352133,
              40.036263
            ],
            [
              116.350876,
              40.036064
            ],
            [
              116.351077,
              40.035383
            ],
            [
              116.351647,
              40.034926
            ],
            [
              116.352066,
              40.034726
            ],
            [
              116.352527,
              40.034656
            ]
          ]
        ],
        "type": "Polygon"
      },
      "id": "OSM-WAY-1070127527-COMMERCIAL_SERVICES",
      "properties": {
        "evidence_status": "contextual",
        "id": "OSM-WAY-1070127527-COMMERCIAL_SERVICES",
        "landuse": "commercial",
        "layer": "commercial_services",
        "name": "长城润滑油汽车养护中心(永泰店)",
        "osm_id": 1070127527,
        "osm_type": "way"
      },
      "type": "Feature"
    },
    {
      "geometry": {
        "coordinates": [
          [
            [
              116.305425,
              40.015439
            ],
            [
              116.305278,
              40.015424
            ],
            [
              116.3053,
              40.015293
            ],
            [
              116.305447,
              40.015308
            ],
            [
              116.305425,
              40.015439
            ]
          ]
        ],
        "type": "Polygon"
      },
      "id": "OSM-WAY-1072468323-COMMERCIAL_SERVICES",
      "properties": {
        "building": "yes",
        "evidence_status": "contextual",
        "id": "OSM-WAY-1072468323-COMMERCIAL_SERVICES",
        "layer": "commercial_services",
        "name": "二河书屋",
        "osm_id": 1072468323,
        "osm_type": "way",
        "shop": "books"
      },
      "type": "Feature"
    },
    {
      "geometry": {
        "coordinates": [
          [
            [
              116.358717,
              40.054445
            ],
            [
              116.358426,
              40.055684
            ],
            [
              116.358401,
              40.055788
            ],
            [
              116.358256,
              40.056406
            ],
            [
              116.358128,
              40.057249
            ],
            [
              116.360117,
              40.057471
            ],
            [
              116.360883,
              40.057544
            ],
            [
              116.361114,
              40.05684
            ],
            [
              116.361792,
              40.054777
            ],
            [
              116.359983,
              40.054582
            ],
            [
              116.358717,
              40.054445
            ]
          ]
        ],
        "type": "Polygon"
      },
      "id": "OSM-WAY-1082312750-COMMERCIAL_SERVICES",
      "properties": {
        "evidence_status": "contextual",
        "id": "OSM-WAY-1082312750-COMMERCIAL_SERVICES",
        "landuse": "retail",
        "layer": "commercial_services",
        "name": "TOTO(建材城中路店)",
        "osm_id": 1082312750,
        "osm_type": "way"
      },
      "type": "Feature"
    },
    {
      "geometry": {
        "coordinates": [
          [
            [
              116.346345,
              39.939388
            ],
            [
              116.347152,
              39.939474
            ],
            [
              116.347107,
              39.939597
            ],
            [
              116.347102,
              39.939608
            ],
            [
              116.346994,
              39.939902
            ],
            [
              116.346888,
              39.940201
            ],
            [
              116.34678,
              39.940485
            ],
            [
              116.34666,
              39.940811
            ],
            [
              116.346563,
              39.941075
            ],
            [
              116.346474,
              39.941316
            ],
            [
              116.346447,
              39.941389
            ],
            [
              116.346394,
              39.941534
            ],
            [
              116.346948,
              39.941645
            ],
            [
              116.346872,
              39.941826
            ],
            [
              116.346217,
              39.941761
            ],
            [
              116.346011,
              39.941739
            ],
            [
              116.346075,
              39.94131
            ],
            [
              116.346115,
              39.941026
            ],
            [
              116.346154,
              39.940751
            ],
            [
              116.346199,
              39.940428
            ],
            [
              116.346239,
              39.94014
            ],
            [
              116.346284,
              39.939822
            ],
            [
              116.346325,
              39.939531
            ],
            [
              116.346345,
              39.939388
            ]
          ]
        ],
        "type": "Polygon"
      },
      "id": "OSM-WAY-109497827-COMMERCIAL_SERVICES",
      "properties": {
        "building": "yes",
        "evidence_status": "contextual",
        "id": "OSM-WAY-109497827-COMMERCIAL_SERVICES",
        "layer": "commercial_services",
        "name": "凯德MALL•西直门",
        "name:en": "CapitaMall Xizhimen",
        "osm_id": 109497827,
        "osm_type": "way",
        "shop": "mall"
      },
      "type": "Feature"
    },
    {
      "geometry": {
        "coordinates": [
          [
            [
              116.391313,
              39.978525
            ],
            [
              116.391325,
              39.977386
            ],
            [
              116.391501,
              39.97726
            ],
            [
              116.399063,
              39.977302
            ],
            [
              116.399191,
              39.977381
            ],
            [
              116.399197,
              39.978851
            ],
            [
              116.398784,
              39.979028
            ],
            [
              116.398469,
              39.97906
            ],
            [
              116.398159,
              39.978916
            ],
            [
              116.397546,
              39.978558
            ],
            [
              116.396909,
              39.97826
            ],
            [
              116.396229,
              39.97806
            ],
            [
              116.395349,
              39.97793
            ],
            [
              116.394481,
              39.977851
            ],
            [
              116.39388,
              39.977911
            ],
            [
              116.393,
              39.978042
            ],
            [
              116.391509,
              39.978562
            ],
            [
              116.391313,
              39.978525
            ]
          ]
        ],
        "type": "Polygon"
      },
      "id": "OSM-WAY-1099878271-COMMERCIAL_SERVICES",
      "properties": {
        "evidence_status": "contextual",
        "id": "OSM-WAY-1099878271-COMMERCIAL_SERVICES",
        "landuse": "retail",
        "layer": "commercial_services",
        "name": "北投购物公园",
        "osm_id": 1099878271,
        "osm_type": "way"
      },
      "type": "Feature"
    },
    {
      "geometry": {
        "coordinates": [
          [
            [
              116.3886,
              39.972293
            ],
            [
              116.388952,
              39.972296
            ],
            [
              116.388956,
              39.972062
            ],
            [
              116.388604,
              39.972059
            ],
            [
              116.3886,
              39.972293
            ]
          ]
        ],
        "type": "Polygon"
      },
      "id": "OSM-WAY-1118773571-COMMERCIAL_SERVICES",
      "properties": {
        "building": "commercial",
        "evidence_status": "contextual",
        "id": "OSM-WAY-1118773571-COMMERCIAL_SERVICES",
        "layer": "commercial_services",
        "name": "京捷生鲜超市（安外安贞西里二区店）",
        "osm_id": 1118773571,
        "osm_type": "way",
        "shop": "supermarket"
      },
      "type": "Feature"
    },
    {
      "geometry": {
        "coordinates": [
          [
            [
              116.394155,
              39.970509
            ],
            [
              116.394161,
              39.970251
            ],
            [
              116.394042,
              39.97025
            ],
            [
              116.394037,
              39.970508
            ],
            [
              116.394155,
              39.970509
            ]
          ]
        ],
        "type": "Polygon"
      },
      "id": "OSM-WAY-1119480016-COMMERCIAL_SERVICES",
      "properties": {
        "evidence_status": "contextual",
        "id": "OSM-WAY-1119480016-COMMERCIAL_SERVICES",
        "landuse": "commercial",
        "layer": "commercial_services",
        "osm_id": 1119480016,
        "osm_type": "way"
      },
      "type": "Feature"
    },
    {
      "geometry": {
        "coordinates": [
          [
            [
              116.307302,
              39.995058
            ],
            [
              116.308984,
              39.995117
            ],
            [
              116.308801,
              39.997359
            ],
            [
              116.306806,
              39.997101
            ],
            [
              116.306984,
              39.995824
            ],
            [
              116.307302,
              39.995058
            ]
          ]
        ],
        "type": "Polygon"
      },
      "id": "OSM-WAY-1122569397-COMMERCIAL_SERVICES",
      "properties": {
        "evidence_status": "contextual",
        "id": "OSM-WAY-1122569397-COMMERCIAL_SERVICES",
        "landuse": "commercial",
        "layer": "commercial_services",
        "name": "成府园",
        "name:en": "Chengfu Yuan",
        "name:zh": "成府园",
        "osm_id": 1122569397,
        "osm_type": "way"
      },
      "type": "Feature"
    },
    {
      "geometry": {
        "coordinates": [
          [
            [
              116.369673,
              39.968419
            ],
            [
              116.369679,
              39.968069
            ],
            [
              116.371036,
              39.968085
            ],
            [
              116.371031,
              39.968433
            ],
            [
              116.371027,
              39.968568
            ],
            [
              116.37113,
              39.968569
            ],
            [
              116.371114,
              39.969399
            ],
            [
              116.370751,
              39.969395
            ],
            [
              116.370424,
              39.969392
            ],
            [
              116.369695,
              39.96939
            ],
            [
              116.369696,
              39.969172
            ],
            [
              116.369697,
              39.969053
            ],
            [
              116.369697,
              39.968916
            ],
            [
              116.369697,
              39.968719
            ],
            [
              116.369697,
              39.968578
            ],
            [
              116.369673,
              39.968419
            ]
          ]
        ],
        "type": "Polygon"
      },
      "id": "OSM-WAY-1123485965-COMMERCIAL_SERVICES",
      "properties": {
        "evidence_status": "contextual",
        "id": "OSM-WAY-1123485965-COMMERCIAL_SERVICES",
        "landuse": "commercial",
        "layer": "commercial_services",
        "name": "赣湘鲁闽苏浙吉驻北京办事处",
        "osm_id": 1123485965,
        "osm_type": "way"
      },
      "type": "Feature"
    },
    {
      "geometry": {
        "coordinates": [
          [
            [
              116.372079,
              39.964005
            ],
            [
              116.373442,
              39.963986
            ],
            [
              116.373443,
              39.964031
            ],
            [
              116.373452,
              39.964352
            ],
            [
              116.372851,
              39.964362
            ],
            [
              116.372079,
              39.964375
            ],
            [
              116.372079,
              39.964005
            ]
          ]
        ],
        "type": "Polygon"
      },
      "id": "OSM-WAY-1123501741-COMMERCIAL_SERVICES",
      "properties": {
        "evidence_status": "contextual",
        "id": "OSM-WAY-1123501741-COMMERCIAL_SERVICES",
        "landuse": "commercial",
        "layer": "commercial_services",
        "name": "辽宁省人民政府驻北京办事处",
        "office": "government",
        "osm_id": 1123501741,
        "osm_type": "way"
      },
      "type": "Feature"
    },
    {
      "geometry": {
        "coordinates": [
          [
            [
              116.304614,
              40.047647
            ],
            [
              116.304015,
              40.048391
            ],
            [
              116.303032,
              40.047998
            ],
            [
              116.303824,
              40.04706
            ],
            [
              116.30474,
              40.047487
            ],
            [
              116.304614,
              40.047647
            ]
          ]
        ],
        "type": "Polygon"
      },
      "id": "OSM-WAY-1127819759-COMMERCIAL_SERVICES",
      "properties": {
        "evidence_status": "contextual",
        "id": "OSM-WAY-1127819759-COMMERCIAL_SERVICES",
        "landuse": "commercial",
        "layer": "commercial_services",
        "name": "泰禾文化园",
        "osm_id": 1127819759,
        "osm_type": "way"
      },
      "type": "Feature"
    },
    {
      "geometry": {
        "coordinates": [
          [
            [
              116.330816,
              39.997784
            ],
            [
              116.330844,
              39.997523
            ],
            [
              116.33082,
              39.997484
            ],
            [
              116.330334,
              39.997116
            ],
            [
              116.330247,
              39.997037
            ],
            [
              116.329305,
              39.996277
            ],
            [
              116.328021,
              39.995229
            ],
            [
              116.327795,
              39.995384
            ],
            [
              116.32775,
              39.996276
            ],
            [
              116.329096,
              39.996343
            ],
            [
              116.329341,
              39.996531
            ],
            [
              116.329274,
              39.997737
            ],
            [
              116.330816,
              39.997784
            ]
          ]
        ],
        "type": "Polygon"
      },
      "id": "OSM-WAY-1128210980-COMMERCIAL_SERVICES",
      "properties": {
        "evidence_status": "contextual",
        "id": "OSM-WAY-1128210980-COMMERCIAL_SERVICES",
        "landuse": "commercial",
        "layer": "commercial_services",
        "osm_id": 1128210980,
        "osm_type": "way"
      },
      "type": "Feature"
    },
    {
      "geometry": {
        "coordinates": [
          [
            [
              116.39064,
              39.945031
            ],
            [
              116.390625,
              39.944456
            ],
            [
              116.39104,
              39.944453
            ],
            [
              116.391035,
              39.94455
            ],
            [
              116.391215,
              39.944558
            ],
            [
              116.391213,
              39.944912
            ],
            [
              116.390997,
              39.944915
            ],
            [
              116.390999,
              39.945038
            ],
            [
              116.39064,
              39.945031
            ]
          ]
        ],
        "type": "Polygon"
      },
      "id": "OSM-WAY-1130934208-COMMERCIAL_SERVICES",
      "properties": {
        "evidence_status": "contextual",
        "id": "OSM-WAY-1130934208-COMMERCIAL_SERVICES",
        "landuse": "commercial",
        "layer": "commercial_services",
        "name": "金隅金台·共享际",
        "osm_id": 1130934208,
        "osm_type": "way"
      },
      "type": "Feature"
    },
    {
      "geometry": {
        "coordinates": [
          [
            [
              116.319868,
              39.98802
            ],
            [
              116.319887,
              39.987391
            ],
            [
              116.320829,
              39.987401
            ],
            [
              116.32081,
              39.987974
            ],
            [
              116.320673,
              39.988037
            ],
            [
              116.319868,
              39.98802
            ]
          ]
        ],
        "type": "Polygon"
      },
      "id": "OSM-WAY-1148455069-COMMERCIAL_SERVICES",
      "properties": {
        "evidence_status": "contextual",
        "id": "OSM-WAY-1148455069-COMMERCIAL_SERVICES",
        "landuse": "commercial",
        "layer": "commercial_services",
        "name": "科电大厦",
        "name:zh": "科电大厦",
        "osm_id": 1148455069,
        "osm_type": "way"
      },
      "type": "Feature"
    },
    {
      "geometry": {
        "coordinates": [
          [
            [
              116.386931,
              39.988114
            ],
            [
              116.386934,
              39.988057
            ],
            [
              116.387093,
              39.988062
            ],
            [
              116.387089,
              39.98812
            ],
            [
              116.386931,
              39.988114
            ]
          ]
        ],
        "type": "Polygon"
      },
      "id": "OSM-WAY-1157936613-COMMERCIAL_SERVICES",
      "properties": {
        "building": "yes",
        "evidence_status": "contextual",
        "id": "OSM-WAY-1157936613-COMMERCIAL_SERVICES",
        "layer": "commercial_services",
        "osm_id": 1157936613,
        "osm_type": "way",
        "shop": "convenience"
      },
      "type": "Feature"
    },
    {
      "geometry": {
        "coordinates": [
          [
            [
              116.387602,
              39.988128
            ],
            [
              116.387605,
              39.988071
            ],
            [
              116.387764,
              39.988076
            ],
            [
              116.387761,
              39.988133
            ],
            [
              116.387602,
              39.988128
            ]
          ]
        ],
        "type": "Polygon"
      },
      "id": "OSM-WAY-1157936614-COMMERCIAL_SERVICES",
      "properties": {
        "building": "yes",
        "evidence_status": "contextual",
        "id": "OSM-WAY-1157936614-COMMERCIAL_SERVICES",
        "layer": "commercial_services",
        "osm_id": 1157936614,
        "osm_type": "way",
        "shop": "convenience"
      },
      "type": "Feature"
    },
    {
      "geometry": {
        "coordinates": [
          [
            [
              116.390793,
              40.008136
            ],
            [
              116.390786,
              40.008058
            ],
            [
              116.390833,
              40.008056
            ],
            [
              116.390839,
              40.008134
            ],
            [
              116.390793,
              40.008136
            ]
          ]
        ],
        "type": "Polygon"
      },
      "id": "OSM-WAY-1168481796-COMMERCIAL_SERVICES",
      "properties": {
        "building": "yes",
        "evidence_status": "contextual",
        "id": "OSM-WAY-1168481796-COMMERCIAL_SERVICES",
        "layer": "commercial_services",
        "osm_id": 1168481796,
        "osm_type": "way",
        "shop": "convenience"
      },
      "type": "Feature"
    },
    {
      "geometry": {
        "coordinates": [
          [
            [
              116.371523,
              39.97468
            ],
            [
              116.371725,
              39.974678
            ],
            [
              116.371921,
              39.974749
            ],
            [
              116.371998,
              39.974766
            ],
            [
              116.372064,
              39.975046
            ],
            [
              116.371891,
              39.975046
            ],
            [
              116.371901,
              39.975144
            ],
            [
              116.371416,
              39.975138
            ],
            [
              116.371396,
              39.974892
            ],
            [
              116.370831,
              39.97488
            ],
            [
              116.370824,
              39.974802
            ],
            [
              116.371515,
              39.974806
            ],
            [
              116.371523,
              39.97468
            ]
          ]
        ],
        "type": "Polygon"
      },
      "id": "OSM-WAY-1173375069-COMMERCIAL_SERVICES",
      "properties": {
        "evidence_status": "contextual",
        "id": "OSM-WAY-1173375069-COMMERCIAL_SERVICES",
        "landuse": "commercial",
        "layer": "commercial_services",
        "name": "北京市城市河湖处土城河道管理所",
        "osm_id": 1173375069,
        "osm_type": "way"
      },
      "type": "Feature"
    },
    {
      "geometry": {
        "coordinates": [
          [
            [
              116.33675,
              39.937572
            ],
            [
              116.337384,
              39.937627
            ],
            [
              116.338348,
              39.937618
            ],
            [
              116.339021,
              39.937701
            ],
            [
              116.339161,
              39.937795
            ],
            [
              116.339153,
              39.94066
            ],
            [
              116.337286,
              39.94066
            ],
            [
              116.337251,
              39.939853
            ],
            [
              116.336887,
              39.939853
            ],
            [
              116.336677,
              39.939843
            ],
            [
              116.336623,
              39.939735
            ],
            [
              116.33663,
              39.939115
            ],
            [
              116.336637,
              39.938836
            ],
            [
              116.336638,
              39.938192
            ],
            [
              116.33664,
              39.937917
            ],
            [
              116.336765,
              39.937919
            ],
            [
              116.336749,
              39.937596
            ],
            [
              116.33675,
              39.937572
            ]
          ]
        ],
        "type": "Polygon"
      },
      "id": "OSM-WAY-1181444985-COMMERCIAL_SERVICES",
      "properties": {
        "evidence_status": "contextual",
        "id": "OSM-WAY-1181444985-COMMERCIAL_SERVICES",
        "landuse": "commercial",
        "layer": "commercial_services",
        "name": "北京展览馆",
        "osm_id": 1181444985,
        "osm_type": "way"
      },
      "type": "Feature"
    },
    {
      "geometry": {
        "coordinates": [
          [
            [
              116.308257,
              39.977151
            ],
            [
              116.308445,
              39.977156
            ],
            [
              116.310172,
              39.977201
            ],
            [
              116.310035,
              39.977092
            ],
            [
              116.310095,
              39.97698
            ],
            [
              116.31016,
              39.976982
            ],
            [
              116.31019,
              39.97677
            ],
            [
              116.308343,
              39.976703
            ],
            [
              116.308289,
              39.976882
            ],
            [
              116.308359,
              39.976894
            ],
            [
              116.308352,
              39.977102
            ],
            [
              116.308257,
              39.977151
            ]
          ]
        ],
        "type": "Polygon"
      },
      "id": "OSM-WAY-1192602446-COMMERCIAL_SERVICES",
      "properties": {
        "building": "yes",
        "evidence_status": "contextual",
        "id": "OSM-WAY-1192602446-COMMERCIAL_SERVICES",
        "layer": "commercial_services",
        "name": "新中关购物中心",
        "name:en": "The Gate City Mall",
        "osm_id": 1192602446,
        "osm_type": "way",
        "shop": "mall"
      },
      "type": "Feature"
    },
    {
      "geometry": {
        "coordinates": [
          [
            [
              116.299559,
              39.983635
            ],
            [
              116.299756,
              39.983647
            ],
            [
              116.299917,
              39.983652
            ],
            [
              116.300305,
              39.983668
            ],
            [
              116.30875,
              39.983892
            ],
            [
              116.310065,
              39.983932
            ],
            [
              116.310109,
              39.983395
            ],
            [
              116.310074,
              39.982958
            ],
            [
              116.31014,
              39.982618
            ],
            [
              116.310249,
              39.981303
            ],
            [
              116.310396,
              39.979697
            ],
            [
              116.310488,
              39.979539
            ],
            [
              116.310494,
              39.979469
            ],
            [
              116.310501,
              39.977531
            ],
            [
              116.310447,
              39.977329
            ],
            [
              116.310799,
              39.976117
            ],
            [
              116.310961,
              39.975973
            ],
            [
              116.311341,
              39.974812
            ],
            [
              116.31042,
              39.974784
            ],
            [
              116.310345,
              39.97481
            ],
            [
              116.305269,
              39.974647
            ],
            [
              116.300236,
              39.974442
            ],
            [
              116.300213,
              39.974613
            ],
            [
              116.300183,
              39.975075
            ],
            [
              116.300154,
              39.975193
            ],
            [
              116.29999,
              39.977709
            ],
            [
              116.299938,
              39.978588
            ],
            [
              116.299915,
              39.978757
            ],
            [
              116.299838,
              39.979804
            ],
            [
              116.299829,
              39.979918
            ],
            [
              116.299703,
              39.982036
            ],
            [
              116.299597,
              39.982796
            ],
            [
              116.29955,
              39.983461
            ],
            [
              116.299552,
              39.983499
            ],
            [
              116.299553,
              39.983512
            ],
            [
              116.299559,
              39.983635
            ]
          ]
        ],
        "type": "Polygon"
      },
      "id": "OSM-WAY-1217847695-COMMERCIAL_SERVICES",
      "properties": {
        "evidence_status": "contextual",
        "id": "OSM-WAY-1217847695-COMMERCIAL_SERVICES",
        "landuse": "commercial",
        "layer": "commercial_services",
        "name": "中关村核心区",
        "osm_id": 1217847695,
        "osm_type": "way"
      },
      "type": "Feature"
    },
    {
      "geometry": {
        "coordinates": [
          [
            [
              116.349592,
              40.036297
            ],
            [
              116.349646,
              40.036089
            ],
            [
              116.349452,
              40.036062
            ],
            [
              116.349348,
              40.036047
            ],
            [
              116.349302,
              40.036007
            ],
            [
              116.349119,
              40.03598
            ],
            [
              116.349052,
              40.036023
            ],
            [
              116.349008,
              40.03619
            ],
            [
              116.348961,
              40.036371
            ],
            [
              116.348908,
              40.036571
            ],
            [
              116.349565,
              40.036658
            ],
            [
              116.349667,
              40.036306
            ],
            [
              116.349592,
              40.036297
            ]
          ]
        ],
        "type": "Polygon"
      },
      "id": "OSM-WAY-1222976876-COMMERCIAL_SERVICES",
      "properties": {
        "evidence_status": "contextual",
        "id": "OSM-WAY-1222976876-COMMERCIAL_SERVICES",
        "layer": "commercial_services",
        "name": "生活服务中心",
        "opening_hours": "Mo-Su 10:00-22:00",
        "osm_id": 1222976876,
        "osm_type": "way",
        "shop": "mall"
      },
      "type": "Feature"
    },
    {
      "geometry": {
        "coordinates": [
          [
            [
              116.350468,
              40.012545
            ],
            [
              116.35092,
              40.012665
            ],
            [
              116.351149,
              40.012158
            ],
            [
              116.350697,
              40.012038
            ],
            [
              116.350468,
              40.012545
            ]
          ]
        ],
        "type": "Polygon"
      },
      "id": "OSM-WAY-1229051799-COMMERCIAL_SERVICES",
      "properties": {
        "evidence_status": "contextual",
        "id": "OSM-WAY-1229051799-COMMERCIAL_SERVICES",
        "landuse": "commercial",
        "layer": "commercial_services",
        "osm_id": 1229051799,
        "osm_type": "way"
      },
      "type": "Feature"
    },
    {
      "geometry": {
        "coordinates": [
          [
            [
              116.336648,
              39.976173
            ],
            [
              116.336515,
              39.976054
            ],
            [
              116.336553,
              39.976031
            ],
            [
              116.336462,
              39.975953
            ],
            [
              116.336523,
              39.975911
            ],
            [
              116.336657,
              39.976019
            ],
            [
              116.336633,
              39.976037
            ],
            [
              116.336725,
              39.976128
            ],
            [
              116.336648,
              39.976173
            ]
          ]
        ],
        "type": "Polygon"
      },
      "id": "OSM-WAY-1257331004-COMMERCIAL_SERVICES",
      "properties": {
        "building": "dormitory",
        "evidence_status": "contextual",
        "id": "OSM-WAY-1257331004-COMMERCIAL_SERVICES",
        "layer": "commercial_services",
        "name": "幸福乐购超市",
        "opening_hours": "07:50-24:00",
        "osm_id": 1257331004,
        "osm_type": "way",
        "shop": "supermarket",
        "wheelchair": "no"
      },
      "type": "Feature"
    },
    {
      "geometry": {
        "coordinates": [
          [
            [
              116.304066,
              39.948135
            ],
            [
              116.305255,
              39.948187
            ],
            [
              116.305407,
              39.946905
            ],
            [
              116.304849,
              39.946225
            ],
            [
              116.304273,
              39.946193
            ],
            [
              116.304066,
              39.948135
            ]
          ]
        ],
        "type": "Polygon"
      },
      "id": "OSM-WAY-1280550100-COMMERCIAL_SERVICES",
      "properties": {
        "evidence_status": "contextual",
        "id": "OSM-WAY-1280550100-COMMERCIAL_SERVICES",
        "landuse": "commercial",
        "layer": "commercial_services",
        "osm_id": 1280550100,
        "osm_type": "way"
      },
      "type": "Feature"
    },
    {
      "geometry": {
        "coordinates": [
          [
            [
              116.369631,
              39.948014
            ],
            [
              116.369726,
              39.947948
            ],
            [
              116.370348,
              39.947952
            ],
            [
              116.370384,
              39.947958
            ],
            [
              116.37052,
              39.947983
            ],
            [
              116.371035,
              39.948048
            ],
            [
              116.371285,
              39.948086
            ],
            [
              116.371488,
              39.948143
            ],
            [
              116.371463,
              39.948181
            ],
            [
              116.371435,
              39.948223
            ],
            [
              116.37111,
              39.948155
            ],
            [
              116.369631,
              39.948014
            ]
          ]
        ],
        "type": "Polygon"
      },
      "id": "OSM-WAY-1296569279-COMMERCIAL_SERVICES",
      "properties": {
        "evidence_status": "contextual",
        "id": "OSM-WAY-1296569279-COMMERCIAL_SERVICES",
        "landuse": "commercial",
        "layer": "commercial_services",
        "osm_id": 1296569279,
        "osm_type": "way"
      },
      "type": "Feature"
    },
    {
      "geometry": {
        "coordinates": [
          [
            [
              116.369957,
              39.949487
            ],
            [
              116.369835,
              39.949428
            ],
            [
              116.369865,
              39.948443
            ],
            [
              116.369957,
              39.948408
            ],
            [
              116.371296,
              39.948589
            ],
            [
              116.371916,
              39.948924
            ],
            [
              116.371969,
              39.949135
            ],
            [
              116.372099,
              39.949188
            ],
            [
              116.372099,
              39.949838
            ],
            [
              116.371877,
              39.949815
            ],
            [
              116.369957,
              39.949487
            ]
          ]
        ],
        "type": "Polygon"
      },
      "id": "OSM-WAY-1296569281-COMMERCIAL_SERVICES",
      "properties": {
        "evidence_status": "contextual",
        "id": "OSM-WAY-1296569281-COMMERCIAL_SERVICES",
        "landuse": "commercial",
        "layer": "commercial_services",
        "osm_id": 1296569281,
        "osm_type": "way"
      },
      "type": "Feature"
    },
    {
      "geometry": {
        "coordinates": [
          [
            [
              116.299904,
              39.98354
            ],
            [
              116.299752,
              39.983259
            ],
            [
              116.299916,
              39.981237
            ],
            [
              116.301961,
              39.981222
            ],
            [
              116.300696,
              39.983579
            ],
            [
              116.299904,
              39.98354
            ]
          ]
        ],
        "type": "Polygon"
      },
      "id": "OSM-WAY-1303638015-COMMERCIAL_SERVICES",
      "properties": {
        "evidence_status": "contextual",
        "id": "OSM-WAY-1303638015-COMMERCIAL_SERVICES",
        "landuse": "commercial",
        "layer": "commercial_services",
        "name": "中关村创业大街",
        "osm_id": 1303638015,
        "osm_type": "way"
      },
      "type": "Feature"
    },
    {
      "geometry": {
        "coordinates": [
          [
            [
              116.3546,
              39.987049
            ],
            [
              116.354602,
              39.987017
            ],
            [
              116.354681,
              39.987019
            ],
            [
              116.354685,
              39.986941
            ],
            [
              116.354542,
              39.986939
            ],
            [
              116.354536,
              39.987048
            ],
            [
              116.3546,
              39.987049
            ]
          ]
        ],
        "type": "Polygon"
      },
      "id": "OSM-WAY-1339237330-COMMERCIAL_SERVICES",
      "properties": {
        "building": "yes",
        "evidence_status": "contextual",
        "id": "OSM-WAY-1339237330-COMMERCIAL_SERVICES",
        "layer": "commercial_services",
        "name": "啊锋发艺",
        "osm_id": 1339237330,
        "osm_type": "way",
        "shop": "hairdresser"
      },
      "type": "Feature"
    },
    {
      "geometry": {
        "coordinates": [
          [
            [
              116.312818,
              39.955427
            ],
            [
              116.3128,
              39.954528
            ],
            [
              116.315241,
              39.954499
            ],
            [
              116.315259,
              39.955397
            ],
            [
              116.312818,
              39.955427
            ]
          ]
        ],
        "type": "Polygon"
      },
      "id": "OSM-WAY-1340510834-COMMERCIAL_SERVICES",
      "properties": {
        "evidence_status": "contextual",
        "id": "OSM-WAY-1340510834-COMMERCIAL_SERVICES",
        "landuse": "commercial",
        "layer": "commercial_services",
        "osm_id": 1340510834,
        "osm_type": "way"
      },
      "type": "Feature"
    },
    {
      "geometry": {
        "coordinates": [
          [
            [
              116.349346,
              39.952786
            ],
            [
              116.350622,
              39.952819
            ],
            [
              116.350684,
              39.952307
            ],
            [
              116.350964,
              39.952257
            ],
            [
              116.351153,
              39.951939
            ],
            [
              116.351704,
              39.951819
            ],
            [
              116.351934,
              39.950921
            ],
            [
              116.350969,
              39.950764
            ],
            [
              116.350134,
              39.950706
            ],
            [
              116.349558,
              39.95072
            ],
            [
              116.349429,
              39.95133
            ],
            [
              116.349346,
              39.952786
            ]
          ]
        ],
        "type": "Polygon"
      },
      "id": "OSM-WAY-1349493646-COMMERCIAL_SERVICES",
      "properties": {
        "evidence_status": "contextual",
        "id": "OSM-WAY-1349493646-COMMERCIAL_SERVICES",
        "landuse": "retail",
        "layer": "commercial_services",
        "osm_id": 1349493646,
        "osm_type": "way"
      },
      "type": "Feature"
    },
    {
      "geometry": {
        "coordinates": [
          [
            [
              116.364037,
              39.968132
            ],
            [
              116.365856,
              39.968136
            ],
            [
              116.365886,
              39.966874
            ],
            [
              116.36406,
              39.966853
            ],
            [
              116.364037,
              39.968132
            ]
          ]
        ],
        "type": "Polygon"
      },
      "id": "OSM-WAY-1349493647-COMMERCIAL_SERVICES",
      "properties": {
        "evidence_status": "contextual",
        "id": "OSM-WAY-1349493647-COMMERCIAL_SERVICES",
        "landuse": "commercial",
        "layer": "commercial_services",
        "osm_id": 1349493647,
        "osm_type": "way"
      },
      "type": "Feature"
    },
    {
      "geometry": {
        "coordinates": [
          [
            [
              116.346248,
              39.939284
            ],
            [
              116.347588,
              39.939443
            ],
            [
              116.347723,
              39.939538
            ],
            [
              116.346697,
              39.941969
            ],
            [
              116.34613,
              39.941913
            ],
            [
              116.346062,
              39.941853
            ],
            [
              116.345898,
              39.941769
            ],
            [
              116.346248,
              39.939284
            ]
          ]
        ],
        "type": "Polygon"
      },
      "id": "OSM-WAY-1349494834-COMMERCIAL_SERVICES",
      "properties": {
        "evidence_status": "contextual",
        "id": "OSM-WAY-1349494834-COMMERCIAL_SERVICES",
        "landuse": "retail",
        "layer": "commercial_services",
        "osm_id": 1349494834,
        "osm_type": "way"
      },
      "type": "Feature"
    },
    {
      "geometry": {
        "coordinates": [
          [
            [
              116.339598,
              39.976332
            ],
            [
              116.339532,
              39.976331
            ],
            [
              116.339534,
              39.976267
            ],
            [
              116.3396,
              39.976265
            ],
            [
              116.339598,
              39.976332
            ]
          ]
        ],
        "type": "Polygon"
      },
      "id": "OSM-WAY-1368221402-COMMERCIAL_SERVICES",
      "properties": {
        "building": "yes",
        "evidence_status": "contextual",
        "id": "OSM-WAY-1368221402-COMMERCIAL_SERVICES",
        "layer": "commercial_services",
        "name": "便利蜂",
        "name:en": "Bianlifeng",
        "name:zh": "便利蜂",
        "osm_id": 1368221402,
        "osm_type": "way",
        "shop": "convenience"
      },
      "type": "Feature"
    },
    {
      "geometry": {
        "coordinates": [
          [
            [
              116.33886,
              39.980663
            ],
            [
              116.338632,
              39.980655
            ],
            [
              116.338643,
              39.980386
            ],
            [
              116.338868,
              39.980392
            ],
            [
              116.338864,
              39.980532
            ],
            [
              116.33886,
              39.980663
            ]
          ]
        ],
        "type": "Polygon"
      },
      "id": "OSM-WAY-1368385730-COMMERCIAL_SERVICES",
      "properties": {
        "building": "yes",
        "evidence_status": "contextual",
        "id": "OSM-WAY-1368385730-COMMERCIAL_SERVICES",
        "layer": "commercial_services",
        "name": "物美",
        "name:en": "Wumart",
        "name:zh": "物美",
        "osm_id": 1368385730,
        "osm_type": "way",
        "shop": "supermarket"
      },
      "type": "Feature"
    },
    {
      "geometry": {
        "coordinates": [
          [
            [
              116.340873,
              39.980224
            ],
            [
              116.340904,
              39.980224
            ],
            [
              116.341167,
              39.980228
            ],
            [
              116.341221,
              39.980227
            ],
            [
              116.341722,
              39.98024
            ],
            [
              116.341725,
              39.980103
            ],
            [
              116.341682,
              39.980102
            ],
            [
              116.340986,
              39.980094
            ],
            [
              116.340877,
              39.980092
            ],
            [
              116.340873,
              39.980224
            ]
          ]
        ],
        "type": "Polygon"
      },
      "id": "OSM-WAY-1368385731-COMMERCIAL_SERVICES",
      "properties": {
        "building": "yes",
        "evidence_status": "contextual",
        "id": "OSM-WAY-1368385731-COMMERCIAL_SERVICES",
        "layer": "commercial_services",
        "name": "物美",
        "name:en": "Wumart",
        "name:zh": "物美",
        "osm_id": 1368385731,
        "osm_type": "way",
        "shop": "supermarket"
      },
      "type": "Feature"
    },
    {
      "geometry": {
        "coordinates": [
          [
            [
              116.354201,
              39.964677
            ],
            [
              116.354449,
              39.964673
            ],
            [
              116.354426,
              39.965993
            ],
            [
              116.354325,
              39.965992
            ],
            [
              116.354331,
              39.965807
            ],
            [
              116.354244,
              39.965796
            ],
            [
              116.35421,
              39.965372
            ],
            [
              116.354201,
              39.964677
            ]
          ]
        ],
        "type": "Polygon"
      },
      "id": "OSM-WAY-1377379912-COMMERCIAL_SERVICES",
      "properties": {
        "evidence_status": "contextual",
        "id": "OSM-WAY-1377379912-COMMERCIAL_SERVICES",
        "landuse": "retail",
        "layer": "commercial_services",
        "osm_id": 1377379912,
        "osm_type": "way"
      },
      "type": "Feature"
    },
    {
      "geometry": {
        "coordinates": [
          [
            [
              116.351913,
              39.965271
            ],
            [
              116.351933,
              39.964316
            ],
            [
              116.353209,
              39.964307
            ],
            [
              116.354196,
              39.9643
            ],
            [
              116.354174,
              39.965289
            ],
            [
              116.351913,
              39.965271
            ]
          ]
        ],
        "type": "Polygon"
      },
      "id": "OSM-WAY-1377379913-COMMERCIAL_SERVICES",
      "properties": {
        "evidence_status": "contextual",
        "id": "OSM-WAY-1377379913-COMMERCIAL_SERVICES",
        "landuse": "commercial",
        "layer": "commercial_services",
        "osm_id": 1377379913,
        "osm_type": "way"
      },
      "type": "Feature"
    },
    {
      "geometry": {
        "coordinates": [
          [
            [
              116.318056,
              39.998359
            ],
            [
              116.317987,
              39.997989
            ],
            [
              116.319232,
              39.997911
            ],
            [
              116.319239,
              39.998299
            ],
            [
              116.318056,
              39.998359
            ]
          ]
        ],
        "type": "Polygon"
      },
      "id": "OSM-WAY-1378015874-COMMERCIAL_SERVICES",
      "properties": {
        "evidence_status": "contextual",
        "id": "OSM-WAY-1378015874-COMMERCIAL_SERVICES",
        "landuse": "commercial",
        "layer": "commercial_services",
        "name": "照澜园服务区",
        "osm_id": 1378015874,
        "osm_type": "way"
      },
      "type": "Feature"
    },
    {
      "geometry": {
        "coordinates": [
          [
            [
              116.346221,
              40.015188
            ],
            [
              116.347485,
              40.015277
            ],
            [
              116.348212,
              40.014105
            ],
            [
              116.346538,
              40.014067
            ],
            [
              116.346278,
              40.014191
            ],
            [
              116.346257,
              40.014854
            ],
            [
              116.346221,
              40.015188
            ]
          ]
        ],
        "type": "Polygon"
      },
      "id": "OSM-WAY-1383258977-COMMERCIAL_SERVICES",
      "properties": {
        "evidence_status": "contextual",
        "id": "OSM-WAY-1383258977-COMMERCIAL_SERVICES",
        "landuse": "commercial",
        "layer": "commercial_services",
        "name": "科技财富中心",
        "osm_id": 1383258977,
        "osm_type": "way"
      },
      "type": "Feature"
    },
    {
      "geometry": {
        "coordinates": [
          [
            [
              116.333604,
              40.006662
            ],
            [
              116.334974,
              40.006286
            ],
            [
              116.335029,
              40.006168
            ],
            [
              116.334608,
              40.005352
            ],
            [
              116.333499,
              40.005656
            ],
            [
              116.333622,
              40.006127
            ],
            [
              116.333604,
              40.006662
            ]
          ]
        ],
        "type": "Polygon"
      },
      "id": "OSM-WAY-1383566018-COMMERCIAL_SERVICES",
      "properties": {
        "evidence_status": "contextual",
        "id": "OSM-WAY-1383566018-COMMERCIAL_SERVICES",
        "landuse": "commercial",
        "layer": "commercial_services",
        "osm_id": 1383566018,
        "osm_type": "way"
      },
      "type": "Feature"
    },
    {
      "geometry": {
        "coordinates": [
          [
            [
              116.359755,
              39.963358
            ],
            [
              116.359917,
              39.963362
            ],
            [
              116.359908,
              39.96357
            ],
            [
              116.359745,
              39.963566
            ],
            [
              116.359755,
              39.963358
            ]
          ]
        ],
        "type": "Polygon"
      },
      "id": "OSM-WAY-1387671089-COMMERCIAL_SERVICES",
      "properties": {
        "building": "yes",
        "evidence_status": "contextual",
        "id": "OSM-WAY-1387671089-COMMERCIAL_SERVICES",
        "layer": "commercial_services",
        "osm_id": 1387671089,
        "osm_type": "way",
        "shop": "supermarket"
      },
      "type": "Feature"
    },
    {
      "geometry": {
        "coordinates": [
          [
            [
              116.312178,
              39.982784
            ],
            [
              116.310747,
              39.982739
            ],
            [
              116.31082,
              39.981428
            ],
            [
              116.311186,
              39.98144
            ],
            [
              116.311247,
              39.981389
            ],
            [
              116.312319,
              39.981404
            ],
            [
              116.312178,
              39.982784
            ]
          ]
        ],
        "type": "Polygon"
      },
      "id": "OSM-WAY-1410949602-COMMERCIAL_SERVICES",
      "properties": {
        "evidence_status": "contextual",
        "id": "OSM-WAY-1410949602-COMMERCIAL_SERVICES",
        "landuse": "retail",
        "layer": "commercial_services",
        "name": "中关村科贸电子城",
        "osm_id": 1410949602,
        "osm_type": "way"
      },
      "type": "Feature"
    },
    {
      "geometry": {
        "coordinates": [
          [
            [
              116.307132,
              39.978793
            ],
            [
              116.307611,
              39.977701
            ],
            [
              116.309708,
              39.977686
            ],
            [
              116.309692,
              39.977788
            ],
            [
              116.307132,
              39.978793
            ]
          ]
        ],
        "type": "Polygon"
      },
      "id": "OSM-WAY-1410949603-COMMERCIAL_SERVICES",
      "properties": {
        "evidence_status": "contextual",
        "id": "OSM-WAY-1410949603-COMMERCIAL_SERVICES",
        "landuse": "retail",
        "layer": "commercial_services",
        "name": "领展购物广场·中关村",
        "name:zh": "领展购物广场·中关村",
        "osm_id": 1410949603,
        "osm_type": "way"
      },
      "type": "Feature"
    },
    {
      "geometry": {
        "coordinates": [
          [
            [
              116.308024,
              39.977271
            ],
            [
              116.308065,
              39.976669
            ],
            [
              116.31046,
              39.976733
            ],
            [
              116.310345,
              39.977238
            ],
            [
              116.310247,
              39.977334
            ],
            [
              116.308024,
              39.977271
            ]
          ]
        ],
        "type": "Polygon"
      },
      "id": "OSM-WAY-1410949604-COMMERCIAL_SERVICES",
      "properties": {
        "evidence_status": "contextual",
        "id": "OSM-WAY-1410949604-COMMERCIAL_SERVICES",
        "landuse": "retail",
        "layer": "commercial_services",
        "name": "新中关购物中心",
        "osm_id": 1410949604,
        "osm_type": "way"
      },
      "type": "Feature"
    },
    {
      "geometry": {
        "coordinates": [
          [
            [
              116.306372,
              39.981971
            ],
            [
              116.306414,
              39.981302
            ],
            [
              116.307515,
              39.981339
            ],
            [
              116.30756,
              39.981386
            ],
            [
              116.307524,
              39.981958
            ],
            [
              116.307463,
              39.982019
            ],
            [
              116.306372,
              39.981971
            ]
          ]
        ],
        "type": "Polygon"
      },
      "id": "OSM-WAY-1410949605-COMMERCIAL_SERVICES",
      "properties": {
        "alt_name": "5度LAB中心场;5度lab",
        "evidence_status": "contextual",
        "id": "OSM-WAY-1410949605-COMMERCIAL_SERVICES",
        "landuse": "retail",
        "layer": "commercial_services",
        "name": "5°LAB中心场",
        "osm_id": 1410949605,
        "osm_type": "way"
      },
      "type": "Feature"
    },
    {
      "geometry": {
        "coordinates": [
          [
            [
              116.388938,
              39.979889
            ],
            [
              116.390992,
              39.979905
            ],
            [
              116.391078,
              39.977352
            ],
            [
              116.390928,
              39.977274
            ],
            [
              116.389061,
              39.977262
            ],
            [
              116.388938,
              39.979889
            ]
          ]
        ],
        "type": "Polygon"
      },
      "id": "OSM-WAY-1422642851-COMMERCIAL_SERVICES",
      "properties": {
        "evidence_status": "contextual",
        "id": "OSM-WAY-1422642851-COMMERCIAL_SERVICES",
        "landuse": "retail",
        "layer": "commercial_services",
        "osm_id": 1422642851,
        "osm_type": "way"
      },
      "type": "Feature"
    },
    {
      "geometry": {
        "coordinates": [
          [
            [
              116.380869,
              40.000845
            ],
            [
              116.380784,
              40.003248
            ],
            [
              116.381501,
              40.003265
            ],
            [
              116.382186,
              40.003292
            ],
            [
              116.382272,
              40.000883
            ],
            [
              116.380869,
              40.000845
            ]
          ]
        ],
        "type": "Polygon"
      },
      "id": "OSM-WAY-1423791718-COMMERCIAL_SERVICES",
      "properties": {
        "evidence_status": "contextual",
        "id": "OSM-WAY-1423791718-COMMERCIAL_SERVICES",
        "landuse": "retail",
        "layer": "commercial_services",
        "name": "POLPAS 北辰荟",
        "osm_id": 1423791718,
        "osm_type": "way"
      },
      "type": "Feature"
    },
    {
      "geometry": {
        "coordinates": [
          [
            [
              116.336811,
              40.00621
            ],
            [
              116.337031,
              40.001915
            ],
            [
              116.338431,
              40.001954
            ],
            [
              116.340013,
              40.001997
            ],
            [
              116.339967,
              40.003548
            ],
            [
              116.339952,
              40.004068
            ],
            [
              116.339888,
              40.00626
            ],
            [
              116.339051,
              40.006247
            ],
            [
              116.336811,
              40.00621
            ]
          ]
        ],
        "type": "Polygon"
      },
      "id": "OSM-WAY-142603153-COMMERCIAL_SERVICES",
      "properties": {
        "amenity": "research_institute",
        "evidence_status": "contextual",
        "id": "OSM-WAY-142603153-COMMERCIAL_SERVICES",
        "landuse": "commercial",
        "layer": "commercial_services",
        "name": "中国科学院半导体研究所",
        "name:en": "Institute of Semiconductors, Chinese Academy of Sciences",
        "name:zh": "中国科学院半导体研究所",
        "osm_id": 142603153,
        "osm_type": "way"
      },
      "type": "Feature"
    },
    {
      "geometry": {
        "coordinates": [
          [
            [
              116.338253,
              39.965617
            ],
            [
              116.338256,
              39.965657
            ],
            [
              116.338097,
              39.965759
            ],
            [
              116.337582,
              39.965783
            ],
            [
              116.337458,
              39.965817
            ],
            [
              116.337399,
              39.965875
            ],
            [
              116.337358,
              39.965973
            ],
            [
              116.335575,
              39.965983
            ],
            [
              116.335396,
              39.965843
            ],
            [
              116.335416,
              39.96568
            ],
            [
              116.338253,
              39.965617
            ]
          ]
        ],
        "type": "Polygon"
      },
      "id": "OSM-WAY-1447435240-COMMERCIAL_SERVICES",
      "properties": {
        "evidence_status": "contextual",
        "id": "OSM-WAY-1447435240-COMMERCIAL_SERVICES",
        "landuse": "retail",
        "layer": "commercial_services",
        "name": "1733商业食集",
        "osm_id": 1447435240,
        "osm_type": "way"
      },
      "type": "Feature"
    },
    {
      "geometry": {
        "coordinates": [
          [
            [
              116.307825,
              39.983682
            ],
            [
              116.307889,
              39.981386
            ],
            [
              116.308681,
              39.981412
            ],
            [
              116.308573,
              39.982987
            ],
            [
              116.308926,
              39.983004
            ],
            [
              116.308912,
              39.983192
            ],
            [
              116.308576,
              39.983716
            ],
            [
              116.307825,
              39.983682
            ]
          ]
        ],
        "type": "Polygon"
      },
      "id": "OSM-WAY-1447455817-COMMERCIAL_SERVICES",
      "properties": {
        "evidence_status": "contextual",
        "id": "OSM-WAY-1447455817-COMMERCIAL_SERVICES",
        "landuse": "retail",
        "layer": "commercial_services",
        "name": "鼎好DH3商业·The Hub商街",
        "osm_id": 1447455817,
        "osm_type": "way"
      },
      "type": "Feature"
    },
    {
      "geometry": {
        "coordinates": [
          [
            [
              116.33883,
              39.936646
            ],
            [
              116.33876,
              39.93664
            ],
            [
              116.338702,
              39.936624
            ],
            [
              116.338667,
              39.936601
            ],
            [
              116.338666,
              39.936564
            ],
            [
              116.338708,
              39.93655
            ],
            [
              116.338771,
              39.936539
            ],
            [
              116.338835,
              39.936533
            ],
            [
              116.338895,
              39.936539
            ],
            [
              116.338932,
              39.93655
            ],
            [
              116.338959,
              39.936575
            ],
            [
              116.338957,
              39.936595
            ],
            [
              116.338955,
              39.936613
            ],
            [
              116.338892,
              39.936639
            ],
            [
              116.33883,
              39.936646
            ]
          ]
        ],
        "type": "Polygon"
      },
      "id": "OSM-WAY-1455366118-COMMERCIAL_SERVICES",
      "properties": {
        "building": "yes",
        "evidence_status": "contextual",
        "id": "OSM-WAY-1455366118-COMMERCIAL_SERVICES",
        "layer": "commercial_services",
        "name": "JK FUN Entrance",
        "osm_id": 1455366118,
        "osm_type": "way",
        "shop": "mall"
      },
      "type": "Feature"
    },
    {
      "geometry": {
        "coordinates": [
          [
            [
              116.33705,
              39.936555
            ],
            [
              116.337219,
              39.936555
            ],
            [
              116.337225,
              39.936464
            ],
            [
              116.33705,
              39.936463
            ],
            [
              116.33705,
              39.936555
            ]
          ]
        ],
        "type": "Polygon"
      },
      "id": "OSM-WAY-1455366138-COMMERCIAL_SERVICES",
      "properties": {
        "building": "yes",
        "evidence_status": "contextual",
        "id": "OSM-WAY-1455366138-COMMERCIAL_SERVICES",
        "layer": "commercial_services",
        "name": "JK FUN Entrance",
        "osm_id": 1455366138,
        "osm_type": "way",
        "shop": "mall"
      },
      "type": "Feature"
    },
    {
      "geometry": {
        "coordinates": [
          [
            [
              116.303443,
              39.982611
            ],
            [
              116.303475,
              39.981978
            ],
            [
              116.304783,
              39.982013
            ],
            [
              116.304744,
              39.982662
            ],
            [
              116.303443,
              39.982611
            ]
          ]
        ],
        "type": "Polygon"
      },
      "id": "OSM-WAY-1460703571-COMMERCIAL_SERVICES",
      "properties": {
        "evidence_status": "contextual",
        "id": "OSM-WAY-1460703571-COMMERCIAL_SERVICES",
        "landuse": "commercial",
        "layer": "commercial_services",
        "name": "中关村soho",
        "osm_id": 1460703571,
        "osm_type": "way"
      },
      "type": "Feature"
    },
    {
      "geometry": {
        "coordinates": [
          [
            [
              116.318882,
              39.984017
            ],
            [
              116.318933,
              39.98249
            ],
            [
              116.320033,
              39.982503
            ],
            [
              116.320123,
              39.980954
            ],
            [
              116.321034,
              39.980972
            ],
            [
              116.320925,
              39.984067
            ],
            [
              116.318882,
              39.984017
            ]
          ]
        ],
        "type": "Polygon"
      },
      "id": "OSM-WAY-1460795010-COMMERCIAL_SERVICES",
      "properties": {
        "evidence_status": "contextual",
        "id": "OSM-WAY-1460795010-COMMERCIAL_SERVICES",
        "landuse": "retail",
        "layer": "commercial_services",
        "name": "融科天地",
        "osm_id": 1460795010,
        "osm_type": "way"
      },
      "type": "Feature"
    },
    {
      "geometry": {
        "coordinates": [
          [
            [
              116.384503,
              39.990333
            ],
            [
              116.385383,
              39.990356
            ],
            [
              116.385391,
              39.99019
            ],
            [
              116.384511,
              39.990168
            ],
            [
              116.384503,
              39.990333
            ]
          ]
        ],
        "type": "Polygon"
      },
      "id": "OSM-WAY-1474345125-COMMERCIAL_SERVICES",
      "properties": {
        "amenity": "food_court",
        "evidence_status": "contextual",
        "id": "OSM-WAY-1474345125-COMMERCIAL_SERVICES",
        "landuse": "retail",
        "layer": "commercial_services",
        "name": "双奥美食街",
        "osm_id": 1474345125,
        "osm_type": "way"
      },
      "type": "Feature"
    },
    {
      "geometry": {
        "coordinates": [
          [
            [
              116.391666,
              39.996313
            ],
            [
              116.393867,
              39.996345
            ],
            [
              116.39399,
              39.994768
            ],
            [
              116.392331,
              39.994713
            ],
            [
              116.391666,
              39.996313
            ]
          ]
        ],
        "type": "Polygon"
      },
      "id": "OSM-WAY-1513090870-COMMERCIAL_SERVICES",
      "properties": {
        "evidence_status": "contextual",
        "id": "OSM-WAY-1513090870-COMMERCIAL_SERVICES",
        "landuse": "commercial",
        "layer": "commercial_services",
        "name": "Cultural Centre Site",
        "osm_id": 1513090870,
        "osm_type": "way"
      },
      "type": "Feature"
    },
    {
      "geometry": {
        "coordinates": [
          [
            [
              116.346854,
              40.00093
            ],
            [
              116.346885,
              39.999912
            ],
            [
              116.348398,
              39.999939
            ],
            [
              116.348367,
              40.000957
            ],
            [
              116.346854,
              40.00093
            ]
          ]
        ],
        "type": "Polygon"
      },
      "id": "OSM-WAY-154079919-COMMERCIAL_SERVICES",
      "properties": {
        "evidence_status": "contextual",
        "id": "OSM-WAY-154079919-COMMERCIAL_SERVICES",
        "landuse": "retail",
        "layer": "commercial_services",
        "name": "BOM嘻番里",
        "name:zh": "BOM嘻番里",
        "osm_id": 154079919,
        "osm_type": "way"
      },
      "type": "Feature"
    },
    {
      "geometry": {
        "coordinates": [
          [
            [
              116.3925,
              40.003408
            ],
            [
              116.391826,
              40.003412
            ],
            [
              116.391929,
              40.001498
            ],
            [
              116.392039,
              40.001498
            ],
            [
              116.392064,
              40.001248
            ],
            [
              116.392453,
              40.001257
            ],
            [
              116.392455,
              40.001522
            ],
            [
              116.39257,
              40.001529
            ],
            [
              116.3925,
              40.003408
            ]
          ]
        ],
        "type": "Polygon"
      },
      "id": "OSM-WAY-1543289343-COMMERCIAL_SERVICES",
      "properties": {
        "evidence_status": "contextual",
        "id": "OSM-WAY-1543289343-COMMERCIAL_SERVICES",
        "landuse": "retail",
        "layer": "commercial_services",
        "name": "天天中影汇",
        "osm_id": 1543289343,
        "osm_type": "way"
      },
      "type": "Feature"
    },
    {
      "geometry": {
        "coordinates": [
          [
            [
              116.335782,
              39.946806
            ],
            [
              116.335482,
              39.946688
            ],
            [
              116.334984,
              39.946613
            ],
            [
              116.333321,
              39.947564
            ],
            [
              116.333782,
              39.94764
            ],
            [
              116.335409,
              39.947879
            ],
            [
              116.335782,
              39.946806
            ]
          ]
        ],
        "type": "Polygon"
      },
      "id": "OSM-WAY-1547392618-COMMERCIAL_SERVICES",
      "properties": {
        "evidence_status": "contextual",
        "id": "OSM-WAY-1547392618-COMMERCIAL_SERVICES",
        "landuse": "commercial",
        "layer": "commercial_services",
        "osm_id": 1547392618,
        "osm_type": "way"
      },
      "type": "Feature"
    },
    {
      "geometry": {
        "coordinates": [
          [
            [
              116.366442,
              39.938439
            ],
            [
              116.366177,
              39.938433
            ],
            [
              116.366158,
              39.939114
            ],
            [
              116.366416,
              39.939114
            ],
            [
              116.366442,
              39.938439
            ]
          ]
        ],
        "type": "Polygon"
      },
      "id": "OSM-WAY-162977915-COMMERCIAL_SERVICES",
      "properties": {
        "building": "yes",
        "evidence_status": "contextual",
        "id": "OSM-WAY-162977915-COMMERCIAL_SERVICES",
        "layer": "commercial_services",
        "name": "新街口百货",
        "opening_hours": "Mo-Su 09:30-20:00",
        "osm_id": 162977915,
        "osm_type": "way",
        "shop": "mall"
      },
      "type": "Feature"
    },
    {
      "geometry": {
        "coordinates": [
          [
            [
              116.346792,
              40.007771
            ],
            [
              116.346804,
              40.007074
            ],
            [
              116.348841,
              40.007105
            ],
            [
              116.348806,
              40.007829
            ],
            [
              116.346792,
              40.007771
            ]
          ]
        ],
        "type": "Polygon"
      },
      "id": "OSM-WAY-167320566-COMMERCIAL_SERVICES",
      "properties": {
        "building": "yes",
        "evidence_status": "contextual",
        "id": "OSM-WAY-167320566-COMMERCIAL_SERVICES",
        "layer": "commercial_services",
        "name": "新辰里学清路店",
        "name:zh": "新辰里学清路店",
        "osm_id": 167320566,
        "osm_type": "way",
        "shop": "mall"
      },
      "type": "Feature"
    },
    {
      "geometry": {
        "coordinates": [
          [
            [
              116.319201,
              39.964676
            ],
            [
              116.319158,
              39.96556
            ],
            [
              116.320315,
              39.965593
            ],
            [
              116.320358,
              39.964708
            ],
            [
              116.319201,
              39.964676
            ]
          ]
        ],
        "type": "Polygon"
      },
      "id": "OSM-WAY-168856906-COMMERCIAL_SERVICES",
      "properties": {
        "building": "yes",
        "evidence_status": "contextual",
        "id": "OSM-WAY-168856906-COMMERCIAL_SERVICES",
        "layer": "commercial_services",
        "name": "双安商场",
        "osm_id": 168856906,
        "osm_type": "way",
        "shop": "department_store"
      },
      "type": "Feature"
    },
    {
      "geometry": {
        "coordinates": [
          [
            [
              116.355983,
              40.037472
            ],
            [
              116.35585,
              40.037747
            ],
            [
              116.355772,
              40.03804
            ],
            [
              116.353449,
              40.043336
            ],
            [
              116.353282,
              40.043575
            ],
            [
              116.35297,
              40.043404
            ],
            [
              116.352793,
              40.043781
            ],
            [
              116.35165,
              40.04632
            ],
            [
              116.351523,
              40.046613
            ],
            [
              116.351088,
              40.047528
            ],
            [
              116.348496,
              40.04716
            ],
            [
              116.348406,
              40.047077
            ],
            [
              116.350506,
              40.04133
            ],
            [
              116.35298,
              40.041692
            ],
            [
              116.353424,
              40.039565
            ],
            [
              116.353589,
              40.038955
            ],
            [
              116.35381,
              40.037548
            ],
            [
              116.35383,
              40.03695
            ],
            [
              116.353848,
              40.036905
            ],
            [
              116.355876,
              40.03735
            ],
            [
              116.355983,
              40.037472
            ]
          ]
        ],
        "type": "Polygon"
      },
      "id": "OSM-WAY-177617221-COMMERCIAL_SERVICES",
      "properties": {
        "evidence_status": "contextual",
        "id": "OSM-WAY-177617221-COMMERCIAL_SERVICES",
        "landuse": "commercial",
        "layer": "commercial_services",
        "name": "东升科技园",
        "name:en": "DongSheng Science and Technology Park",
        "osm_id": 177617221,
        "osm_type": "way"
      },
      "type": "Feature"
    },
    {
      "geometry": {
        "coordinates": [
          [
            [
              116.300322,
              39.966132
            ],
            [
              116.300679,
              39.966151
            ],
            [
              116.300706,
              39.965868
            ],
            [
              116.300349,
              39.965848
            ],
            [
              116.300322,
              39.966132
            ]
          ]
        ],
        "type": "Polygon"
      },
      "id": "OSM-WAY-182041291-COMMERCIAL_SERVICES",
      "properties": {
        "building": "yes",
        "evidence_status": "contextual",
        "id": "OSM-WAY-182041291-COMMERCIAL_SERVICES",
        "layer": "commercial_services",
        "name": "北京城乡仓储大超市",
        "osm_id": 182041291,
        "osm_type": "way",
        "shop": "supermarket"
      },
      "type": "Feature"
    },
    {
      "geometry": {
        "coordinates": [
          [
            [
              116.375124,
              39.953103
            ],
            [
              116.375486,
              39.953105
            ],
            [
              116.375491,
              39.952649
            ],
            [
              116.375129,
              39.952647
            ],
            [
              116.375124,
              39.953103
            ]
          ]
        ],
        "type": "Polygon"
      },
      "id": "OSM-WAY-216635404-COMMERCIAL_SERVICES",
      "properties": {
        "building": "yes",
        "evidence_status": "contextual",
        "id": "OSM-WAY-216635404-COMMERCIAL_SERVICES",
        "layer": "commercial_services",
        "osm_id": 216635404,
        "osm_type": "way",
        "shop": "supermarket"
      },
      "type": "Feature"
    },
    {
      "geometry": {
        "coordinates": [
          [
            [
              116.322182,
              39.994997
            ],
            [
              116.322169,
              39.995127
            ],
            [
              116.321591,
              39.995094
            ],
            [
              116.321604,
              39.994964
            ],
            [
              116.322182,
              39.994997
            ]
          ]
        ],
        "type": "Polygon"
      },
      "id": "OSM-WAY-226669470-COMMERCIAL_SERVICES",
      "properties": {
        "evidence_status": "contextual",
        "id": "OSM-WAY-226669470-COMMERCIAL_SERVICES",
        "landuse": "retail",
        "layer": "commercial_services",
        "name": "澜院便利店",
        "name:zh": "澜院便利店",
        "osm_id": 226669470,
        "osm_type": "way"
      },
      "type": "Feature"
    },
    {
      "geometry": {
        "coordinates": [
          [
            [
              116.332287,
              39.998743
            ],
            [
              116.332927,
              39.99876
            ],
            [
              116.33349,
              39.998775
            ],
            [
              116.33351,
              39.998229
            ],
            [
              116.333511,
              39.998046
            ],
            [
              116.333533,
              39.997294
            ],
            [
              116.333535,
              39.997244
            ],
            [
              116.333552,
              39.996657
            ],
            [
              116.332413,
              39.996636
            ],
            [
              116.332414,
              39.996592
            ],
            [
              116.33256,
              39.996595
            ],
            [
              116.332585,
              39.995759
            ],
            [
              116.332058,
              39.99575
            ],
            [
              116.332026,
              39.996845
            ],
            [
              116.33223,
              39.996848
            ],
            [
              116.33222,
              39.997178
            ],
            [
              116.332324,
              39.99718
            ],
            [
              116.332287,
              39.998743
            ]
          ]
        ],
        "type": "Polygon"
      },
      "id": "OSM-WAY-239166841-COMMERCIAL_SERVICES",
      "properties": {
        "evidence_status": "contextual",
        "id": "OSM-WAY-239166841-COMMERCIAL_SERVICES",
        "landuse": "commercial",
        "layer": "commercial_services",
        "name": "清华同方科技广场",
        "name:zh": "清华同方科技广场",
        "osm_id": 239166841,
        "osm_type": "way"
      },
      "type": "Feature"
    },
    {
      "geometry": {
        "coordinates": [
          [
            [
              116.299895,
              39.983441
            ],
            [
              116.29996,
              39.983258
            ],
            [
              116.300014,
              39.983269
            ],
            [
              116.300177,
              39.983303
            ],
            [
              116.30031,
              39.983331
            ],
            [
              116.300275,
              39.983427
            ],
            [
              116.300244,
              39.983514
            ],
            [
              116.299996,
              39.983462
            ],
            [
              116.299895,
              39.983441
            ]
          ]
        ],
        "type": "Polygon"
      },
      "id": "OSM-WAY-240832213-COMMERCIAL_SERVICES",
      "properties": {
        "building": "yes",
        "evidence_status": "contextual",
        "id": "OSM-WAY-240832213-COMMERCIAL_SERVICES",
        "layer": "commercial_services",
        "name": "中国书店",
        "name:en": "China Book Shop",
        "name:zh": "中国书店",
        "osm_id": 240832213,
        "osm_type": "way",
        "shop": "books"
      },
      "type": "Feature"
    },
    {
      "geometry": {
        "coordinates": [
          [
            [
              116.392878,
              39.968353
            ],
            [
              116.393814,
              39.968368
            ],
            [
              116.39383,
              39.967812
            ],
            [
              116.393275,
              39.967803
            ],
            [
              116.393269,
              39.968041
            ],
            [
              116.392887,
              39.968035
            ],
            [
              116.392878,
              39.968353
            ]
          ]
        ],
        "type": "Polygon"
      },
      "id": "OSM-WAY-247177007-COMMERCIAL_SERVICES",
      "properties": {
        "building": "yes",
        "evidence_status": "contextual",
        "id": "OSM-WAY-247177007-COMMERCIAL_SERVICES",
        "layer": "commercial_services",
        "name": "国美电器安贞店",
        "osm_id": 247177007,
        "osm_type": "way",
        "shop": "mall"
      },
      "type": "Feature"
    },
    {
      "geometry": {
        "coordinates": [
          [
            [
              116.39467,
              39.969762
            ],
            [
              116.394543,
              39.969655
            ],
            [
              116.39458,
              39.96886
            ],
            [
              116.394657,
              39.968805
            ],
            [
              116.395304,
              39.968812
            ],
            [
              116.395428,
              39.968921
            ],
            [
              116.395409,
              39.969516
            ],
            [
              116.39509,
              39.969766
            ],
            [
              116.394895,
              39.969606
            ],
            [
              116.39467,
              39.969762
            ]
          ]
        ],
        "type": "Polygon"
      },
      "id": "OSM-WAY-248632195-COMMERCIAL_SERVICES",
      "properties": {
        "building": "commercial",
        "evidence_status": "contextual",
        "id": "OSM-WAY-248632195-COMMERCIAL_SERVICES",
        "layer": "commercial_services",
        "name": "华联商厦",
        "osm_id": 248632195,
        "osm_type": "way",
        "shop": "mall"
      },
      "type": "Feature"
    },
    {
      "geometry": {
        "coordinates": [
          [
            [
              116.350226,
              39.952034
            ],
            [
              116.349721,
              39.952034
            ],
            [
              116.349796,
              39.951475
            ],
            [
              116.349904,
              39.951285
            ],
            [
              116.35014,
              39.95117
            ],
            [
              116.350376,
              39.951146
            ],
            [
              116.350354,
              39.95108
            ],
            [
              116.350547,
              39.951055
            ],
            [
              116.350558,
              39.950932
            ],
            [
              116.350741,
              39.950932
            ],
            [
              116.350987,
              39.950932
            ],
            [
              116.351234,
              39.951039
            ],
            [
              116.351374,
              39.951121
            ],
            [
              116.351341,
              39.951327
            ],
            [
              116.351331,
              39.951762
            ],
            [
              116.35103,
              39.951762
            ],
            [
              116.350891,
              39.951762
            ],
            [
              116.350869,
              39.951952
            ],
            [
              116.35073,
              39.9521
            ],
            [
              116.350451,
              39.952042
            ],
            [
              116.350226,
              39.952034
            ]
          ]
        ],
        "type": "Polygon"
      },
      "id": "OSM-WAY-258041025-COMMERCIAL_SERVICES",
      "properties": {
        "building": "commercial",
        "evidence_status": "contextual",
        "id": "OSM-WAY-258041025-COMMERCIAL_SERVICES",
        "layer": "commercial_services",
        "name": "枫蓝国际中心",
        "osm_id": 258041025,
        "osm_type": "way",
        "shop": "mall"
      },
      "type": "Feature"
    },
    {
      "geometry": {
        "coordinates": [
          [
            [
              116.364491,
              39.946434
            ],
            [
              116.364701,
              39.946441
            ],
            [
              116.364701,
              39.946486
            ],
            [
              116.364939,
              39.946503
            ],
            [
              116.364939,
              39.946541
            ],
            [
              116.365286,
              39.946567
            ],
            [
              116.365397,
              39.945471
            ],
            [
              116.364806,
              39.945435
            ],
            [
              116.36476,
              39.945718
            ],
            [
              116.364744,
              39.945798
            ],
            [
              116.364667,
              39.945801
            ],
            [
              116.364509,
              39.946282
            ],
            [
              116.364491,
              39.946434
            ]
          ]
        ],
        "type": "Polygon"
      },
      "id": "OSM-WAY-263929825-COMMERCIAL_SERVICES",
      "properties": {
        "building": "yes",
        "evidence_status": "contextual",
        "id": "OSM-WAY-263929825-COMMERCIAL_SERVICES",
        "layer": "commercial_services",
        "name": "新华百货",
        "osm_id": 263929825,
        "osm_type": "way",
        "shop": "mall"
      },
      "type": "Feature"
    },
    {
      "geometry": {
        "coordinates": [
          [
            [
              116.356663,
              39.972526
            ],
            [
              116.356691,
              39.971815
            ],
            [
              116.358199,
              39.971804
            ],
            [
              116.358206,
              39.97252
            ],
            [
              116.356663,
              39.972526
            ]
          ]
        ],
        "type": "Polygon"
      },
      "id": "OSM-WAY-264417369-COMMERCIAL_SERVICES",
      "properties": {
        "building": "yes",
        "evidence_status": "contextual",
        "id": "OSM-WAY-264417369-COMMERCIAL_SERVICES",
        "layer": "commercial_services",
        "name": "美廉美超市花园路店",
        "name:en": "Merry Mart Huayuan Road Shop",
        "osm_id": 264417369,
        "osm_type": "way",
        "shop": "supermarket"
      },
      "type": "Feature"
    },
    {
      "geometry": {
        "coordinates": [
          [
            [
              116.305084,
              39.980886
            ],
            [
              116.305077,
              39.979733
            ],
            [
              116.30506,
              39.979635
            ],
            [
              116.305062,
              39.979128
            ],
            [
              116.305535,
              39.979167
            ],
            [
              116.306161,
              39.979386
            ],
            [
              116.306592,
              39.979634
            ],
            [
              116.306882,
              39.979259
            ],
            [
              116.30719,
              39.978944
            ],
            [
              116.308189,
              39.978555
            ],
            [
              116.30934,
              39.978097
            ],
            [
              116.310023,
              39.979005
            ],
            [
              116.30999,
              39.979387
            ],
            [
              116.309441,
              39.979403
            ],
            [
              116.308821,
              39.9795
            ],
            [
              116.307191,
              39.980118
            ],
            [
              116.307375,
              39.980414
            ],
            [
              116.306627,
              39.980585
            ],
            [
              116.306452,
              39.98105
            ],
            [
              116.305235,
              39.981012
            ],
            [
              116.305084,
              39.980886
            ]
          ]
        ],
        "type": "Polygon"
      },
      "id": "OSM-WAY-26812096-COMMERCIAL_SERVICES",
      "properties": {
        "evidence_status": "contextual",
        "id": "OSM-WAY-26812096-COMMERCIAL_SERVICES",
        "landuse": "retail",
        "layer": "commercial_services",
        "name": "中关村ART PARK大融城",
        "name:zh": "中关村ART PARK大融城",
        "osm_id": 26812096,
        "osm_type": "way"
      },
      "type": "Feature"
    },
    {
      "geometry": {
        "coordinates": [
          [
            [
              116.336877,
              39.949324
            ],
            [
              116.337008,
              39.948941
            ],
            [
              116.33737,
              39.948989
            ],
            [
              116.337343,
              39.949075
            ],
            [
              116.337838,
              39.949146
            ],
            [
              116.337744,
              39.949443
            ],
            [
              116.336877,
              39.949324
            ]
          ]
        ],
        "type": "Polygon"
      },
      "id": "OSM-WAY-287661359-COMMERCIAL_SERVICES",
      "properties": {
        "evidence_status": "contextual",
        "id": "OSM-WAY-287661359-COMMERCIAL_SERVICES",
        "landuse": "commercial",
        "layer": "commercial_services",
        "name": "红果园宾馆",
        "name:zh": "红果园宾馆",
        "osm_id": 287661359,
        "osm_type": "way"
      },
      "type": "Feature"
    },
    {
      "geometry": {
        "coordinates": [
          [
            [
              116.336343,
              39.969212
            ],
            [
              116.336493,
              39.968663
            ],
            [
              116.3364,
              39.968643
            ],
            [
              116.336828,
              39.966943
            ],
            [
              116.337303,
              39.967014
            ],
            [
              116.337313,
              39.966879
            ],
            [
              116.337814,
              39.966962
            ],
            [
              116.338247,
              39.966864
            ],
            [
              116.338547,
              39.966903
            ],
            [
              116.338289,
              39.96765
            ],
            [
              116.338237,
              39.967639
            ],
            [
              116.338129,
              39.967971
            ],
            [
              116.338082,
              39.967959
            ],
            [
              116.337994,
              39.968228
            ],
            [
              116.337886,
              39.968212
            ],
            [
              116.337824,
              39.968418
            ],
            [
              116.337752,
              39.96841
            ],
            [
              116.3377,
              39.968615
            ],
            [
              116.337628,
              39.9686
            ],
            [
              116.337509,
              39.969023
            ],
            [
              116.337221,
              39.969347
            ],
            [
              116.336343,
              39.969212
            ]
          ]
        ],
        "type": "Polygon"
      },
      "id": "OSM-WAY-297854399-COMMERCIAL_SERVICES",
      "properties": {
        "building": "commercial",
        "evidence_status": "contextual",
        "id": "OSM-WAY-297854399-COMMERCIAL_SERVICES",
        "layer": "commercial_services",
        "name": "蓝景丽家 大钟寺家居广场",
        "osm_id": 297854399,
        "osm_type": "way",
        "shop": "mall"
      },
      "type": "Feature"
    },
    {
      "geometry": {
        "coordinates": [
          [
            [
              116.324698,
              39.956696
            ],
            [
              116.324988,
              39.95671
            ],
            [
              116.325004,
              39.956456
            ],
            [
              116.325094,
              39.95646
            ],
            [
              116.325105,
              39.956365
            ],
            [
              116.324728,
              39.95635
            ],
            [
              116.324698,
              39.956696
            ]
          ]
        ],
        "type": "Polygon"
      },
      "id": "OSM-WAY-305570855-COMMERCIAL_SERVICES",
      "properties": {
        "evidence_status": "contextual",
        "id": "OSM-WAY-305570855-COMMERCIAL_SERVICES",
        "layer": "commercial_services",
        "name": "超市发",
        "osm_id": 305570855,
        "osm_type": "way",
        "shop": "supermarket"
      },
      "type": "Feature"
    },
    {
      "geometry": {
        "coordinates": [
          [
            [
              116.333487,
              39.991113
            ],
            [
              116.333392,
              39.991188
            ],
            [
              116.333116,
              39.991179
            ],
            [
              116.33279,
              39.991169
            ],
            [
              116.332799,
              39.99093
            ],
            [
              116.333196,
              39.990937
            ],
            [
              116.333206,
              39.990264
            ],
            [
              116.33282,
              39.990259
            ],
            [
              116.332826,
              39.990027
            ],
            [
              116.333508,
              39.990041
            ],
            [
              116.333506,
              39.990151
            ],
            [
              116.3335,
              39.990465
            ],
            [
              116.333487,
              39.991113
            ]
          ]
        ],
        "type": "Polygon"
      },
      "id": "OSM-WAY-33457828-COMMERCIAL_SERVICES",
      "properties": {
        "alt_name": "优盛大厦",
        "building": "yes",
        "evidence_status": "contextual",
        "id": "OSM-WAY-33457828-COMMERCIAL_SERVICES",
        "layer": "commercial_services",
        "name": "五道口购物中心",
        "name:en": "WDK Shopping Center",
        "name:zh": "五道口购物中心",
        "osm_id": 33457828,
        "osm_type": "way",
        "shop": "mall"
      },
      "type": "Feature"
    },
    {
      "geometry": {
        "coordinates": [
          [
            [
              116.327136,
              39.99253
            ],
            [
              116.327126,
              39.992779
            ],
            [
              116.327256,
              39.992783
            ],
            [
              116.327336,
              39.992897
            ],
            [
              116.327436,
              39.99292
            ],
            [
              116.327525,
              39.992865
            ],
            [
              116.327588,
              39.992747
            ],
            [
              116.327713,
              39.992739
            ],
            [
              116.327849,
              39.992659
            ],
            [
              116.328224,
              39.992678
            ],
            [
              116.328261,
              39.991927
            ],
            [
              116.328132,
              39.991927
            ],
            [
              116.328075,
              39.991987
            ],
            [
              116.328013,
              39.991983
            ],
            [
              116.327942,
              39.991871
            ],
            [
              116.327733,
              39.991923
            ],
            [
              116.327498,
              39.992035
            ],
            [
              116.327327,
              39.992194
            ],
            [
              116.327225,
              39.992362
            ],
            [
              116.327136,
              39.99253
            ]
          ]
        ],
        "type": "Polygon"
      },
      "id": "OSM-WAY-33457835-COMMERCIAL_SERVICES",
      "properties": {
        "building": "commercial",
        "evidence_status": "contextual",
        "id": "OSM-WAY-33457835-COMMERCIAL_SERVICES",
        "layer": "commercial_services",
        "name": "东升大厦",
        "name:en": "Northern Territory",
        "name:zh": "东升大厦",
        "osm_id": 33457835,
        "osm_type": "way",
        "shop": "mall"
      },
      "type": "Feature"
    },
    {
      "geometry": {
        "coordinates": [
          [
            [
              116.323023,
              39.991578
            ],
            [
              116.322911,
              39.993048
            ],
            [
              116.322904,
              39.993136
            ],
            [
              116.322824,
              39.994194
            ],
            [
              116.323767,
              39.994222
            ],
            [
              116.323746,
              39.994852
            ],
            [
              116.32634,
              39.994909
            ],
            [
              116.326429,
              39.994106
            ],
            [
              116.326402,
              39.992682
            ],
            [
              116.326384,
              39.991701
            ],
            [
              116.323023,
              39.991578
            ]
          ]
        ],
        "type": "Polygon"
      },
      "id": "OSM-WAY-33460500-COMMERCIAL_SERVICES",
      "properties": {
        "evidence_status": "contextual",
        "id": "OSM-WAY-33460500-COMMERCIAL_SERVICES",
        "landuse": "commercial",
        "layer": "commercial_services",
        "name": "清华科技园",
        "osm_id": 33460500,
        "osm_type": "way"
      },
      "type": "Feature"
    },
    {
      "geometry": {
        "coordinates": [
          [
            [
              116.317995,
              39.997961
            ],
            [
              116.319239,
              39.99789
            ],
            [
              116.319227,
              39.997021
            ],
            [
              116.317919,
              39.997102
            ],
            [
              116.317995,
              39.997961
            ]
          ]
        ],
        "type": "Polygon"
      },
      "id": "OSM-WAY-33460758-COMMERCIAL_SERVICES",
      "properties": {
        "evidence_status": "contextual",
        "id": "OSM-WAY-33460758-COMMERCIAL_SERVICES",
        "landuse": "retail",
        "layer": "commercial_services",
        "name": "照澜院商业区",
        "name:en": "Zhao Lan Yuan",
        "name:zh": "照澜院商业区",
        "osm_id": 33460758,
        "osm_type": "way"
      },
      "type": "Feature"
    },
    {
      "geometry": {
        "coordinates": [
          [
            [
              116.350383,
              39.958281
            ],
            [
              116.350789,
              39.958299
            ],
            [
              116.350801,
              39.9582
            ],
            [
              116.350395,
              39.958184
            ],
            [
              116.350383,
              39.958281
            ]
          ]
        ],
        "type": "Polygon"
      },
      "id": "OSM-WAY-344376258-COMMERCIAL_SERVICES",
      "properties": {
        "building": "yes",
        "evidence_status": "contextual",
        "id": "OSM-WAY-344376258-COMMERCIAL_SERVICES",
        "layer": "commercial_services",
        "name": "宏途书店",
        "name:zh": "宏途书店",
        "osm_id": 344376258,
        "osm_type": "way",
        "shop": "books"
      },
      "type": "Feature"
    },
    {
      "geometry": {
        "coordinates": [
          [
            [
              116.302981,
              39.959922
            ],
            [
              116.302814,
              39.959827
            ],
            [
              116.303224,
              39.957737
            ],
            [
              116.305122,
              39.957735
            ],
            [
              116.305107,
              39.959891
            ],
            [
              116.304996,
              39.959949
            ],
            [
              116.302981,
              39.959922
            ]
          ]
        ],
        "type": "Polygon"
      },
      "id": "OSM-WAY-352009354-COMMERCIAL_SERVICES",
      "properties": {
        "evidence_status": "contextual",
        "id": "OSM-WAY-352009354-COMMERCIAL_SERVICES",
        "landuse": "commercial",
        "layer": "commercial_services",
        "name": "国防科技园",
        "name:zh": "国防科技园",
        "osm_id": 352009354,
        "osm_type": "way"
      },
      "type": "Feature"
    },
    {
      "geometry": {
        "coordinates": [
          [
            [
              116.351392,
              39.992306
            ],
            [
              116.349153,
              39.992244
            ],
            [
              116.347393,
              39.992196
            ],
            [
              116.347184,
              39.995379
            ],
            [
              116.351315,
              39.995548
            ],
            [
              116.351331,
              39.995213
            ],
            [
              116.351392,
              39.992306
            ]
          ]
        ],
        "type": "Polygon"
      },
      "id": "OSM-WAY-365816823-COMMERCIAL_SERVICES",
      "properties": {
        "evidence_status": "contextual",
        "id": "OSM-WAY-365816823-COMMERCIAL_SERVICES",
        "landuse": "commercial",
        "layer": "commercial_services",
        "name": "中国石油勘探开发研究院",
        "name:zh": "中国石油勘探开发研究院",
        "osm_id": 365816823,
        "osm_type": "way"
      },
      "type": "Feature"
    },
    {
      "geometry": {
        "coordinates": [
          [
            [
              116.331705,
              39.984107
            ],
            [
              116.329987,
              39.984028
            ],
            [
              116.33052,
              39.983289
            ],
            [
              116.33178,
              39.983352
            ],
            [
              116.331705,
              39.984107
            ]
          ]
        ],
        "type": "Polygon"
      },
      "id": "OSM-WAY-391182789-COMMERCIAL_SERVICES",
      "properties": {
        "evidence_status": "contextual",
        "id": "OSM-WAY-391182789-COMMERCIAL_SERVICES",
        "landuse": "commercial",
        "layer": "commercial_services",
        "osm_id": 391182789,
        "osm_type": "way"
      },
      "type": "Feature"
    },
    {
      "geometry": {
        "coordinates": [
          [
            [
              116.386837,
              39.946674
            ],
            [
              116.387276,
              39.946676
            ],
            [
              116.387276,
              39.946601
            ],
            [
              116.386837,
              39.946599
            ],
            [
              116.386837,
              39.946623
            ],
            [
              116.386837,
              39.946674
            ]
          ]
        ],
        "type": "Polygon"
      },
      "id": "OSM-WAY-425978363-COMMERCIAL_SERVICES",
      "properties": {
        "evidence_status": "contextual",
        "id": "OSM-WAY-425978363-COMMERCIAL_SERVICES",
        "landuse": "retail",
        "layer": "commercial_services",
        "osm_id": 425978363,
        "osm_type": "way"
      },
      "type": "Feature"
    },
    {
      "geometry": {
        "coordinates": [
          [
            [
              116.386628,
              39.946694
            ],
            [
              116.386843,
              39.946696
            ],
            [
              116.386837,
              39.946674
            ],
            [
              116.386837,
              39.946623
            ],
            [
              116.386629,
              39.946621
            ],
            [
              116.386628,
              39.946694
            ]
          ]
        ],
        "type": "Polygon"
      },
      "id": "OSM-WAY-425978364-COMMERCIAL_SERVICES",
      "properties": {
        "evidence_status": "contextual",
        "id": "OSM-WAY-425978364-COMMERCIAL_SERVICES",
        "landuse": "retail",
        "layer": "commercial_services",
        "osm_id": 425978364,
        "osm_type": "way"
      },
      "type": "Feature"
    },
    {
      "geometry": {
        "coordinates": [
          [
            [
              116.370362,
              39.99233
            ],
            [
              116.371225,
              39.991035
            ],
            [
              116.372062,
              39.991319
            ],
            [
              116.373135,
              39.991343
            ],
            [
              116.373105,
              39.992528
            ],
            [
              116.370427,
              39.992449
            ],
            [
              116.370362,
              39.99233
            ]
          ]
        ],
        "type": "Polygon"
      },
      "id": "OSM-WAY-442001587-COMMERCIAL_SERVICES",
      "properties": {
        "evidence_status": "contextual",
        "id": "OSM-WAY-442001587-COMMERCIAL_SERVICES",
        "landuse": "commercial",
        "layer": "commercial_services",
        "name": "中关村科技园",
        "osm_id": 442001587,
        "osm_type": "way"
      },
      "type": "Feature"
    },
    {
      "geometry": {
        "coordinates": [
          [
            [
              116.316549,
              40.009705
            ],
            [
              116.316705,
              40.009726
            ],
            [
              116.316796,
              40.009327
            ],
            [
              116.316641,
              40.009306
            ],
            [
              116.316549,
              40.009705
            ]
          ]
        ],
        "type": "Polygon"
      },
      "id": "OSM-WAY-453690531-COMMERCIAL_SERVICES",
      "properties": {
        "building": "yes",
        "evidence_status": "contextual",
        "id": "OSM-WAY-453690531-COMMERCIAL_SERVICES",
        "layer": "commercial_services",
        "name": "清华北区便民果蔬超市",
        "name:zh": "清华北区便民果蔬超市",
        "operator": "清华大学",
        "osm_id": 453690531,
        "osm_type": "way",
        "shop": "supermarket",
        "wheelchair": "yes"
      },
      "type": "Feature"
    },
    {
      "geometry": {
        "coordinates": [
          [
            [
              116.310936,
              39.963699
            ],
            [
              116.312084,
              39.96412
            ],
            [
              116.312164,
              39.963985
            ],
            [
              116.313664,
              39.964558
            ],
            [
              116.314353,
              39.963602
            ],
            [
              116.314862,
              39.963506
            ],
            [
              116.31547,
              39.96358
            ],
            [
              116.315852,
              39.961967
            ],
            [
              116.314947,
              39.961743
            ],
            [
              116.314826,
              39.961011
            ],
            [
              116.314672,
              39.960847
            ],
            [
              116.314654,
              39.960381
            ],
            [
              116.313815,
              39.960386
            ],
            [
              116.313828,
              39.960188
            ],
            [
              116.312236,
              39.960167
            ],
            [
              116.312246,
              39.961048
            ],
            [
              116.310955,
              39.961066
            ],
            [
              116.310873,
              39.962108
            ],
            [
              116.31016,
              39.963115
            ],
            [
              116.311053,
              39.963514
            ],
            [
              116.310936,
              39.963699
            ]
          ]
        ],
        "type": "Polygon"
      },
      "id": "OSM-WAY-46031082-COMMERCIAL_SERVICES",
      "properties": {
        "evidence_status": "contextual",
        "id": "OSM-WAY-46031082-COMMERCIAL_SERVICES",
        "landuse": "commercial",
        "layer": "commercial_services",
        "name": "北京友谊宾馆",
        "name:en": "Beijing Friendship Hotel",
        "name:zh": "北京友谊宾馆",
        "osm_id": 46031082,
        "osm_type": "way",
        "tourism": "hotel"
      },
      "type": "Feature"
    },
    {
      "geometry": {
        "coordinates": [
          [
            [
              116.328163,
              39.969254
            ],
            [
              116.330737,
              39.969435
            ],
            [
              116.330802,
              39.969147
            ],
            [
              116.331317,
              39.969131
            ],
            [
              116.331512,
              39.966604
            ],
            [
              116.328216,
              39.966541
            ],
            [
              116.328163,
              39.969254
            ]
          ]
        ],
        "type": "Polygon"
      },
      "id": "OSM-WAY-46032942-COMMERCIAL_SERVICES",
      "properties": {
        "evidence_status": "contextual",
        "id": "OSM-WAY-46032942-COMMERCIAL_SERVICES",
        "landuse": "retail",
        "layer": "commercial_services",
        "osm_id": 46032942,
        "osm_type": "way"
      },
      "type": "Feature"
    },
    {
      "geometry": {
        "coordinates": [
          [
            [
              116.345618,
              39.991751
            ],
            [
              116.345621,
              39.991622
            ],
            [
              116.34531,
              39.991617
            ],
            [
              116.345307,
              39.991746
            ],
            [
              116.345618,
              39.991751
            ]
          ]
        ],
        "type": "Polygon"
      },
      "id": "OSM-WAY-473364785-COMMERCIAL_SERVICES",
      "properties": {
        "evidence_status": "contextual",
        "id": "OSM-WAY-473364785-COMMERCIAL_SERVICES",
        "landuse": "commercial",
        "layer": "commercial_services",
        "name": "近邻宝",
        "name:zh": "近邻宝",
        "osm_id": 473364785,
        "osm_type": "way"
      },
      "type": "Feature"
    },
    {
      "geometry": {
        "coordinates": [
          [
            [
              116.31159,
              40.038886
            ],
            [
              116.311402,
              40.038833
            ],
            [
              116.311508,
              40.038676
            ],
            [
              116.312404,
              40.037567
            ],
            [
              116.312792,
              40.037523
            ],
            [
              116.313599,
              40.037556
            ],
            [
              116.31354,
              40.038088
            ],
            [
              116.31346,
              40.038246
            ],
            [
              116.31159,
              40.038886
            ]
          ]
        ],
        "type": "Polygon"
      },
      "id": "OSM-WAY-488278501-COMMERCIAL_SERVICES",
      "properties": {
        "evidence_status": "contextual",
        "id": "OSM-WAY-488278501-COMMERCIAL_SERVICES",
        "landuse": "commercial",
        "layer": "commercial_services",
        "name": "宜品上层",
        "osm_id": 488278501,
        "osm_type": "way"
      },
      "type": "Feature"
    },
    {
      "geometry": {
        "coordinates": [
          [
            [
              116.355548,
              39.984353
            ],
            [
              116.355566,
              39.983902
            ],
            [
              116.355914,
              39.98391
            ],
            [
              116.355903,
              39.984165
            ],
            [
              116.355893,
              39.984359
            ],
            [
              116.355548,
              39.984353
            ]
          ]
        ],
        "type": "Polygon"
      },
      "id": "OSM-WAY-543827027-COMMERCIAL_SERVICES",
      "properties": {
        "building": "yes",
        "evidence_status": "contextual",
        "id": "OSM-WAY-543827027-COMMERCIAL_SERVICES",
        "layer": "commercial_services",
        "osm_id": 543827027,
        "osm_type": "way",
        "shop": "supermarket"
      },
      "type": "Feature"
    },
    {
      "geometry": {
        "coordinates": [
          [
            [
              116.347391,
              39.991587
            ],
            [
              116.347408,
              39.991235
            ],
            [
              116.347992,
              39.991251
            ],
            [
              116.347976,
              39.991603
            ],
            [
              116.347391,
              39.991587
            ]
          ]
        ],
        "type": "Polygon"
      },
      "id": "OSM-WAY-543836357-COMMERCIAL_SERVICES",
      "properties": {
        "building": "yes",
        "evidence_status": "contextual",
        "id": "OSM-WAY-543836357-COMMERCIAL_SERVICES",
        "layer": "commercial_services",
        "name": "高等教育书店",
        "name:zh": "高等教育书店",
        "osm_id": 543836357,
        "osm_type": "way",
        "shop": "books"
      },
      "type": "Feature"
    },
    {
      "geometry": {
        "coordinates": [
          [
            [
              116.353047,
              39.9902
            ],
            [
              116.353763,
              39.990216
            ],
            [
              116.353755,
              39.990412
            ],
            [
              116.353544,
              39.990407
            ],
            [
              116.353546,
              39.990337
            ],
            [
              116.353042,
              39.990325
            ],
            [
              116.353047,
              39.9902
            ]
          ]
        ],
        "type": "Polygon"
      },
      "id": "OSM-WAY-543840250-COMMERCIAL_SERVICES",
      "properties": {
        "building": "yes",
        "evidence_status": "contextual",
        "id": "OSM-WAY-543840250-COMMERCIAL_SERVICES",
        "layer": "commercial_services",
        "name": "物美",
        "name:en": "Wumart",
        "name:zh": "物美",
        "osm_id": 543840250,
        "osm_type": "way",
        "shop": "supermarket"
      },
      "type": "Feature"
    },
    {
      "geometry": {
        "coordinates": [
          [
            [
              116.369036,
              40.03202
            ],
            [
              116.369579,
              40.030355
            ],
            [
              116.371495,
              40.030751
            ],
            [
              116.371027,
              40.032068
            ],
            [
              116.370361,
              40.03195
            ],
            [
              116.370259,
              40.032215
            ],
            [
              116.369036,
              40.03202
            ]
          ]
        ],
        "type": "Polygon"
      },
      "id": "OSM-WAY-545780186-COMMERCIAL_SERVICES",
      "properties": {
        "evidence_status": "contextual",
        "id": "OSM-WAY-545780186-COMMERCIAL_SERVICES",
        "landuse": "commercial",
        "layer": "commercial_services",
        "name": "奥北科技园",
        "osm_id": 545780186,
        "osm_type": "way"
      },
      "type": "Feature"
    },
    {
      "geometry": {
        "coordinates": [
          [
            [
              116.337857,
              39.981018
            ],
            [
              116.337944,
              39.981021
            ],
            [
              116.337952,
              39.980889
            ],
            [
              116.337961,
              39.980748
            ],
            [
              116.337874,
              39.980745
            ],
            [
              116.337857,
              39.981018
            ]
          ]
        ],
        "type": "Polygon"
      },
      "id": "OSM-WAY-552563730-COMMERCIAL_SERVICES",
      "properties": {
        "building": "yes",
        "evidence_status": "contextual",
        "id": "OSM-WAY-552563730-COMMERCIAL_SERVICES",
        "layer": "commercial_services",
        "name": "超市发",
        "name:en": "CSF Market",
        "name:zh": "超市发",
        "osm_id": 552563730,
        "osm_type": "way",
        "shop": "supermarket"
      },
      "type": "Feature"
    },
    {
      "geometry": {
        "coordinates": [
          [
            [
              116.342698,
              40.042255
            ],
            [
              116.342728,
              40.041806
            ],
            [
              116.342788,
              40.041703
            ],
            [
              116.344474,
              40.041818
            ],
            [
              116.344364,
              40.04247
            ],
            [
              116.342802,
              40.042338
            ],
            [
              116.342698,
              40.042255
            ]
          ]
        ],
        "type": "Polygon"
      },
      "id": "OSM-WAY-556211363-COMMERCIAL_SERVICES",
      "properties": {
        "evidence_status": "contextual",
        "id": "OSM-WAY-556211363-COMMERCIAL_SERVICES",
        "landuse": "commercial",
        "layer": "commercial_services",
        "name": "悦茂购物中心",
        "osm_id": 556211363,
        "osm_type": "way"
      },
      "type": "Feature"
    },
    {
      "geometry": {
        "coordinates": [
          [
            [
              116.367136,
              40.005529
            ],
            [
              116.363906,
              40.004091
            ],
            [
              116.361983,
              40.003223
            ],
            [
              116.363173,
              40.001687
            ],
            [
              116.364221,
              40.002111
            ],
            [
              116.365341,
              40.00043
            ],
            [
              116.368169,
              40.000507
            ],
            [
              116.368065,
              40.001471
            ],
            [
              116.369403,
              40.001555
            ],
            [
              116.369323,
              40.002336
            ],
            [
              116.367902,
              40.002262
            ],
            [
              116.366904,
              40.003576
            ],
            [
              116.367233,
              40.005082
            ],
            [
              116.367136,
              40.005529
            ]
          ]
        ],
        "type": "Polygon"
      },
      "id": "OSM-WAY-55819802-COMMERCIAL_SERVICES",
      "properties": {
        "amenity": "research_institute",
        "evidence_status": "contextual",
        "id": "OSM-WAY-55819802-COMMERCIAL_SERVICES",
        "landuse": "commercial",
        "layer": "commercial_services",
        "name": "中国农业机械化科学研究院",
        "name:en": "Chinese Academy of Agricultural Mechanization Sciences",
        "name:zh": "中国农业机械化科学研究院",
        "operator": "中国机械工业集团有限公司",
        "osm_id": 55819802,
        "osm_type": "way"
      },
      "type": "Feature"
    },
    {
      "geometry": {
        "coordinates": [
          [
            [
              116.326088,
              40.02927
            ],
            [
              116.327102,
              40.029223
            ],
            [
              116.327212,
              40.029175
            ],
            [
              116.327247,
              40.029116
            ],
            [
              116.327681,
              40.029202
            ],
            [
              116.327957,
              40.029196
            ],
            [
              116.32979,
              40.029171
            ],
            [
              116.330144,
              40.029087
            ],
            [
              116.330358,
              40.028908
            ],
            [
              116.330414,
              40.028643
            ],
            [
              116.330516,
              40.028315
            ],
            [
              116.330471,
              40.028202
            ],
            [
              116.330237,
              40.028167
            ],
            [
              116.330157,
              40.028227
            ],
            [
              116.329932,
              40.0282
            ],
            [
              116.329891,
              40.028325
            ],
            [
              116.329795,
              40.028327
            ],
            [
              116.329739,
              40.028656
            ],
            [
              116.329366,
              40.028611
            ],
            [
              116.329309,
              40.028682
            ],
            [
              116.329218,
              40.02866
            ],
            [
              116.329148,
              40.028719
            ],
            [
              116.328926,
              40.028738
            ],
            [
              116.328899,
              40.028699
            ],
            [
              116.328692,
              40.028734
            ],
            [
              116.328658,
              40.02868
            ],
            [
              116.328467,
              40.028748
            ],
            [
              116.328518,
              40.028664
            ],
            [
              116.328505,
              40.028179
            ],
            [
              116.327826,
              40.028208
            ],
            [
              116.327708,
              40.028272
            ],
            [
              116.327652,
              40.028356
            ],
            [
              116.327668,
              40.02897
            ],
            [
              116.327279,
              40.028997
            ],
            [
              116.327276,
              40.028471
            ],
            [
              116.327217,
              40.028362
            ],
            [
              116.32707,
              40.028274
            ],
            [
              116.326866,
              40.028249
            ],
            [
              116.326662,
              40.028315
            ],
            [
              116.326362,
              40.028611
            ],
            [
              116.325865,
              40.02904
            ],
            [
              116.325852,
              40.029142
            ],
            [
              116.325962,
              40.029264
            ],
            [
              116.326088,
              40.02927
            ]
          ]
        ],
        "type": "Polygon"
      },
      "id": "OSM-WAY-55884669-COMMERCIAL_SERVICES",
      "properties": {
        "building": "yes",
        "evidence_status": "contextual",
        "id": "OSM-WAY-55884669-COMMERCIAL_SERVICES",
        "layer": "commercial_services",
        "name": "清河万象汇",
        "name:zh": "清河万象汇",
        "osm_id": 55884669,
        "osm_type": "way",
        "shop": "mall"
      },
      "type": "Feature"
    },
    {
      "geometry": {
        "coordinates": [
          [
            [
              116.351403,
              39.962384
            ],
            [
              116.351546,
              39.962386
            ],
            [
              116.351675,
              39.962389
            ],
            [
              116.351863,
              39.962393
            ],
            [
              116.351865,
              39.962333
            ],
            [
              116.351868,
              39.962238
            ],
            [
              116.351414,
              39.962234
            ],
            [
              116.351403,
              39.962384
            ]
          ]
        ],
        "type": "Polygon"
      },
      "id": "OSM-WAY-582551390-COMMERCIAL_SERVICES",
      "properties": {
        "building": "yes",
        "evidence_status": "contextual",
        "id": "OSM-WAY-582551390-COMMERCIAL_SERVICES",
        "layer": "commercial_services",
        "name": "物美",
        "name:en": "Wumart",
        "name:zh": "物美",
        "osm_id": 582551390,
        "osm_type": "way",
        "shop": "supermarket"
      },
      "type": "Feature"
    },
    {
      "geometry": {
        "coordinates": [
          [
            [
              116.349868,
              39.997397
            ],
            [
              116.349868,
              39.997331
            ],
            [
              116.350104,
              39.997331
            ],
            [
              116.350098,
              39.997405
            ],
            [
              116.349868,
              39.997397
            ]
          ]
        ],
        "type": "Polygon"
      },
      "id": "OSM-WAY-594912248-COMMERCIAL_SERVICES",
      "properties": {
        "evidence_status": "contextual",
        "id": "OSM-WAY-594912248-COMMERCIAL_SERVICES",
        "landuse": "retail",
        "layer": "commercial_services",
        "name": "垃圾站",
        "name:zh": "垃圾站",
        "osm_id": 594912248,
        "osm_type": "way"
      },
      "type": "Feature"
    },
    {
      "geometry": {
        "coordinates": [
          [
            [
              116.350139,
              39.997401
            ],
            [
              116.350152,
              39.997342
            ],
            [
              116.350656,
              39.997358
            ],
            [
              116.350645,
              39.997428
            ],
            [
              116.350139,
              39.997401
            ]
          ]
        ],
        "type": "Polygon"
      },
      "id": "OSM-WAY-594912250-COMMERCIAL_SERVICES",
      "properties": {
        "evidence_status": "contextual",
        "id": "OSM-WAY-594912250-COMMERCIAL_SERVICES",
        "landuse": "commercial",
        "layer": "commercial_services",
        "name": "社区配送",
        "name:zh": "社区配送",
        "osm_id": 594912250,
        "osm_type": "way"
      },
      "type": "Feature"
    },
    {
      "geometry": {
        "coordinates": [
          [
            [
              116.31226,
              39.992621
            ],
            [
              116.31357,
              39.992661
            ],
            [
              116.313613,
              39.991489
            ],
            [
              116.312291,
              39.991462
            ],
            [
              116.31226,
              39.992621
            ]
          ]
        ],
        "type": "Polygon"
      },
      "id": "OSM-WAY-628038919-COMMERCIAL_SERVICES",
      "properties": {
        "evidence_status": "contextual",
        "id": "OSM-WAY-628038919-COMMERCIAL_SERVICES",
        "landuse": "commercial",
        "layer": "commercial_services",
        "name": "北大青鸟",
        "name:en": "Beida Qingniao",
        "name:zh": "北大青鸟",
        "osm_id": 628038919,
        "osm_type": "way"
      },
      "type": "Feature"
    },
    {
      "geometry": {
        "coordinates": [
          [
            [
              116.395414,
              39.966174
            ],
            [
              116.395575,
              39.965978
            ],
            [
              116.395576,
              39.965559
            ],
            [
              116.394632,
              39.965539
            ],
            [
              116.394624,
              39.965705
            ],
            [
              116.395243,
              39.965712
            ],
            [
              116.395296,
              39.965713
            ],
            [
              116.395301,
              39.965775
            ],
            [
              116.395262,
              39.965776
            ],
            [
              116.395257,
              39.965902
            ],
            [
              116.395129,
              39.966065
            ],
            [
              116.395414,
              39.966174
            ]
          ]
        ],
        "type": "Polygon"
      },
      "id": "OSM-WAY-631914108-COMMERCIAL_SERVICES",
      "properties": {
        "building": "yes",
        "evidence_status": "contextual",
        "id": "OSM-WAY-631914108-COMMERCIAL_SERVICES",
        "layer": "commercial_services",
        "name": "京客隆",
        "name:en": "Jingkelong",
        "name:zh": "京客隆",
        "osm_id": 631914108,
        "osm_type": "way",
        "shop": "supermarket"
      },
      "type": "Feature"
    },
    {
      "geometry": {
        "coordinates": [
          [
            [
              116.310389,
              39.979411
            ],
            [
              116.31039,
              39.979072
            ],
            [
              116.310393,
              39.978209
            ],
            [
              116.310372,
              39.978054
            ],
            [
              116.309762,
              39.978364
            ],
            [
              116.309595,
              39.978373
            ],
            [
              116.309296,
              39.978389
            ],
            [
              116.309166,
              39.978396
            ],
            [
              116.309113,
              39.97842
            ],
            [
              116.309119,
              39.978426
            ],
            [
              116.309291,
              39.978595
            ],
            [
              116.309334,
              39.978637
            ],
            [
              116.30956,
              39.978859
            ],
            [
              116.309666,
              39.978963
            ],
            [
              116.309592,
              39.979028
            ],
            [
              116.309589,
              39.979048
            ],
            [
              116.309545,
              39.979417
            ],
            [
              116.310389,
              39.979411
            ]
          ]
        ],
        "type": "Polygon"
      },
      "id": "OSM-WAY-638618711-COMMERCIAL_SERVICES",
      "properties": {
        "evidence_status": "contextual",
        "id": "OSM-WAY-638618711-COMMERCIAL_SERVICES",
        "landuse": "retail",
        "layer": "commercial_services",
        "name": "中关村ART PARK大融城",
        "name:zh": "中关村ART PARK大融城",
        "osm_id": 638618711,
        "osm_type": "way"
      },
      "type": "Feature"
    },
    {
      "geometry": {
        "coordinates": [
          [
            [
              116.379977,
              40.005198
            ],
            [
              116.379112,
              40.005187
            ],
            [
              116.378734,
              40.005212
            ],
            [
              116.37818,
              40.005212
            ],
            [
              116.378065,
              40.005212
            ],
            [
              116.378051,
              40.005212
            ],
            [
              116.37804,
              40.005212
            ],
            [
              116.378031,
              40.005212
            ],
            [
              116.378017,
              40.005212
            ],
            [
              116.377985,
              40.005212
            ],
            [
              116.377947,
              40.005212
            ],
            [
              116.377381,
              40.005212
            ],
            [
              116.375048,
              40.005212
            ],
            [
              116.374816,
              40.005058
            ],
            [
              116.374724,
              40.003588
            ],
            [
              116.374731,
              40.003385
            ],
            [
              116.37473,
              40.003325
            ],
            [
              116.374544,
              40.000849
            ],
            [
              116.374556,
              40.000716
            ],
            [
              116.375704,
              40.000752
            ],
            [
              116.375946,
              40.000793
            ],
            [
              116.376127,
              40.000802
            ],
            [
              116.378353,
              40.000864
            ],
            [
              116.379947,
              40.000913
            ],
            [
              116.380188,
              40.001092
            ],
            [
              116.380189,
              40.001122
            ],
            [
              116.380191,
              40.001767
            ],
            [
              116.380145,
              40.003205
            ],
            [
              116.380051,
              40.003256
            ],
            [
              116.380037,
              40.003729
            ],
            [
              116.380115,
              40.003778
            ],
            [
              116.380044,
              40.005119
            ],
            [
              116.380042,
              40.005163
            ],
            [
              116.379977,
              40.005198
            ]
          ]
        ],
        "type": "Polygon"
      },
      "id": "OSM-WAY-655162624-COMMERCIAL_SERVICES",
      "properties": {
        "alt_name": "中国科学院天地科学园区",
        "amenity": "research_institute",
        "evidence_status": "contextual",
        "id": "OSM-WAY-655162624-COMMERCIAL_SERVICES",
        "landuse": "commercial",
        "layer": "commercial_services",
        "name": "中国科学院奥运村科技园",
        "name:en": "Olympic Village Science Park, CAS",
        "name:zh": "中国科学院奥运村科技园",
        "operator": "Chinese Academy of Sciences",
        "osm_id": 655162624,
        "osm_type": "way"
      },
      "type": "Feature"
    },
    {
      "geometry": {
        "coordinates": [
          [
            [
              116.370043,
              40.000647
            ],
            [
              116.370146,
              40.00054
            ],
            [
              116.370904,
              40.000562
            ],
            [
              116.371228,
              40.000606
            ],
            [
              116.37185,
              40.000619
            ],
            [
              116.372734,
              40.000636
            ],
            [
              116.372684,
              40.00105
            ],
            [
              116.372582,
              40.001691
            ],
            [
              116.372485,
              40.002702
            ],
            [
              116.372152,
              40.002694
            ],
            [
              116.371666,
              40.003118
            ],
            [
              116.37138,
              40.00399
            ],
            [
              116.370574,
              40.003934
            ],
            [
              116.370625,
              40.003488
            ],
            [
              116.36976,
              40.003429
            ],
            [
              116.369934,
              40.001716
            ],
            [
              116.36998,
              40.001262
            ],
            [
              116.370043,
              40.000647
            ]
          ]
        ],
        "type": "Polygon"
      },
      "id": "OSM-WAY-673858595-COMMERCIAL_SERVICES",
      "properties": {
        "amenity": "research_institute",
        "evidence_status": "contextual",
        "id": "OSM-WAY-673858595-COMMERCIAL_SERVICES",
        "landuse": "commercial",
        "layer": "commercial_services",
        "name": "中国科学院生物物理研究所",
        "name:zh": "中国科学院生物物理研究所",
        "operator": "中国科学院",
        "osm_id": 673858595,
        "osm_type": "way"
      },
      "type": "Feature"
    },
    {
      "geometry": {
        "coordinates": [
          [
            [
              116.369751,
              40.004827
            ],
            [
              116.369602,
              40.004742
            ],
            [
              116.369661,
              40.004255
            ],
            [
              116.36976,
              40.003429
            ],
            [
              116.370625,
              40.003488
            ],
            [
              116.370574,
              40.003934
            ],
            [
              116.37138,
              40.00399
            ],
            [
              116.371258,
              40.00493
            ],
            [
              116.369751,
              40.004827
            ]
          ]
        ],
        "type": "Polygon"
      },
      "id": "OSM-WAY-673858596-COMMERCIAL_SERVICES",
      "properties": {
        "amenity": "research_institute",
        "evidence_status": "contextual",
        "id": "OSM-WAY-673858596-COMMERCIAL_SERVICES",
        "landuse": "commercial",
        "layer": "commercial_services",
        "name": "中国科学院心理研究所",
        "name:en": "Institute of Psychology, Chinese Academy of Sciences",
        "name:zh": "中国科学院心理研究所",
        "osm_id": 673858596,
        "osm_type": "way"
      },
      "type": "Feature"
    },
    {
      "geometry": {
        "coordinates": [
          [
            [
              116.37568,
              39.976684
            ],
            [
              116.375636,
              39.976587
            ],
            [
              116.375406,
              39.976527
            ],
            [
              116.375531,
              39.975665
            ],
            [
              116.375667,
              39.975587
            ],
            [
              116.377295,
              39.9756
            ],
            [
              116.377286,
              39.976069
            ],
            [
              116.376582,
              39.976067
            ],
            [
              116.376577,
              39.976404
            ],
            [
              116.376282,
              39.976698
            ],
            [
              116.37568,
              39.976684
            ]
          ]
        ],
        "type": "Polygon"
      },
      "id": "OSM-WAY-673865195-COMMERCIAL_SERVICES",
      "properties": {
        "amenity": "research_institute",
        "evidence_status": "contextual",
        "id": "OSM-WAY-673865195-COMMERCIAL_SERVICES",
        "landuse": "commercial",
        "layer": "commercial_services",
        "name": "中国科学院地震研究所",
        "osm_id": 673865195,
        "osm_type": "way"
      },
      "type": "Feature"
    },
    {
      "geometry": {
        "coordinates": [
          [
            [
              116.376577,
              39.976404
            ],
            [
              116.376582,
              39.976067
            ],
            [
              116.377286,
              39.976069
            ],
            [
              116.377295,
              39.9756
            ],
            [
              116.377692,
              39.975615
            ],
            [
              116.377669,
              39.976027
            ],
            [
              116.378404,
              39.97605
            ],
            [
              116.37839,
              39.976474
            ],
            [
              116.37803,
              39.976459
            ],
            [
              116.376577,
              39.976404
            ]
          ]
        ],
        "type": "Polygon"
      },
      "id": "OSM-WAY-673865196-COMMERCIAL_SERVICES",
      "properties": {
        "amenity": "research_institute",
        "evidence_status": "contextual",
        "id": "OSM-WAY-673865196-COMMERCIAL_SERVICES",
        "landuse": "commercial",
        "layer": "commercial_services",
        "name": "中国科学院地质与地球物理研究所",
        "osm_id": 673865196,
        "osm_type": "way"
      },
      "type": "Feature"
    },
    {
      "geometry": {
        "coordinates": [
          [
            [
              116.381995,
              39.977497
            ],
            [
              116.382063,
              39.975697
            ],
            [
              116.384429,
              39.975707
            ],
            [
              116.384361,
              39.97744
            ],
            [
              116.383747,
              39.977455
            ],
            [
              116.381995,
              39.977497
            ]
          ]
        ],
        "type": "Polygon"
      },
      "id": "OSM-WAY-673865197-COMMERCIAL_SERVICES",
      "properties": {
        "amenity": "research_institute",
        "evidence_status": "contextual",
        "id": "OSM-WAY-673865197-COMMERCIAL_SERVICES",
        "landuse": "commercial",
        "layer": "commercial_services",
        "name": "中国科学院微电子研究所",
        "osm_id": 673865197,
        "osm_type": "way"
      },
      "type": "Feature"
    },
    {
      "geometry": {
        "coordinates": [
          [
            [
              116.380217,
              39.977226
            ],
            [
              116.380249,
              39.976063
            ],
            [
              116.381526,
              39.976055
            ],
            [
              116.381483,
              39.977272
            ],
            [
              116.380217,
              39.977226
            ]
          ]
        ],
        "type": "Polygon"
      },
      "id": "OSM-WAY-690857098-COMMERCIAL_SERVICES",
      "properties": {
        "amenity": "research_institute",
        "evidence_status": "contextual",
        "id": "OSM-WAY-690857098-COMMERCIAL_SERVICES",
        "landuse": "commercial",
        "layer": "commercial_services",
        "name": "中国科学院大气物理研究所",
        "name:en": "Institute of Atmospheric Physics (IAP)",
        "osm_id": 690857098,
        "osm_type": "way"
      },
      "type": "Feature"
    },
    {
      "geometry": {
        "coordinates": [
          [
            [
              116.303347,
              40.027845
            ],
            [
              116.303706,
              40.024899
            ],
            [
              116.303722,
              40.02478
            ],
            [
              116.307145,
              40.025019
            ],
            [
              116.307279,
              40.025134
            ],
            [
              116.307093,
              40.026589
            ],
            [
              116.306002,
              40.026522
            ],
            [
              116.305922,
              40.026633
            ],
            [
              116.304682,
              40.026526
            ],
            [
              116.304436,
              40.02796
            ],
            [
              116.303347,
              40.027845
            ]
          ]
        ],
        "type": "Polygon"
      },
      "id": "OSM-WAY-690857111-COMMERCIAL_SERVICES",
      "properties": {
        "evidence_status": "contextual",
        "id": "OSM-WAY-690857111-COMMERCIAL_SERVICES",
        "landuse": "commercial",
        "layer": "commercial_services",
        "name": "硅谷亮城",
        "name:en": "Sillicon Valley Bright City",
        "name:zh": "硅谷亮城",
        "osm_id": 690857111,
        "osm_type": "way"
      },
      "type": "Feature"
    },
    {
      "geometry": {
        "coordinates": [
          [
            [
              116.309566,
              40.046692
            ],
            [
              116.310159,
              40.045903
            ],
            [
              116.310183,
              40.045865
            ],
            [
              116.310847,
              40.044975
            ],
            [
              116.31092,
              40.044987
            ],
            [
              116.312879,
              40.046362
            ],
            [
              116.312768,
              40.046984
            ],
            [
              116.312754,
              40.047054
            ],
            [
              116.31273,
              40.047168
            ],
            [
              116.312601,
              40.04779
            ],
            [
              116.312494,
              40.047863
            ],
            [
              116.312358,
              40.047891
            ],
            [
              116.309566,
              40.046692
            ]
          ]
        ],
        "type": "Polygon"
      },
      "id": "OSM-WAY-705954631-COMMERCIAL_SERVICES",
      "properties": {
        "alt_name": "小米移动互联网产业园",
        "evidence_status": "contextual",
        "id": "OSM-WAY-705954631-COMMERCIAL_SERVICES",
        "landuse": "commercial",
        "layer": "commercial_services",
        "name": "小米科技园",
        "name:zh": "小米科技园",
        "osm_id": 705954631,
        "osm_type": "way"
      },
      "type": "Feature"
    },
    {
      "geometry": {
        "coordinates": [
          [
            [
              116.384157,
              39.978661
            ],
            [
              116.384196,
              39.978864
            ],
            [
              116.384189,
              39.978933
            ],
            [
              116.384177,
              39.979029
            ],
            [
              116.384146,
              39.98082
            ],
            [
              116.384145,
              39.980891
            ],
            [
              116.38402,
              39.980892
            ],
            [
              116.383907,
              39.980894
            ],
            [
              116.383889,
              39.978658
            ],
            [
              116.383946,
              39.978659
            ],
            [
              116.384157,
              39.978661
            ]
          ]
        ],
        "type": "Polygon"
      },
      "id": "OSM-WAY-727052860-COMMERCIAL_SERVICES",
      "properties": {
        "building": "yes",
        "evidence_status": "contextual",
        "id": "OSM-WAY-727052860-COMMERCIAL_SERVICES",
        "layer": "commercial_services",
        "name": "Chinatown",
        "osm_id": 727052860,
        "osm_type": "way",
        "shop": "mall"
      },
      "type": "Feature"
    },
    {
      "geometry": {
        "coordinates": [
          [
            [
              116.345048,
              39.98502
            ],
            [
              116.34677,
              39.985073
            ],
            [
              116.346957,
              39.984977
            ],
            [
              116.347027,
              39.983543
            ],
            [
              116.346503,
              39.983532
            ],
            [
              116.34648,
              39.984011
            ],
            [
              116.345358,
              39.983994
            ],
            [
              116.345362,
              39.98461
            ],
            [
              116.345066,
              39.984608
            ],
            [
              116.345048,
              39.98502
            ]
          ]
        ],
        "type": "Polygon"
      },
      "id": "OSM-WAY-739520304-COMMERCIAL_SERVICES",
      "properties": {
        "evidence_status": "contextual",
        "id": "OSM-WAY-739520304-COMMERCIAL_SERVICES",
        "landuse": "commercial",
        "layer": "commercial_services",
        "name": "北航世宁大厦",
        "name:zh": "北航世宁大厦",
        "osm_id": 739520304,
        "osm_type": "way"
      },
      "type": "Feature"
    },
    {
      "geometry": {
        "coordinates": [
          [
            [
              116.344319,
              39.976555
            ],
            [
              116.344353,
              39.975889
            ],
            [
              116.344388,
              39.975332
            ],
            [
              116.346532,
              39.975374
            ],
            [
              116.346534,
              39.975467
            ],
            [
              116.347055,
              39.975467
            ],
            [
              116.347057,
              39.975578
            ],
            [
              116.347234,
              39.975644
            ],
            [
              116.347363,
              39.975782
            ],
            [
              116.347432,
              39.97601
            ],
            [
              116.347466,
              39.976247
            ],
            [
              116.347472,
              39.976418
            ],
            [
              116.347459,
              39.976612
            ],
            [
              116.347407,
              39.977566
            ],
            [
              116.347398,
              39.977733
            ],
            [
              116.347327,
              39.977731
            ],
            [
              116.347315,
              39.978021
            ],
            [
              116.34578,
              39.977967
            ],
            [
              116.345801,
              39.977583
            ],
            [
              116.345807,
              39.97747
            ],
            [
              116.345958,
              39.977474
            ],
            [
              116.346007,
              39.976603
            ],
            [
              116.344319,
              39.976555
            ]
          ]
        ],
        "type": "Polygon"
      },
      "id": "OSM-WAY-739520305-COMMERCIAL_SERVICES",
      "properties": {
        "evidence_status": "contextual",
        "id": "OSM-WAY-739520305-COMMERCIAL_SERVICES",
        "landuse": "commercial",
        "layer": "commercial_services",
        "name": "北航科技园",
        "name:zh": "北航科技园",
        "osm_id": 739520305,
        "osm_type": "way"
      },
      "type": "Feature"
    },
    {
      "geometry": {
        "coordinates": [
          [
            [
              116.320313,
              39.936936
            ],
            [
              116.320238,
              39.936892
            ],
            [
              116.3202,
              39.936812
            ],
            [
              116.320246,
              39.936614
            ],
            [
              116.320187,
              39.936565
            ],
            [
              116.320694,
              39.936549
            ],
            [
              116.320682,
              39.936977
            ],
            [
              116.320643,
              39.93694
            ],
            [
              116.320577,
              39.936974
            ],
            [
              116.320439,
              39.936982
            ],
            [
              116.320313,
              39.936936
            ]
          ]
        ],
        "type": "Polygon"
      },
      "id": "OSM-WAY-77305006-COMMERCIAL_SERVICES",
      "properties": {
        "building": "yes",
        "evidence_status": "contextual",
        "id": "OSM-WAY-77305006-COMMERCIAL_SERVICES",
        "landuse": "commercial",
        "layer": "commercial_services",
        "name": "腾达大厦",
        "osm_id": 77305006,
        "osm_type": "way"
      },
      "type": "Feature"
    },
    {
      "geometry": {
        "coordinates": [
          [
            [
              116.392153,
              39.948455
            ],
            [
              116.393165,
              39.948465
            ],
            [
              116.393303,
              39.948466
            ],
            [
              116.39389,
              39.948473
            ],
            [
              116.393885,
              39.949099
            ],
            [
              116.393325,
              39.949328
            ],
            [
              116.393259,
              39.949328
            ],
            [
              116.393241,
              39.948916
            ],
            [
              116.392167,
              39.948921
            ],
            [
              116.392153,
              39.948455
            ]
          ]
        ],
        "type": "Polygon"
      },
      "id": "OSM-WAY-776231784-COMMERCIAL_SERVICES",
      "properties": {
        "evidence_status": "contextual",
        "id": "OSM-WAY-776231784-COMMERCIAL_SERVICES",
        "landuse": "commercial",
        "layer": "commercial_services",
        "name": "国家能源投资集团有限责任公司",
        "osm_id": 776231784,
        "osm_type": "way"
      },
      "type": "Feature"
    },
    {
      "geometry": {
        "coordinates": [
          [
            [
              116.383201,
              39.936989
            ],
            [
              116.383849,
              39.936948
            ],
            [
              116.383837,
              39.936716
            ],
            [
              116.383835,
              39.936669
            ],
            [
              116.383506,
              39.936673
            ],
            [
              116.383509,
              39.93665
            ],
            [
              116.383166,
              39.93665
            ],
            [
              116.383201,
              39.936989
            ]
          ]
        ],
        "type": "Polygon"
      },
      "id": "OSM-WAY-800652473-COMMERCIAL_SERVICES",
      "properties": {
        "evidence_status": "contextual",
        "id": "OSM-WAY-800652473-COMMERCIAL_SERVICES",
        "landuse": "commercial",
        "layer": "commercial_services",
        "name": "潍坊市人民政府驻北京联络处",
        "osm_id": 800652473,
        "osm_type": "way"
      },
      "type": "Feature"
    },
    {
      "geometry": {
        "coordinates": [
          [
            [
              116.342942,
              40.042302
            ],
            [
              116.342812,
              40.042176
            ],
            [
              116.342849,
              40.041901
            ],
            [
              116.344139,
              40.042
            ],
            [
              116.344088,
              40.04239
            ],
            [
              116.342942,
              40.042302
            ]
          ]
        ],
        "type": "Polygon"
      },
      "id": "OSM-WAY-805815809-COMMERCIAL_SERVICES",
      "properties": {
        "building": "yes",
        "evidence_status": "contextual",
        "id": "OSM-WAY-805815809-COMMERCIAL_SERVICES",
        "layer": "commercial_services",
        "osm_id": 805815809,
        "osm_type": "way",
        "shop": "mall"
      },
      "type": "Feature"
    },
    {
      "geometry": {
        "coordinates": [
          [
            [
              116.317319,
              40.006146
            ],
            [
              116.317594,
              40.006157
            ],
            [
              116.317625,
              40.005703
            ],
            [
              116.31735,
              40.005692
            ],
            [
              116.317319,
              40.006146
            ]
          ]
        ],
        "type": "Polygon"
      },
      "id": "OSM-WAY-84832396-COMMERCIAL_SERVICES",
      "properties": {
        "evidence_status": "contextual",
        "id": "OSM-WAY-84832396-COMMERCIAL_SERVICES",
        "landuse": "retail",
        "layer": "commercial_services",
        "name": "清西文化长廊",
        "name:zh": "清西文化长廊",
        "osm_id": 84832396,
        "osm_type": "way"
      },
      "type": "Feature"
    },
    {
      "geometry": {
        "coordinates": [
          [
            [
              116.327484,
              39.956379
            ],
            [
              116.327364,
              39.957639
            ],
            [
              116.327286,
              39.958571
            ],
            [
              116.328022,
              39.95861
            ],
            [
              116.327851,
              39.960759
            ],
            [
              116.328344,
              39.960792
            ],
            [
              116.328158,
              39.962984
            ],
            [
              116.329829,
              39.963069
            ],
            [
              116.329858,
              39.962747
            ],
            [
              116.331784,
              39.962897
            ],
            [
              116.331298,
              39.965895
            ],
            [
              116.325934,
              39.965885
            ],
            [
              116.326141,
              39.964404
            ],
            [
              116.326503,
              39.963768
            ],
            [
              116.325109,
              39.963235
            ],
            [
              116.32514,
              39.962913
            ],
            [
              116.325276,
              39.961767
            ],
            [
              116.321141,
              39.961389
            ],
            [
              116.318494,
              39.961234
            ],
            [
              116.31856,
              39.960485
            ],
            [
              116.317215,
              39.960358
            ],
            [
              116.317331,
              39.958963
            ],
            [
              116.317342,
              39.958867
            ],
            [
              116.317548,
              39.955781
            ],
            [
              116.327484,
              39.956379
            ]
          ]
        ],
        "type": "Polygon"
      },
      "id": "OSM-WAY-849088061-COMMERCIAL_SERVICES",
      "properties": {
        "alt_name": "中国农科院",
        "amenity": "research_institute",
        "evidence_status": "contextual",
        "id": "OSM-WAY-849088061-COMMERCIAL_SERVICES",
        "landuse": "commercial",
        "layer": "commercial_services",
        "name": "中国农业科学院",
        "name:en": "Chinese Academy of Agricultural Sciences",
        "name:zh": "中国农业科学院",
        "osm_id": 849088061,
        "osm_type": "way"
      },
      "type": "Feature"
    },
    {
      "geometry": {
        "coordinates": [
          [
            [
              116.337125,
              40.008957
            ],
            [
              116.338335,
              40.008969
            ],
            [
              116.338355,
              40.006965
            ],
            [
              116.336716,
              40.006949
            ],
            [
              116.33672,
              40.006395
            ],
            [
              116.335871,
              40.006392
            ],
            [
              116.335699,
              40.006397
            ],
            [
              116.335761,
              40.006531
            ],
            [
              116.336343,
              40.007742
            ],
            [
              116.336492,
              40.007744
            ],
            [
              116.336557,
              40.007795
            ],
            [
              116.337125,
              40.008957
            ]
          ]
        ],
        "type": "Polygon"
      },
      "id": "OSM-WAY-853328372-COMMERCIAL_SERVICES",
      "properties": {
        "amenity": "research_institute",
        "evidence_status": "contextual",
        "id": "OSM-WAY-853328372-COMMERCIAL_SERVICES",
        "landuse": "commercial",
        "layer": "commercial_services",
        "name": "中国科学院生态环境研究中心",
        "name:zh": "中国科学院生态环境研究中心",
        "osm_id": 853328372,
        "osm_type": "way"
      },
      "type": "Feature"
    },
    {
      "geometry": {
        "coordinates": [
          [
            [
              116.321257,
              39.999058
            ],
            [
              116.321659,
              39.999038
            ],
            [
              116.321631,
              39.998719
            ],
            [
              116.32123,
              39.998739
            ],
            [
              116.321257,
              39.999058
            ]
          ]
        ],
        "type": "Polygon"
      },
      "id": "OSM-WAY-861081178-COMMERCIAL_SERVICES",
      "properties": {
        "evidence_status": "contextual",
        "id": "OSM-WAY-861081178-COMMERCIAL_SERVICES",
        "landuse": "commercial",
        "layer": "commercial_services",
        "name": "清华园胶印厂文创园",
        "name:zh": "清华园胶印厂文创园",
        "osm_id": 861081178,
        "osm_type": "way"
      },
      "type": "Feature"
    },
    {
      "geometry": {
        "coordinates": [
          [
            [
              116.334296,
              39.992266
            ],
            [
              116.334302,
              39.991999
            ],
            [
              116.33444,
              39.992007
            ],
            [
              116.334455,
              39.991796
            ],
            [
              116.334825,
              39.991811
            ],
            [
              116.334968,
              39.991816
            ],
            [
              116.335043,
              39.991867
            ],
            [
              116.335021,
              39.9923
            ],
            [
              116.334561,
              39.992299
            ],
            [
              116.334524,
              39.992272
            ],
            [
              116.334296,
              39.992266
            ]
          ]
        ],
        "type": "Polygon"
      },
      "id": "OSM-WAY-868296030-COMMERCIAL_SERVICES",
      "properties": {
        "evidence_status": "contextual",
        "id": "OSM-WAY-868296030-COMMERCIAL_SERVICES",
        "landuse": "commercial",
        "layer": "commercial_services",
        "name": "东升派出所",
        "name:zh": "东升派出所",
        "osm_id": 868296030,
        "osm_type": "way"
      },
      "type": "Feature"
    },
    {
      "geometry": {
        "coordinates": [
          [
            [
              116.308289,
              39.987942
            ],
            [
              116.308315,
              39.987551
            ],
            [
              116.308618,
              39.987562
            ],
            [
              116.308593,
              39.987954
            ],
            [
              116.308289,
              39.987942
            ]
          ]
        ],
        "type": "Polygon"
      },
      "id": "OSM-WAY-880624098-COMMERCIAL_SERVICES",
      "properties": {
        "amenity": "research_institute",
        "evidence_status": "contextual",
        "id": "OSM-WAY-880624098-COMMERCIAL_SERVICES",
        "landuse": "commercial",
        "layer": "commercial_services",
        "name": "治贝子园",
        "name:zh": "治贝子园",
        "osm_id": 880624098,
        "osm_type": "way",
        "wheelchair": "yes"
      },
      "type": "Feature"
    },
    {
      "geometry": {
        "coordinates": [
          [
            [
              116.3341,
              39.995701
            ],
            [
              116.334109,
              39.9956
            ],
            [
              116.335323,
              39.995631
            ],
            [
              116.335337,
              39.995281
            ],
            [
              116.336878,
              39.995311
            ],
            [
              116.336893,
              39.995269
            ],
            [
              116.336921,
              39.995193
            ],
            [
              116.336987,
              39.995105
            ],
            [
              116.337041,
              39.995083
            ],
            [
              116.337968,
              39.995104
            ],
            [
              116.337913,
              39.996492
            ],
            [
              116.335808,
              39.996451
            ],
            [
              116.335804,
              39.9961
            ],
            [
              116.33528,
              39.996091
            ],
            [
              116.335294,
              39.995716
            ],
            [
              116.334193,
              39.995707
            ],
            [
              116.3341,
              39.995701
            ]
          ]
        ],
        "type": "Polygon"
      },
      "id": "OSM-WAY-897771502-COMMERCIAL_SERVICES",
      "properties": {
        "evidence_status": "contextual",
        "id": "OSM-WAY-897771502-COMMERCIAL_SERVICES",
        "landuse": "commercial",
        "layer": "commercial_services",
        "name": "西郊宾馆",
        "name:en": "Xijiao Hotel",
        "name:zh": "西郊宾馆",
        "osm_id": 897771502,
        "osm_type": "way",
        "tourism": "hotel"
      },
      "type": "Feature"
    },
    {
      "geometry": {
        "coordinates": [
          [
            [
              116.295193,
              40.045048
            ],
            [
              116.294927,
              40.04508
            ],
            [
              116.294004,
              40.046561
            ],
            [
              116.293613,
              40.047274
            ],
            [
              116.293606,
              40.047456
            ],
            [
              116.295847,
              40.047993
            ],
            [
              116.297733,
              40.048431
            ],
            [
              116.298825,
              40.048691
            ],
            [
              116.299955,
              40.048974
            ],
            [
              116.300292,
              40.048392
            ],
            [
              116.300547,
              40.04792
            ],
            [
              116.300883,
              40.047289
            ],
            [
              116.301017,
              40.047047
            ],
            [
              116.299866,
              40.04664
            ],
            [
              116.295193,
              40.045048
            ]
          ]
        ],
        "type": "Polygon"
      },
      "id": "OSM-WAY-910420371-COMMERCIAL_SERVICES",
      "properties": {
        "evidence_status": "contextual",
        "id": "OSM-WAY-910420371-COMMERCIAL_SERVICES",
        "landuse": "commercial",
        "layer": "commercial_services",
        "name": "融科融智创新园",
        "osm_id": 910420371,
        "osm_type": "way"
      },
      "type": "Feature"
    },
    {
      "geometry": {
        "coordinates": [
          [
            [
              116.313297,
              39.997234
            ],
            [
              116.313647,
              39.997258
            ],
            [
              116.31368,
              39.996968
            ],
            [
              116.313519,
              39.996957
            ],
            [
              116.313505,
              39.997082
            ],
            [
              116.313316,
              39.997069
            ],
            [
              116.313297,
              39.997234
            ]
          ]
        ],
        "type": "Polygon"
      },
      "id": "OSM-WAY-915703019-COMMERCIAL_SERVICES",
      "properties": {
        "building": "yes",
        "evidence_status": "contextual",
        "id": "OSM-WAY-915703019-COMMERCIAL_SERVICES",
        "layer": "commercial_services",
        "name": "面包坊",
        "name:zh": "面包坊",
        "opening_hours": "Mo-Su 09:30-13:00,15:00-19:00",
        "operator": "清华大学",
        "osm_id": 915703019,
        "osm_type": "way",
        "shop": "bakery",
        "wheelchair": "yes"
      },
      "type": "Feature"
    },
    {
      "geometry": {
        "coordinates": [
          [
            [
              116.351847,
              39.971794
            ],
            [
              116.354231,
              39.971815
            ],
            [
              116.354235,
              39.971558
            ],
            [
              116.3541,
              39.971553
            ],
            [
              116.354108,
              39.969663
            ],
            [
              116.354816,
              39.969651
            ],
            [
              116.354827,
              39.969349
            ],
            [
              116.354735,
              39.968483
            ],
            [
              116.354638,
              39.968479
            ],
            [
              116.354679,
              39.966899
            ],
            [
              116.352689,
              39.966914
            ],
            [
              116.350812,
              39.966897
            ],
            [
              116.350769,
              39.969742
            ],
            [
              116.351877,
              39.969752
            ],
            [
              116.351847,
              39.971794
            ]
          ]
        ],
        "type": "Polygon"
      },
      "id": "OSM-WAY-917665173-COMMERCIAL_SERVICES",
      "properties": {
        "amenity": "studio",
        "evidence_status": "contextual",
        "id": "OSM-WAY-917665173-COMMERCIAL_SERVICES",
        "landuse": "commercial",
        "layer": "commercial_services",
        "name": "北京电影制片厂",
        "name:zh": "北京电影制片厂",
        "osm_id": 917665173,
        "osm_type": "way"
      },
      "type": "Feature"
    },
    {
      "geometry": {
        "coordinates": [
          [
            [
              116.346539,
              39.937831
            ],
            [
              116.346571,
              39.937334
            ],
            [
              116.346571,
              39.937289
            ],
            [
              116.347264,
              39.937308
            ],
            [
              116.347248,
              39.937844
            ],
            [
              116.346539,
              39.937831
            ]
          ]
        ],
        "type": "Polygon"
      },
      "id": "OSM-WAY-923616356-COMMERCIAL_SERVICES",
      "properties": {
        "evidence_status": "contextual",
        "id": "OSM-WAY-923616356-COMMERCIAL_SERVICES",
        "landuse": "commercial",
        "layer": "commercial_services",
        "osm_id": 923616356,
        "osm_type": "way"
      },
      "type": "Feature"
    },
    {
      "geometry": {
        "coordinates": [
          [
            [
              116.346571,
              39.937289
            ],
            [
              116.346583,
              39.937028
            ],
            [
              116.346711,
              39.937031
            ],
            [
              116.347275,
              39.937046
            ],
            [
              116.347264,
              39.937308
            ],
            [
              116.346571,
              39.937289
            ]
          ]
        ],
        "type": "Polygon"
      },
      "id": "OSM-WAY-923616358-COMMERCIAL_SERVICES",
      "properties": {
        "evidence_status": "contextual",
        "id": "OSM-WAY-923616358-COMMERCIAL_SERVICES",
        "landuse": "commercial",
        "layer": "commercial_services",
        "osm_id": 923616358,
        "osm_type": "way"
      },
      "type": "Feature"
    },
    {
      "geometry": {
        "coordinates": [
          [
            [
              116.366314,
              39.942343
            ],
            [
              116.366179,
              39.944315
            ],
            [
              116.366571,
              39.944331
            ],
            [
              116.366578,
              39.944236
            ],
            [
              116.366511,
              39.944233
            ],
            [
              116.366465,
              39.944231
            ],
            [
              116.366595,
              39.942355
            ],
            [
              116.366314,
              39.942343
            ]
          ]
        ],
        "type": "Polygon"
      },
      "id": "OSM-WAY-929623110-COMMERCIAL_SERVICES",
      "properties": {
        "evidence_status": "contextual",
        "id": "OSM-WAY-929623110-COMMERCIAL_SERVICES",
        "landuse": "retail",
        "layer": "commercial_services",
        "osm_id": 929623110,
        "osm_type": "way"
      },
      "type": "Feature"
    },
    {
      "geometry": {
        "coordinates": [
          [
            [
              116.36749,
              39.943709
            ],
            [
              116.36743,
              39.944297
            ],
            [
              116.366646,
              39.944257
            ],
            [
              116.366578,
              39.944236
            ],
            [
              116.366511,
              39.944233
            ],
            [
              116.366573,
              39.943656
            ],
            [
              116.36749,
              39.943709
            ]
          ]
        ],
        "type": "Polygon"
      },
      "id": "OSM-WAY-929623111-COMMERCIAL_SERVICES",
      "properties": {
        "evidence_status": "contextual",
        "id": "OSM-WAY-929623111-COMMERCIAL_SERVICES",
        "landuse": "retail",
        "layer": "commercial_services",
        "osm_id": 929623111,
        "osm_type": "way"
      },
      "type": "Feature"
    },
    {
      "geometry": {
        "coordinates": [
          [
            [
              116.366977,
              39.94362
            ],
            [
              116.367007,
              39.943283
            ],
            [
              116.367425,
              39.943305
            ],
            [
              116.367395,
              39.943642
            ],
            [
              116.366977,
              39.94362
            ]
          ]
        ],
        "type": "Polygon"
      },
      "id": "OSM-WAY-929623112-COMMERCIAL_SERVICES",
      "properties": {
        "evidence_status": "contextual",
        "id": "OSM-WAY-929623112-COMMERCIAL_SERVICES",
        "landuse": "retail",
        "layer": "commercial_services",
        "osm_id": 929623112,
        "osm_type": "way"
      },
      "type": "Feature"
    },
    {
      "geometry": {
        "coordinates": [
          [
            [
              116.366589,
              39.943527
            ],
            [
              116.366602,
              39.943412
            ],
            [
              116.366793,
              39.943425
            ],
            [
              116.36678,
              39.943539
            ],
            [
              116.366589,
              39.943527
            ]
          ]
        ],
        "type": "Polygon"
      },
      "id": "OSM-WAY-929623113-COMMERCIAL_SERVICES",
      "properties": {
        "building": "retail",
        "evidence_status": "contextual",
        "id": "OSM-WAY-929623113-COMMERCIAL_SERVICES",
        "landuse": "retail",
        "layer": "commercial_services",
        "osm_id": 929623113,
        "osm_type": "way"
      },
      "type": "Feature"
    },
    {
      "geometry": {
        "coordinates": [
          [
            [
              116.366958,
              39.94309
            ],
            [
              116.366989,
              39.942735
            ],
            [
              116.367223,
              39.942751
            ],
            [
              116.367182,
              39.943102
            ],
            [
              116.366958,
              39.94309
            ]
          ]
        ],
        "type": "Polygon"
      },
      "id": "OSM-WAY-929623116-COMMERCIAL_SERVICES",
      "properties": {
        "building": "retail",
        "evidence_status": "contextual",
        "id": "OSM-WAY-929623116-COMMERCIAL_SERVICES",
        "landuse": "retail",
        "layer": "commercial_services",
        "osm_id": 929623116,
        "osm_type": "way"
      },
      "type": "Feature"
    },
    {
      "geometry": {
        "coordinates": [
          [
            [
              116.367554,
              39.94389
            ],
            [
              116.367579,
              39.943676
            ],
            [
              116.367514,
              39.943672
            ],
            [
              116.367567,
              39.943225
            ],
            [
              116.367683,
              39.943233
            ],
            [
              116.367671,
              39.943336
            ],
            [
              116.367906,
              39.943353
            ],
            [
              116.36786,
              39.943742
            ],
            [
              116.367651,
              39.943728
            ],
            [
              116.367631,
              39.943895
            ],
            [
              116.367554,
              39.94389
            ]
          ]
        ],
        "type": "Polygon"
      },
      "id": "OSM-WAY-929623117-COMMERCIAL_SERVICES",
      "properties": {
        "evidence_status": "contextual",
        "id": "OSM-WAY-929623117-COMMERCIAL_SERVICES",
        "landuse": "retail",
        "layer": "commercial_services",
        "osm_id": 929623117,
        "osm_type": "way"
      },
      "type": "Feature"
    },
    {
      "geometry": {
        "coordinates": [
          [
            [
              116.367345,
              39.943184
            ],
            [
              116.367374,
              39.942916
            ],
            [
              116.367669,
              39.942934
            ],
            [
              116.36764,
              39.943203
            ],
            [
              116.367345,
              39.943184
            ]
          ]
        ],
        "type": "Polygon"
      },
      "id": "OSM-WAY-929623118-COMMERCIAL_SERVICES",
      "properties": {
        "evidence_status": "contextual",
        "id": "OSM-WAY-929623118-COMMERCIAL_SERVICES",
        "landuse": "retail",
        "layer": "commercial_services",
        "osm_id": 929623118,
        "osm_type": "way"
      },
      "type": "Feature"
    },
    {
      "geometry": {
        "coordinates": [
          [
            [
              116.367502,
              39.942693
            ],
            [
              116.367527,
              39.942459
            ],
            [
              116.367771,
              39.942475
            ],
            [
              116.367725,
              39.942904
            ],
            [
              116.367631,
              39.942899
            ],
            [
              116.367652,
              39.942703
            ],
            [
              116.367502,
              39.942693
            ]
          ]
        ],
        "type": "Polygon"
      },
      "id": "OSM-WAY-929623119-COMMERCIAL_SERVICES",
      "properties": {
        "evidence_status": "contextual",
        "id": "OSM-WAY-929623119-COMMERCIAL_SERVICES",
        "landuse": "retail",
        "layer": "commercial_services",
        "osm_id": 929623119,
        "osm_type": "way"
      },
      "type": "Feature"
    },
    {
      "geometry": {
        "coordinates": [
          [
            [
              116.366922,
              39.942332
            ],
            [
              116.366936,
              39.942172
            ],
            [
              116.367801,
              39.942217
            ],
            [
              116.367787,
              39.942377
            ],
            [
              116.366922,
              39.942332
            ]
          ]
        ],
        "type": "Polygon"
      },
      "id": "OSM-WAY-929623120-COMMERCIAL_SERVICES",
      "properties": {
        "evidence_status": "contextual",
        "id": "OSM-WAY-929623120-COMMERCIAL_SERVICES",
        "landuse": "retail",
        "layer": "commercial_services",
        "osm_id": 929623120,
        "osm_type": "way"
      },
      "type": "Feature"
    },
    {
      "geometry": {
        "coordinates": [
          [
            [
              116.370877,
              39.944016
            ],
            [
              116.370832,
              39.943845
            ],
            [
              116.370706,
              39.943864
            ],
            [
              116.370674,
              39.943741
            ],
            [
              116.371147,
              39.943668
            ],
            [
              116.371224,
              39.943963
            ],
            [
              116.370877,
              39.944016
            ]
          ]
        ],
        "type": "Polygon"
      },
      "id": "OSM-WAY-929623126-COMMERCIAL_SERVICES",
      "properties": {
        "evidence_status": "contextual",
        "id": "OSM-WAY-929623126-COMMERCIAL_SERVICES",
        "landuse": "retail",
        "layer": "commercial_services",
        "osm_id": 929623126,
        "osm_type": "way"
      },
      "type": "Feature"
    },
    {
      "geometry": {
        "coordinates": [
          [
            [
              116.372633,
              39.944498
            ],
            [
              116.372519,
              39.943696
            ],
            [
              116.372582,
              39.943565
            ],
            [
              116.372729,
              39.943344
            ],
            [
              116.372984,
              39.942998
            ],
            [
              116.373075,
              39.942873
            ],
            [
              116.373141,
              39.942856
            ],
            [
              116.373202,
              39.942999
            ],
            [
              116.373205,
              39.943297
            ],
            [
              116.373093,
              39.943368
            ],
            [
              116.373122,
              39.943577
            ],
            [
              116.37318,
              39.943584
            ],
            [
              116.373183,
              39.943844
            ],
            [
              116.373194,
              39.944007
            ],
            [
              116.373268,
              39.944448
            ],
            [
              116.372633,
              39.944498
            ]
          ]
        ],
        "type": "Polygon"
      },
      "id": "OSM-WAY-929623133-COMMERCIAL_SERVICES",
      "properties": {
        "evidence_status": "contextual",
        "id": "OSM-WAY-929623133-COMMERCIAL_SERVICES",
        "landuse": "retail",
        "layer": "commercial_services",
        "osm_id": 929623133,
        "osm_type": "way"
      },
      "type": "Feature"
    },
    {
      "geometry": {
        "coordinates": [
          [
            [
              116.3727,
              39.945649
            ],
            [
              116.372737,
              39.945111
            ],
            [
              116.373181,
              39.945066
            ],
            [
              116.373189,
              39.945104
            ],
            [
              116.373385,
              39.945082
            ],
            [
              116.37346,
              39.945558
            ],
            [
              116.373024,
              39.945639
            ],
            [
              116.372807,
              39.945666
            ],
            [
              116.372793,
              39.945632
            ],
            [
              116.3727,
              39.945649
            ]
          ]
        ],
        "type": "Polygon"
      },
      "id": "OSM-WAY-929623135-COMMERCIAL_SERVICES",
      "properties": {
        "evidence_status": "contextual",
        "id": "OSM-WAY-929623135-COMMERCIAL_SERVICES",
        "landuse": "retail",
        "layer": "commercial_services",
        "osm_id": 929623135,
        "osm_type": "way"
      },
      "type": "Feature"
    },
    {
      "geometry": {
        "coordinates": [
          [
            [
              116.368703,
              39.946503
            ],
            [
              116.368894,
              39.946504
            ],
            [
              116.368878,
              39.946621
            ],
            [
              116.369108,
              39.946623
            ],
            [
              116.369095,
              39.947084
            ],
            [
              116.369015,
              39.947115
            ],
            [
              116.368232,
              39.947063
            ],
            [
              116.368277,
              39.946906
            ],
            [
              116.368368,
              39.946896
            ],
            [
              116.368396,
              39.946732
            ],
            [
              116.368512,
              39.946735
            ],
            [
              116.368624,
              39.946755
            ],
            [
              116.368648,
              39.946604
            ],
            [
              116.368652,
              39.946536
            ],
            [
              116.368703,
              39.946503
            ]
          ]
        ],
        "type": "Polygon"
      },
      "id": "OSM-WAY-929623136-COMMERCIAL_SERVICES",
      "properties": {
        "evidence_status": "contextual",
        "id": "OSM-WAY-929623136-COMMERCIAL_SERVICES",
        "landuse": "retail",
        "layer": "commercial_services",
        "osm_id": 929623136,
        "osm_type": "way"
      },
      "type": "Feature"
    },
    {
      "geometry": {
        "coordinates": [
          [
            [
              116.371723,
              39.946867
            ],
            [
              116.371663,
              39.946322
            ],
            [
              116.371997,
              39.946301
            ],
            [
              116.372057,
              39.946845
            ],
            [
              116.371723,
              39.946867
            ]
          ]
        ],
        "type": "Polygon"
      },
      "id": "OSM-WAY-929623139-COMMERCIAL_SERVICES",
      "properties": {
        "evidence_status": "contextual",
        "id": "OSM-WAY-929623139-COMMERCIAL_SERVICES",
        "landuse": "commercial",
        "layer": "commercial_services",
        "osm_id": 929623139,
        "osm_type": "way"
      },
      "type": "Feature"
    },
    {
      "geometry": {
        "coordinates": [
          [
            [
              116.372114,
              39.946592
            ],
            [
              116.372084,
              39.946202
            ],
            [
              116.372694,
              39.946123
            ],
            [
              116.372678,
              39.945898
            ],
            [
              116.372717,
              39.945762
            ],
            [
              116.373398,
              39.945709
            ],
            [
              116.373515,
              39.946455
            ],
            [
              116.372642,
              39.946543
            ],
            [
              116.372663,
              39.946667
            ],
            [
              116.372233,
              39.946695
            ],
            [
              116.372221,
              39.946595
            ],
            [
              116.372114,
              39.946592
            ]
          ]
        ],
        "type": "Polygon"
      },
      "id": "OSM-WAY-929623140-COMMERCIAL_SERVICES",
      "properties": {
        "evidence_status": "contextual",
        "id": "OSM-WAY-929623140-COMMERCIAL_SERVICES",
        "landuse": "commercial",
        "layer": "commercial_services",
        "osm_id": 929623140,
        "osm_type": "way"
      },
      "type": "Feature"
    },
    {
      "geometry": {
        "coordinates": [
          [
            [
              116.375462,
              39.946243
            ],
            [
              116.375573,
              39.946406
            ],
            [
              116.37602,
              39.946292
            ],
            [
              116.376182,
              39.946664
            ],
            [
              116.376032,
              39.946687
            ],
            [
              116.375455,
              39.946747
            ],
            [
              116.375241,
              39.946769
            ],
            [
              116.375094,
              39.946855
            ],
            [
              116.374559,
              39.946877
            ],
            [
              116.374428,
              39.946864
            ],
            [
              116.374403,
              39.946711
            ],
            [
              116.374961,
              39.946543
            ],
            [
              116.375462,
              39.946243
            ]
          ]
        ],
        "type": "Polygon"
      },
      "id": "OSM-WAY-929653181-COMMERCIAL_SERVICES",
      "properties": {
        "evidence_status": "contextual",
        "id": "OSM-WAY-929653181-COMMERCIAL_SERVICES",
        "landuse": "retail",
        "layer": "commercial_services",
        "osm_id": 929653181,
        "osm_type": "way"
      },
      "type": "Feature"
    },
    {
      "geometry": {
        "coordinates": [
          [
            [
              116.377796,
              39.946077
            ],
            [
              116.37781,
              39.945875
            ],
            [
              116.378099,
              39.945837
            ],
            [
              116.378119,
              39.945799
            ],
            [
              116.37823,
              39.945588
            ],
            [
              116.378485,
              39.945525
            ],
            [
              116.378736,
              39.945421
            ],
            [
              116.378823,
              39.945451
            ],
            [
              116.378811,
              39.946076
            ],
            [
              116.377796,
              39.946077
            ]
          ]
        ],
        "type": "Polygon"
      },
      "id": "OSM-WAY-929653182-COMMERCIAL_SERVICES",
      "properties": {
        "evidence_status": "contextual",
        "id": "OSM-WAY-929653182-COMMERCIAL_SERVICES",
        "landuse": "commercial",
        "layer": "commercial_services",
        "osm_id": 929653182,
        "osm_type": "way"
      },
      "type": "Feature"
    },
    {
      "geometry": {
        "coordinates": [
          [
            [
              116.379626,
              39.944269
            ],
            [
              116.37955,
              39.944139
            ],
            [
              116.380001,
              39.943927
            ],
            [
              116.380108,
              39.944077
            ],
            [
              116.38021,
              39.94416
            ],
            [
              116.38036,
              39.944174
            ],
            [
              116.380469,
              39.944294
            ],
            [
              116.380481,
              39.944512
            ],
            [
              116.38055,
              39.944522
            ],
            [
              116.380574,
              39.944597
            ],
            [
              116.380629,
              39.944617
            ],
            [
              116.380643,
              39.944672
            ],
            [
              116.380869,
              39.944677
            ],
            [
              116.380875,
              39.944827
            ],
            [
              116.380192,
              39.944833
            ],
            [
              116.380183,
              39.944509
            ],
            [
              116.380164,
              39.944363
            ],
            [
              116.380103,
              39.944339
            ],
            [
              116.380095,
              39.944167
            ],
            [
              116.380056,
              39.944078
            ],
            [
              116.379626,
              39.944269
            ]
          ]
        ],
        "type": "Polygon"
      },
      "id": "OSM-WAY-929653198-COMMERCIAL_SERVICES",
      "properties": {
        "evidence_status": "contextual",
        "id": "OSM-WAY-929653198-COMMERCIAL_SERVICES",
        "landuse": "retail",
        "layer": "commercial_services",
        "osm_id": 929653198,
        "osm_type": "way"
      },
      "type": "Feature"
    },
    {
      "geometry": {
        "coordinates": [
          [
            [
              116.380989,
              39.944756
            ],
            [
              116.380988,
              39.944715
            ],
            [
              116.380989,
              39.944637
            ],
            [
              116.380989,
              39.94462
            ],
            [
              116.381126,
              39.944621
            ],
            [
              116.381127,
              39.944542
            ],
            [
              116.381128,
              39.944502
            ],
            [
              116.381152,
              39.944502
            ],
            [
              116.381153,
              39.944242
            ],
            [
              116.381546,
              39.944241
            ],
            [
              116.381552,
              39.944062
            ],
            [
              116.381598,
              39.944063
            ],
            [
              116.381757,
              39.944063
            ],
            [
              116.381757,
              39.944196
            ],
            [
              116.381754,
              39.944794
            ],
            [
              116.381542,
              39.944793
            ],
            [
              116.381133,
              39.944794
            ],
            [
              116.381061,
              39.944795
            ],
            [
              116.381032,
              39.944788
            ],
            [
              116.381005,
              39.944775
            ],
            [
              116.380989,
              39.944756
            ]
          ]
        ],
        "type": "Polygon"
      },
      "id": "OSM-WAY-929653200-COMMERCIAL_SERVICES",
      "properties": {
        "evidence_status": "contextual",
        "id": "OSM-WAY-929653200-COMMERCIAL_SERVICES",
        "landuse": "commercial",
        "layer": "commercial_services",
        "name": "中华全国总工会文工团",
        "osm_id": 929653200,
        "osm_type": "way"
      },
      "type": "Feature"
    },
    {
      "geometry": {
        "coordinates": [
          [
            [
              116.385927,
              39.947039
            ],
            [
              116.385928,
              39.946959
            ],
            [
              116.38629,
              39.946963
            ],
            [
              116.386292,
              39.946832
            ],
            [
              116.386514,
              39.946834
            ],
            [
              116.38651,
              39.947044
            ],
            [
              116.385927,
              39.947039
            ]
          ]
        ],
        "type": "Polygon"
      },
      "id": "OSM-WAY-929701496-COMMERCIAL_SERVICES",
      "properties": {
        "evidence_status": "contextual",
        "id": "OSM-WAY-929701496-COMMERCIAL_SERVICES",
        "landuse": "retail",
        "layer": "commercial_services",
        "osm_id": 929701496,
        "osm_type": "way"
      },
      "type": "Feature"
    },
    {
      "geometry": {
        "coordinates": [
          [
            [
              116.386191,
              39.942583
            ],
            [
              116.386152,
              39.942417
            ],
            [
              116.386336,
              39.942434
            ],
            [
              116.386373,
              39.942437
            ],
            [
              116.386391,
              39.942438
            ],
            [
              116.386402,
              39.942382
            ],
            [
              116.387419,
              39.942377
            ],
            [
              116.387332,
              39.942268
            ],
            [
              116.387337,
              39.942184
            ],
            [
              116.387392,
              39.942178
            ],
            [
              116.387433,
              39.942024
            ],
            [
              116.38754,
              39.942014
            ],
            [
              116.387519,
              39.942551
            ],
            [
              116.38726,
              39.94255
            ],
            [
              116.387258,
              39.94249
            ],
            [
              116.386488,
              39.942499
            ],
            [
              116.386461,
              39.942581
            ],
            [
              116.386191,
              39.942583
            ]
          ]
        ],
        "type": "Polygon"
      },
      "id": "OSM-WAY-929701522-COMMERCIAL_SERVICES",
      "properties": {
        "evidence_status": "contextual",
        "id": "OSM-WAY-929701522-COMMERCIAL_SERVICES",
        "landuse": "retail",
        "layer": "commercial_services",
        "osm_id": 929701522,
        "osm_type": "way"
      },
      "type": "Feature"
    },
    {
      "geometry": {
        "coordinates": [
          [
            [
              116.387458,
              39.940954
            ],
            [
              116.387588,
              39.940955
            ],
            [
              116.387581,
              39.941663
            ],
            [
              116.386789,
              39.941659
            ],
            [
              116.38679,
              39.941607
            ],
            [
              116.387452,
              39.941611
            ],
            [
              116.387458,
              39.940954
            ]
          ]
        ],
        "type": "Polygon"
      },
      "id": "OSM-WAY-929701524-COMMERCIAL_SERVICES",
      "properties": {
        "evidence_status": "contextual",
        "id": "OSM-WAY-929701524-COMMERCIAL_SERVICES",
        "landuse": "retail",
        "layer": "commercial_services",
        "osm_id": 929701524,
        "osm_type": "way"
      },
      "type": "Feature"
    },
    {
      "geometry": {
        "coordinates": [
          [
            [
              116.387421,
              39.941932
            ],
            [
              116.387394,
              39.941848
            ],
            [
              116.386703,
              39.941827
            ],
            [
              116.386708,
              39.941726
            ],
            [
              116.387527,
              39.941751
            ],
            [
              116.387517,
              39.941935
            ],
            [
              116.387421,
              39.941932
            ]
          ]
        ],
        "type": "Polygon"
      },
      "id": "OSM-WAY-929701525-COMMERCIAL_SERVICES",
      "properties": {
        "evidence_status": "contextual",
        "id": "OSM-WAY-929701525-COMMERCIAL_SERVICES",
        "landuse": "retail",
        "layer": "commercial_services",
        "osm_id": 929701525,
        "osm_type": "way"
      },
      "type": "Feature"
    },
    {
      "geometry": {
        "coordinates": [
          [
            [
              116.385613,
              39.94021
            ],
            [
              116.386063,
              39.939889
            ],
            [
              116.386335,
              39.939729
            ],
            [
              116.387038,
              39.939496
            ],
            [
              116.387646,
              39.939434
            ],
            [
              116.387608,
              39.940718
            ],
            [
              116.387323,
              39.940716
            ],
            [
              116.387356,
              39.939878
            ],
            [
              116.386976,
              39.939897
            ],
            [
              116.386591,
              39.939875
            ],
            [
              116.386438,
              39.939981
            ],
            [
              116.386665,
              39.940151
            ],
            [
              116.386547,
              39.940241
            ],
            [
              116.386309,
              39.940079
            ],
            [
              116.386202,
              39.940181
            ],
            [
              116.386071,
              39.940104
            ],
            [
              116.38575,
              39.940324
            ],
            [
              116.385643,
              39.940231
            ],
            [
              116.385613,
              39.94021
            ]
          ]
        ],
        "type": "Polygon"
      },
      "id": "OSM-WAY-929709385-COMMERCIAL_SERVICES",
      "properties": {
        "evidence_status": "contextual",
        "id": "OSM-WAY-929709385-COMMERCIAL_SERVICES",
        "landuse": "retail",
        "layer": "commercial_services",
        "osm_id": 929709385,
        "osm_type": "way"
      },
      "type": "Feature"
    },
    {
      "geometry": {
        "coordinates": [
          [
            [
              116.373972,
              39.945483
            ],
            [
              116.374016,
              39.945689
            ],
            [
              116.374131,
              39.945688
            ],
            [
              116.374164,
              39.945896
            ],
            [
              116.37403,
              39.945898
            ],
            [
              116.374077,
              39.946236
            ],
            [
              116.373981,
              39.94624
            ],
            [
              116.373984,
              39.946312
            ],
            [
              116.374082,
              39.946308
            ],
            [
              116.374085,
              39.946444
            ],
            [
              116.37426,
              39.946432
            ],
            [
              116.374255,
              39.946365
            ],
            [
              116.374431,
              39.946319
            ],
            [
              116.374476,
              39.946291
            ],
            [
              116.374547,
              39.946368
            ],
            [
              116.374773,
              39.946251
            ],
            [
              116.374752,
              39.946213
            ],
            [
              116.374951,
              39.946117
            ],
            [
              116.375059,
              39.946241
            ],
            [
              116.374678,
              39.946453
            ],
            [
              116.374402,
              39.946575
            ],
            [
              116.374056,
              39.946594
            ],
            [
              116.373942,
              39.946547
            ],
            [
              116.373785,
              39.945499
            ],
            [
              116.373972,
              39.945483
            ]
          ]
        ],
        "type": "Polygon"
      },
      "id": "OSM-WAY-929752777-COMMERCIAL_SERVICES",
      "properties": {
        "evidence_status": "contextual",
        "id": "OSM-WAY-929752777-COMMERCIAL_SERVICES",
        "landuse": "retail",
        "layer": "commercial_services",
        "osm_id": 929752777,
        "osm_type": "way"
      },
      "type": "Feature"
    },
    {
      "geometry": {
        "coordinates": [
          [
            [
              116.375126,
              39.946151
            ],
            [
              116.375036,
              39.946064
            ],
            [
              116.375609,
              39.945718
            ],
            [
              116.375698,
              39.945804
            ],
            [
              116.375126,
              39.946151
            ]
          ]
        ],
        "type": "Polygon"
      },
      "id": "OSM-WAY-929752778-COMMERCIAL_SERVICES",
      "properties": {
        "evidence_status": "contextual",
        "id": "OSM-WAY-929752778-COMMERCIAL_SERVICES",
        "landuse": "retail",
        "layer": "commercial_services",
        "osm_id": 929752778,
        "osm_type": "way"
      },
      "type": "Feature"
    },
    {
      "geometry": {
        "coordinates": [
          [
            [
              116.375813,
              39.945746
            ],
            [
              116.376483,
              39.945397
            ],
            [
              116.37641,
              39.945315
            ],
            [
              116.375908,
              39.945577
            ],
            [
              116.375848,
              39.945509
            ],
            [
              116.37568,
              39.945597
            ],
            [
              116.375813,
              39.945746
            ]
          ]
        ],
        "type": "Polygon"
      },
      "id": "OSM-WAY-929752779-COMMERCIAL_SERVICES",
      "properties": {
        "evidence_status": "contextual",
        "id": "OSM-WAY-929752779-COMMERCIAL_SERVICES",
        "landuse": "retail",
        "layer": "commercial_services",
        "osm_id": 929752779,
        "osm_type": "way"
      },
      "type": "Feature"
    },
    {
      "geometry": {
        "coordinates": [
          [
            [
              116.375957,
              39.944831
            ],
            [
              116.375871,
              39.944712
            ],
            [
              116.375808,
              39.944738
            ],
            [
              116.375572,
              39.944413
            ],
            [
              116.375651,
              39.944379
            ],
            [
              116.375432,
              39.944077
            ],
            [
              116.375545,
              39.944029
            ],
            [
              116.376086,
              39.944776
            ],
            [
              116.375957,
              39.944831
            ]
          ]
        ],
        "type": "Polygon"
      },
      "id": "OSM-WAY-929752780-COMMERCIAL_SERVICES",
      "properties": {
        "evidence_status": "contextual",
        "id": "OSM-WAY-929752780-COMMERCIAL_SERVICES",
        "landuse": "retail",
        "layer": "commercial_services",
        "osm_id": 929752780,
        "osm_type": "way"
      },
      "type": "Feature"
    },
    {
      "geometry": {
        "coordinates": [
          [
            [
              116.374499,
              39.943975
            ],
            [
              116.374299,
              39.943888
            ],
            [
              116.373894,
              39.942642
            ],
            [
              116.374344,
              39.94246
            ],
            [
              116.374411,
              39.942628
            ],
            [
              116.374354,
              39.942718
            ],
            [
              116.37433,
              39.942907
            ],
            [
              116.374574,
              39.943829
            ],
            [
              116.374725,
              39.944034
            ],
            [
              116.374499,
              39.943975
            ]
          ]
        ],
        "type": "Polygon"
      },
      "id": "OSM-WAY-929752785-COMMERCIAL_SERVICES",
      "properties": {
        "evidence_status": "contextual",
        "id": "OSM-WAY-929752785-COMMERCIAL_SERVICES",
        "landuse": "retail",
        "layer": "commercial_services",
        "osm_id": 929752785,
        "osm_type": "way"
      },
      "type": "Feature"
    },
    {
      "geometry": {
        "coordinates": [
          [
            [
              116.380184,
              39.942105
            ],
            [
              116.380037,
              39.94194
            ],
            [
              116.380339,
              39.941708
            ],
            [
              116.380794,
              39.941362
            ],
            [
              116.381054,
              39.941575
            ],
            [
              116.381131,
              39.941629
            ],
            [
              116.380758,
              39.941881
            ],
            [
              116.380184,
              39.942105
            ]
          ]
        ],
        "type": "Polygon"
      },
      "id": "OSM-WAY-929752796-COMMERCIAL_SERVICES",
      "properties": {
        "evidence_status": "contextual",
        "id": "OSM-WAY-929752796-COMMERCIAL_SERVICES",
        "landuse": "retail",
        "layer": "commercial_services",
        "osm_id": 929752796,
        "osm_type": "way"
      },
      "type": "Feature"
    },
    {
      "geometry": {
        "coordinates": [
          [
            [
              116.382299,
              39.942424
            ],
            [
              116.382573,
              39.942181
            ],
            [
              116.38199,
              39.941737
            ],
            [
              116.381727,
              39.942006
            ],
            [
              116.382299,
              39.942424
            ]
          ]
        ],
        "type": "Polygon"
      },
      "id": "OSM-WAY-929752797-COMMERCIAL_SERVICES",
      "properties": {
        "evidence_status": "contextual",
        "id": "OSM-WAY-929752797-COMMERCIAL_SERVICES",
        "landuse": "retail",
        "layer": "commercial_services",
        "osm_id": 929752797,
        "osm_type": "way"
      },
      "type": "Feature"
    },
    {
      "geometry": {
        "coordinates": [
          [
            [
              116.382601,
              39.94216
            ],
            [
              116.382946,
              39.94185
            ],
            [
              116.382342,
              39.941389
            ],
            [
              116.382101,
              39.94157
            ],
            [
              116.382002,
              39.941708
            ],
            [
              116.382601,
              39.94216
            ]
          ]
        ],
        "type": "Polygon"
      },
      "id": "OSM-WAY-929752803-COMMERCIAL_SERVICES",
      "properties": {
        "evidence_status": "contextual",
        "id": "OSM-WAY-929752803-COMMERCIAL_SERVICES",
        "landuse": "retail",
        "layer": "commercial_services",
        "osm_id": 929752803,
        "osm_type": "way"
      },
      "type": "Feature"
    },
    {
      "geometry": {
        "coordinates": [
          [
            [
              116.382998,
              39.941784
            ],
            [
              116.382262,
              39.941167
            ],
            [
              116.384056,
              39.939764
            ],
            [
              116.384348,
              39.940046
            ],
            [
              116.38401,
              39.940255
            ],
            [
              116.384525,
              39.940691
            ],
            [
              116.382998,
              39.941784
            ]
          ]
        ],
        "type": "Polygon"
      },
      "id": "OSM-WAY-929752804-COMMERCIAL_SERVICES",
      "properties": {
        "evidence_status": "contextual",
        "id": "OSM-WAY-929752804-COMMERCIAL_SERVICES",
        "landuse": "retail",
        "layer": "commercial_services",
        "osm_id": 929752804,
        "osm_type": "way"
      },
      "type": "Feature"
    },
    {
      "geometry": {
        "coordinates": [
          [
            [
              116.385253,
              39.940123
            ],
            [
              116.385139,
              39.939989
            ],
            [
              116.384569,
              39.939363
            ],
            [
              116.385069,
              39.939073
            ],
            [
              116.38578,
              39.939825
            ],
            [
              116.385253,
              39.940123
            ]
          ]
        ],
        "type": "Polygon"
      },
      "id": "OSM-WAY-929752806-COMMERCIAL_SERVICES",
      "properties": {
        "evidence_status": "contextual",
        "id": "OSM-WAY-929752806-COMMERCIAL_SERVICES",
        "landuse": "retail",
        "layer": "commercial_services",
        "osm_id": 929752806,
        "osm_type": "way"
      },
      "type": "Feature"
    },
    {
      "geometry": {
        "coordinates": [
          [
            [
              116.385246,
              39.938762
            ],
            [
              116.385134,
              39.938521
            ],
            [
              116.385476,
              39.938412
            ],
            [
              116.38552,
              39.938463
            ],
            [
              116.385729,
              39.938418
            ],
            [
              116.386115,
              39.938234
            ],
            [
              116.386358,
              39.938112
            ],
            [
              116.387216,
              39.937734
            ],
            [
              116.387373,
              39.937922
            ],
            [
              116.386596,
              39.938256
            ],
            [
              116.386464,
              39.938377
            ],
            [
              116.385864,
              39.938681
            ],
            [
              116.385557,
              39.93879
            ],
            [
              116.385528,
              39.938755
            ],
            [
              116.385379,
              39.938773
            ],
            [
              116.385353,
              39.938738
            ],
            [
              116.385246,
              39.938762
            ]
          ]
        ],
        "type": "Polygon"
      },
      "id": "OSM-WAY-929752807-COMMERCIAL_SERVICES",
      "properties": {
        "evidence_status": "contextual",
        "id": "OSM-WAY-929752807-COMMERCIAL_SERVICES",
        "landuse": "retail",
        "layer": "commercial_services",
        "osm_id": 929752807,
        "osm_type": "way"
      },
      "type": "Feature"
    },
    {
      "geometry": {
        "coordinates": [
          [
            [
              116.387454,
              39.937885
            ],
            [
              116.387278,
              39.937694
            ],
            [
              116.387516,
              39.937611
            ],
            [
              116.388266,
              39.937426
            ],
            [
              116.388328,
              39.937646
            ],
            [
              116.387454,
              39.937885
            ]
          ]
        ],
        "type": "Polygon"
      },
      "id": "OSM-WAY-929752808-COMMERCIAL_SERVICES",
      "properties": {
        "evidence_status": "contextual",
        "id": "OSM-WAY-929752808-COMMERCIAL_SERVICES",
        "landuse": "retail",
        "layer": "commercial_services",
        "osm_id": 929752808,
        "osm_type": "way"
      },
      "type": "Feature"
    },
    {
      "geometry": {
        "coordinates": [
          [
            [
              116.387832,
              39.938649
            ],
            [
              116.387492,
              39.937952
            ],
            [
              116.388384,
              39.937664
            ],
            [
              116.388737,
              39.937642
            ],
            [
              116.388788,
              39.937653
            ],
            [
              116.38924,
              39.937865
            ],
            [
              116.389056,
              39.938084
            ],
            [
              116.388967,
              39.938177
            ],
            [
              116.388812,
              39.938302
            ],
            [
              116.387832,
              39.938649
            ]
          ]
        ],
        "type": "Polygon"
      },
      "id": "OSM-WAY-929752809-COMMERCIAL_SERVICES",
      "properties": {
        "evidence_status": "contextual",
        "id": "OSM-WAY-929752809-COMMERCIAL_SERVICES",
        "landuse": "retail",
        "layer": "commercial_services",
        "osm_id": 929752809,
        "osm_type": "way"
      },
      "type": "Feature"
    },
    {
      "geometry": {
        "coordinates": [
          [
            [
              116.389372,
              39.938467
            ],
            [
              116.389399,
              39.938155
            ],
            [
              116.389056,
              39.938084
            ],
            [
              116.38924,
              39.937865
            ],
            [
              116.389329,
              39.93787
            ],
            [
              116.389652,
              39.937877
            ],
            [
              116.389615,
              39.938473
            ],
            [
              116.389372,
              39.938467
            ]
          ]
        ],
        "type": "Polygon"
      },
      "id": "OSM-WAY-929752810-COMMERCIAL_SERVICES",
      "properties": {
        "evidence_status": "contextual",
        "id": "OSM-WAY-929752810-COMMERCIAL_SERVICES",
        "landuse": "retail",
        "layer": "commercial_services",
        "osm_id": 929752810,
        "osm_type": "way"
      },
      "type": "Feature"
    },
    {
      "geometry": {
        "coordinates": [
          [
            [
              116.387392,
              39.939067
            ],
            [
              116.387325,
              39.938954
            ],
            [
              116.387371,
              39.938935
            ],
            [
              116.387518,
              39.938886
            ],
            [
              116.387586,
              39.938998
            ],
            [
              116.387392,
              39.939067
            ]
          ]
        ],
        "type": "Polygon"
      },
      "id": "OSM-WAY-929752812-COMMERCIAL_SERVICES",
      "properties": {
        "evidence_status": "contextual",
        "id": "OSM-WAY-929752812-COMMERCIAL_SERVICES",
        "landuse": "retail",
        "layer": "commercial_services",
        "osm_id": 929752812,
        "osm_type": "way"
      },
      "type": "Feature"
    },
    {
      "geometry": {
        "coordinates": [
          [
            [
              116.388402,
              39.937625
            ],
            [
              116.388356,
              39.93744
            ],
            [
              116.388385,
              39.937434
            ],
            [
              116.388403,
              39.937474
            ],
            [
              116.38846,
              39.937471
            ],
            [
              116.388474,
              39.937444
            ],
            [
              116.388549,
              39.937452
            ],
            [
              116.388585,
              39.937329
            ],
            [
              116.389014,
              39.937385
            ],
            [
              116.38936,
              39.93741
            ],
            [
              116.389379,
              39.937038
            ],
            [
              116.389569,
              39.937024
            ],
            [
              116.389569,
              39.937491
            ],
            [
              116.389662,
              39.937495
            ],
            [
              116.389654,
              39.937594
            ],
            [
              116.389508,
              39.937594
            ],
            [
              116.389498,
              39.937698
            ],
            [
              116.389322,
              39.937694
            ],
            [
              116.389312,
              39.937651
            ],
            [
              116.389135,
              39.937642
            ],
            [
              116.388984,
              39.937576
            ],
            [
              116.388747,
              39.937542
            ],
            [
              116.388748,
              39.93761
            ],
            [
              116.388556,
              39.937632
            ],
            [
              116.388437,
              39.937635
            ],
            [
              116.388402,
              39.937625
            ]
          ]
        ],
        "type": "Polygon"
      },
      "id": "OSM-WAY-929752817-COMMERCIAL_SERVICES",
      "properties": {
        "evidence_status": "contextual",
        "id": "OSM-WAY-929752817-COMMERCIAL_SERVICES",
        "landuse": "retail",
        "layer": "commercial_services",
        "osm_id": 929752817,
        "osm_type": "way"
      },
      "type": "Feature"
    },
    {
      "geometry": {
        "coordinates": [
          [
            [
              116.330676,
              40.03552
            ],
            [
              116.332156,
              40.036103
            ],
            [
              116.333144,
              40.034633
            ],
            [
              116.33324,
              40.034066
            ],
            [
              116.331363,
              40.033516
            ],
            [
              116.331137,
              40.034296
            ],
            [
              116.330558,
              40.035183
            ],
            [
              116.330676,
              40.03552
            ]
          ]
        ],
        "type": "Polygon"
      },
      "id": "OSM-WAY-930583402-COMMERCIAL_SERVICES",
      "properties": {
        "evidence_status": "contextual",
        "id": "OSM-WAY-930583402-COMMERCIAL_SERVICES",
        "landuse": "commercial",
        "layer": "commercial_services",
        "name": "和盈中心",
        "osm_id": 930583402,
        "osm_type": "way"
      },
      "type": "Feature"
    },
    {
      "geometry": {
        "coordinates": [
          [
            [
              116.30807,
              40.048785
            ],
            [
              116.310988,
              40.050181
            ],
            [
              116.312172,
              40.048566
            ],
            [
              116.311408,
              40.048146
            ],
            [
              116.31153,
              40.047936
            ],
            [
              116.309401,
              40.047036
            ],
            [
              116.30807,
              40.048785
            ]
          ]
        ],
        "type": "Polygon"
      },
      "id": "OSM-WAY-930583404-COMMERCIAL_SERVICES",
      "properties": {
        "evidence_status": "contextual",
        "id": "OSM-WAY-930583404-COMMERCIAL_SERVICES",
        "landuse": "commercial",
        "layer": "commercial_services",
        "name": "上地-元中心",
        "osm_id": 930583404,
        "osm_type": "way"
      },
      "type": "Feature"
    },
    {
      "geometry": {
        "coordinates": [
          [
            [
              116.359888,
              40.004025
            ],
            [
              116.359207,
              40.003769
            ],
            [
              116.357041,
              40.002848
            ],
            [
              116.357498,
              40.002432
            ],
            [
              116.358053,
              40.00186
            ],
            [
              116.358823,
              40.001063
            ],
            [
              116.359108,
              40.000733
            ],
            [
              116.359815,
              40.000245
            ],
            [
              116.360317,
              40.000267
            ],
            [
              116.360567,
              40.000472
            ],
            [
              116.361542,
              40.000493
            ],
            [
              116.361545,
              40.000651
            ],
            [
              116.36245,
              40.00065
            ],
            [
              116.362211,
              40.001057
            ],
            [
              116.362481,
              40.00114
            ],
            [
              116.362319,
              40.001411
            ],
            [
              116.361834,
              40.001447
            ],
            [
              116.361703,
              40.001665
            ],
            [
              116.361394,
              40.002153
            ],
            [
              116.361256,
              40.00209
            ],
            [
              116.36048,
              40.003204
            ],
            [
              116.359888,
              40.004025
            ]
          ]
        ],
        "type": "Polygon"
      },
      "id": "OSM-WAY-930935497-COMMERCIAL_SERVICES",
      "properties": {
        "evidence_status": "contextual",
        "id": "OSM-WAY-930935497-COMMERCIAL_SERVICES",
        "landuse": "commercial",
        "layer": "commercial_services",
        "name": "东畔科创中心",
        "name:en": "Dong-Park",
        "osm_id": 930935497,
        "osm_type": "way"
      },
      "type": "Feature"
    },
    {
      "geometry": {
        "coordinates": [
          [
            [
              116.302299,
              39.98354
            ],
            [
              116.302301,
              39.983397
            ],
            [
              116.302302,
              39.983327
            ],
            [
              116.302311,
              39.982754
            ],
            [
              116.302451,
              39.982755
            ],
            [
              116.302526,
              39.982756
            ],
            [
              116.302765,
              39.982758
            ],
            [
              116.302847,
              39.982759
            ],
            [
              116.303179,
              39.982762
            ],
            [
              116.303179,
              39.98278
            ],
            [
              116.303167,
              39.98352
            ],
            [
              116.303167,
              39.983548
            ],
            [
              116.302299,
              39.98354
            ]
          ]
        ],
        "type": "Polygon"
      },
      "id": "OSM-WAY-944502477-COMMERCIAL_SERVICES",
      "properties": {
        "evidence_status": "contextual",
        "id": "OSM-WAY-944502477-COMMERCIAL_SERVICES",
        "landuse": "commercial",
        "layer": "commercial_services",
        "name": "北四环西路62号院",
        "name:zh": "北四环西路62号院",
        "osm_id": 944502477,
        "osm_type": "way"
      },
      "type": "Feature"
    },
    {
      "geometry": {
        "coordinates": [
          [
            [
              116.304537,
              39.93735
            ],
            [
              116.304536,
              39.936611
            ],
            [
              116.30617,
              39.936609
            ],
            [
              116.306172,
              39.937348
            ],
            [
              116.304537,
              39.93735
            ]
          ]
        ],
        "type": "Polygon"
      },
      "id": "OSM-WAY-951690600-COMMERCIAL_SERVICES",
      "properties": {
        "amenity": "research_institute",
        "evidence_status": "contextual",
        "id": "OSM-WAY-951690600-COMMERCIAL_SERVICES",
        "landuse": "commercial",
        "layer": "commercial_services",
        "name": "中国国家画院",
        "name:en": "China National Academy of Painting",
        "osm_id": 951690600,
        "osm_type": "way"
      },
      "type": "Feature"
    },
    {
      "geometry": {
        "coordinates": [
          [
            [
              116.347054,
              39.960694
            ],
            [
              116.347095,
              39.958853
            ],
            [
              116.347115,
              39.958547
            ],
            [
              116.344638,
              39.95852
            ],
            [
              116.344023,
              39.960079
            ],
            [
              116.3439,
              39.960098
            ],
            [
              116.343878,
              39.96026
            ],
            [
              116.343409,
              39.960259
            ],
            [
              116.343243,
              39.960603
            ],
            [
              116.34316,
              39.961107
            ],
            [
              116.344441,
              39.961163
            ],
            [
              116.344461,
              39.960593
            ],
            [
              116.347054,
              39.960694
            ]
          ]
        ],
        "type": "Polygon"
      },
      "id": "OSM-WAY-953938441-COMMERCIAL_SERVICES",
      "properties": {
        "amenity": "research_institute",
        "evidence_status": "contextual",
        "id": "OSM-WAY-953938441-COMMERCIAL_SERVICES",
        "landuse": "commercial",
        "layer": "commercial_services",
        "name": "中冶集团建筑研究总院",
        "name:zh": "中冶集团建筑研究总院",
        "osm_id": 953938441,
        "osm_type": "way"
      },
      "type": "Feature"
    },
    {
      "geometry": {
        "coordinates": [
          [
            [
              116.392469,
              39.964477
            ],
            [
              116.392514,
              39.964031
            ],
            [
              116.39296,
              39.964057
            ],
            [
              116.392915,
              39.964503
            ],
            [
              116.392469,
              39.964477
            ]
          ]
        ],
        "type": "Polygon"
      },
      "id": "OSM-WAY-956330725-COMMERCIAL_SERVICES",
      "properties": {
        "evidence_status": "contextual",
        "id": "OSM-WAY-956330725-COMMERCIAL_SERVICES",
        "landuse": "commercial",
        "layer": "commercial_services",
        "name": "中国交通通信信息中心",
        "osm_id": 956330725,
        "osm_type": "way"
      },
      "type": "Feature"
    },
    {
      "geometry": {
        "coordinates": [
          [
            [
              116.372764,
              40.005021
            ],
            [
              116.372708,
              40.003095
            ],
            [
              116.374378,
              40.003112
            ],
            [
              116.374457,
              40.005072
            ],
            [
              116.374265,
              40.005077
            ],
            [
              116.374188,
              40.005144
            ],
            [
              116.372764,
              40.005021
            ]
          ]
        ],
        "type": "Polygon"
      },
      "id": "OSM-WAY-960940769-COMMERCIAL_SERVICES",
      "properties": {
        "evidence_status": "contextual",
        "id": "OSM-WAY-960940769-COMMERCIAL_SERVICES",
        "landuse": "commercial",
        "layer": "commercial_services",
        "osm_id": 960940769,
        "osm_type": "way"
      },
      "type": "Feature"
    },
    {
      "geometry": {
        "coordinates": [
          [
            [
              116.365862,
              39.952965
            ],
            [
              116.365918,
              39.95194
            ],
            [
              116.367408,
              39.952014
            ],
            [
              116.367817,
              39.952034
            ],
            [
              116.367791,
              39.953059
            ],
            [
              116.365862,
              39.952965
            ]
          ]
        ],
        "type": "Polygon"
      },
      "id": "OSM-WAY-984874243-COMMERCIAL_SERVICES",
      "properties": {
        "evidence_status": "contextual",
        "id": "OSM-WAY-984874243-COMMERCIAL_SERVICES",
        "landuse": "commercial",
        "layer": "commercial_services",
        "name": "普天德胜科技园",
        "name:zh": "普天德胜科技园",
        "osm_id": 984874243,
        "osm_type": "way"
      },
      "type": "Feature"
    },
    {
      "geometry": {
        "coordinates": [
          [
            [
              116.365341,
              40.00043
            ],
            [
              116.364149,
              40.000373
            ],
            [
              116.363173,
              40.001687
            ],
            [
              116.364221,
              40.002111
            ],
            [
              116.365341,
              40.00043
            ]
          ]
        ],
        "type": "Polygon"
      },
      "id": "OSM-WAY-993241531-COMMERCIAL_SERVICES",
      "properties": {
        "evidence_status": "contextual",
        "id": "OSM-WAY-993241531-COMMERCIAL_SERVICES",
        "landuse": "retail",
        "layer": "commercial_services",
        "name": "红星美凯龙环球家居设计博览中心（北四环店）",
        "name:zh": "红星美凯龙环球家居设计博览中心（北四环店）",
        "osm_id": 993241531,
        "osm_type": "way"
      },
      "type": "Feature"
    }
  ],
  "metadata": {
    "evidence_status": "contextual",
    "known_limitations": "Not official planning, ownership, population, service-capacity, hours, accessibility, or engineering evidence.",
    "license": "© OpenStreetMap contributors, ODbL 1.0",
    "retrieval_date": "2026-08-12",
    "role": "commercial_services",
    "source": "OpenStreetMap"
  },
  "name": "commercial_services",
  "type": "FeatureCollection"
}
