{
  "features": [
    {
      "geometry": {
        "coordinates": [
          116.324437,
          39.980857
        ],
        "type": "Point"
      },
      "id": "OSM-NODE-10026557463-INNOVATION",
      "properties": {
        "amenity": "research_institute",
        "evidence_status": "contextual",
        "id": "OSM-NODE-10026557463-INNOVATION",
        "layer": "innovation",
        "name": "中国科学院大学卡弗里理论科学研究所",
        "name:en": "Kavli Institute for Theoretical Sciences, University of Chinese Academy of Sciences",
        "name:zh": "中国科学院大学卡弗里理论科学研究所",
        "osm_id": 10026557463,
        "osm_type": "node"
      },
      "type": "Feature"
    },
    {
      "geometry": {
        "coordinates": [
          116.326488,
          39.983436
        ],
        "type": "Point"
      },
      "id": "OSM-NODE-10026785073-INNOVATION",
      "properties": {
        "amenity": "research_institute",
        "evidence_status": "contextual",
        "id": "OSM-NODE-10026785073-INNOVATION",
        "layer": "innovation",
        "name": "中国科学院理论物理研究所",
        "name:en": "Institute of Theoretical Physics, Chinese Academy of Sciences",
        "name:zh": "中国科学院理论物理研究所",
        "osm_id": 10026785073,
        "osm_type": "node"
      },
      "type": "Feature"
    },
    {
      "geometry": {
        "coordinates": [
          116.327327,
          40.000546
        ],
        "type": "Point"
      },
      "id": "OSM-NODE-10161372775-INNOVATION",
      "properties": {
        "amenity": "research_institute",
        "evidence_status": "contextual",
        "id": "OSM-NODE-10161372775-INNOVATION",
        "layer": "innovation",
        "name": "计算机科学与技术系",
        "name:en": "Department of Computer Science and Technology",
        "name:zh": "计算机科学与技术系",
        "operator": "清华大学",
        "osm_id": 10161372775,
        "osm_type": "node",
        "wheelchair": "yes"
      },
      "type": "Feature"
    },
    {
      "geometry": {
        "coordinates": [
          116.32733,
          40.00044
        ],
        "type": "Point"
      },
      "id": "OSM-NODE-10161372776-INNOVATION",
      "properties": {
        "amenity": "research_institute",
        "evidence_status": "contextual",
        "id": "OSM-NODE-10161372776-INNOVATION",
        "layer": "innovation",
        "name": "软件学院",
        "name:en": "School of Software",
        "name:zh": "软件学院",
        "operator": "清华大学",
        "osm_id": 10161372776,
        "osm_type": "node",
        "wheelchair": "yes"
      },
      "type": "Feature"
    },
    {
      "geometry": {
        "coordinates": [
          116.326364,
          40.000395
        ],
        "type": "Point"
      },
      "id": "OSM-NODE-10161372777-INNOVATION",
      "properties": {
        "amenity": "research_institute",
        "evidence_status": "contextual",
        "id": "OSM-NODE-10161372777-INNOVATION",
        "layer": "innovation",
        "name": "自动化系",
        "name:en": "Department of Automation",
        "name:zh": "自动化系",
        "operator": "清华大学",
        "osm_id": 10161372777,
        "osm_type": "node",
        "wheelchair": "yes"
      },
      "type": "Feature"
    },
    {
      "geometry": {
        "coordinates": [
          116.325332,
          40.000452
        ],
        "type": "Point"
      },
      "id": "OSM-NODE-10161372778-INNOVATION",
      "properties": {
        "amenity": "research_institute",
        "evidence_status": "contextual",
        "id": "OSM-NODE-10161372778-INNOVATION",
        "layer": "innovation",
        "name": "电机工程与应用电子技术系",
        "name:en": "Department of Electrical Engineering",
        "name:zh": "电机工程与应用电子技术系",
        "operator": "清华大学",
        "osm_id": 10161372778,
        "osm_type": "node",
        "wheelchair": "yes"
      },
      "type": "Feature"
    },
    {
      "geometry": {
        "coordinates": [
          116.329694,
          40.002067
        ],
        "type": "Point"
      },
      "id": "OSM-NODE-10161397404-INNOVATION",
      "properties": {
        "amenity": "research_institute",
        "evidence_status": "contextual",
        "id": "OSM-NODE-10161397404-INNOVATION",
        "layer": "innovation",
        "name": "工程物理系",
        "name:en": "Department of Engineering Physics",
        "name:zh": "工程物理系",
        "operator": "清华大学",
        "osm_id": 10161397404,
        "osm_type": "node",
        "wheelchair": "yes"
      },
      "type": "Feature"
    },
    {
      "geometry": {
        "coordinates": [
          116.330205,
          40.001557
        ],
        "type": "Point"
      },
      "id": "OSM-NODE-10161397405-INNOVATION",
      "properties": {
        "amenity": "research_institute",
        "evidence_status": "contextual",
        "id": "OSM-NODE-10161397405-INNOVATION",
        "layer": "innovation",
        "name": "化学工程系",
        "name:en": "Department of Chemical Engineering",
        "name:zh": "化学工程系",
        "operator": "清华大学",
        "osm_id": 10161397405,
        "osm_type": "node",
        "wheelchair": "yes"
      },
      "type": "Feature"
    },
    {
      "geometry": {
        "coordinates": [
          116.330084,
          40.004976
        ],
        "type": "Point"
      },
      "id": "OSM-NODE-10161397406-INNOVATION",
      "properties": {
        "amenity": "research_institute",
        "evidence_status": "contextual",
        "id": "OSM-NODE-10161397406-INNOVATION",
        "layer": "innovation",
        "name": "航空航天学院",
        "name:en": "School of Aerospace",
        "name:zh": "航空航天学院",
        "operator": "清华大学",
        "osm_id": 10161397406,
        "osm_type": "node",
        "wheelchair": "yes"
      },
      "type": "Feature"
    },
    {
      "geometry": {
        "coordinates": [
          116.330076,
          40.004036
        ],
        "type": "Point"
      },
      "id": "OSM-NODE-10161397407-INNOVATION",
      "properties": {
        "amenity": "research_institute",
        "evidence_status": "contextual",
        "id": "OSM-NODE-10161397407-INNOVATION",
        "layer": "innovation",
        "name": "电子工程系",
        "name:en": "Department of Electronic Engineering",
        "name:zh": "电子工程系",
        "operator": "清华大学",
        "osm_id": 10161397407,
        "osm_type": "node",
        "wheelchair": "yes"
      },
      "type": "Feature"
    },
    {
      "geometry": {
        "coordinates": [
          116.31624,
          40.00477
        ],
        "type": "Point"
      },
      "id": "OSM-NODE-10161397410-INNOVATION",
      "properties": {
        "amenity": "research_institute",
        "evidence_status": "contextual",
        "id": "OSM-NODE-10161397410-INNOVATION",
        "layer": "innovation",
        "name": "社会科学学院",
        "name:en": "School of Social Sciences",
        "name:zh": "社会科学学院",
        "operator": "清华大学",
        "osm_id": 10161397410,
        "osm_type": "node",
        "wheelchair": "yes"
      },
      "type": "Feature"
    },
    {
      "geometry": {
        "coordinates": [
          116.315063,
          40.004719
        ],
        "type": "Point"
      },
      "id": "OSM-NODE-10161397411-INNOVATION",
      "properties": {
        "amenity": "research_institute",
        "evidence_status": "contextual",
        "id": "OSM-NODE-10161397411-INNOVATION",
        "layer": "innovation",
        "name": "马克思主义学院",
        "name:en": "School of Marxism",
        "name:zh": "马克思主义学院",
        "operator": "清华大学",
        "osm_id": 10161397411,
        "osm_type": "node",
        "wheelchair": "yes"
      },
      "type": "Feature"
    },
    {
      "geometry": {
        "coordinates": [
          116.314161,
          40.004734
        ],
        "type": "Point"
      },
      "id": "OSM-NODE-10161397412-INNOVATION",
      "properties": {
        "amenity": "research_institute",
        "evidence_status": "contextual",
        "id": "OSM-NODE-10161397412-INNOVATION",
        "layer": "innovation",
        "name": "化学系",
        "name:en": "Department of Chemistry",
        "name:zh": "化学系",
        "operator": "清华大学",
        "osm_id": 10161397412,
        "osm_type": "node",
        "wheelchair": "yes"
      },
      "type": "Feature"
    },
    {
      "geometry": {
        "coordinates": [
          116.324092,
          40.002778
        ],
        "type": "Point"
      },
      "id": "OSM-NODE-10161397413-INNOVATION",
      "properties": {
        "amenity": "research_institute",
        "evidence_status": "contextual",
        "id": "OSM-NODE-10161397413-INNOVATION",
        "layer": "innovation",
        "name": "土木工程系",
        "name:en": "Department of Civil Engineering",
        "name:zh": "土木工程系",
        "operator": "清华大学",
        "osm_id": 10161397413,
        "osm_type": "node",
        "wheelchair": "yes"
      },
      "type": "Feature"
    },
    {
      "geometry": {
        "coordinates": [
          116.322885,
          40.002283
        ],
        "type": "Point"
      },
      "id": "OSM-NODE-10161397414-INNOVATION",
      "properties": {
        "amenity": "research_institute",
        "evidence_status": "contextual",
        "id": "OSM-NODE-10161397414-INNOVATION",
        "layer": "innovation",
        "name": "中国语言文学系",
        "name:en": "Department of Chineese Language and Literature",
        "name:zh": "中国语言文学系",
        "operator": "清华大学",
        "osm_id": 10161397414,
        "osm_type": "node",
        "wheelchair": "yes"
      },
      "type": "Feature"
    },
    {
      "geometry": {
        "coordinates": [
          116.32212,
          40.002255
        ],
        "type": "Point"
      },
      "id": "OSM-NODE-10161397415-INNOVATION",
      "properties": {
        "amenity": "research_institute",
        "evidence_status": "contextual",
        "id": "OSM-NODE-10161397415-INNOVATION",
        "layer": "innovation",
        "name": "人文学院",
        "name:en": "School of Humanities",
        "name:zh": "人文学院",
        "operator": "清华大学",
        "osm_id": 10161397415,
        "osm_type": "node",
        "wheelchair": "yes"
      },
      "type": "Feature"
    },
    {
      "geometry": {
        "coordinates": [
          116.321456,
          40.000637
        ],
        "type": "Point"
      },
      "id": "OSM-NODE-10161910474-INNOVATION",
      "properties": {
        "amenity": "research_institute",
        "evidence_status": "contextual",
        "id": "OSM-NODE-10161910474-INNOVATION",
        "layer": "innovation",
        "name": "教育研究院",
        "name:en": "Institute of Education",
        "name:zh": "教育研究院",
        "operator": "清华大学",
        "osm_id": 10161910474,
        "osm_type": "node",
        "wheelchair": "yes"
      },
      "type": "Feature"
    },
    {
      "geometry": {
        "coordinates": [
          116.320946,
          40.000618
        ],
        "type": "Point"
      },
      "id": "OSM-NODE-10161910475-INNOVATION",
      "properties": {
        "amenity": "research_institute",
        "evidence_status": "contextual",
        "id": "OSM-NODE-10161910475-INNOVATION",
        "layer": "innovation",
        "name": "外国语言文学系",
        "name:en": "Department of Foreign Language and Literature",
        "name:zh": "外国语言文学系",
        "operator": "清华大学",
        "osm_id": 10161910475,
        "osm_type": "node",
        "wheelchair": "yes"
      },
      "type": "Feature"
    },
    {
      "geometry": {
        "coordinates": [
          116.319567,
          39.999872
        ],
        "type": "Point"
      },
      "id": "OSM-NODE-10161910476-INNOVATION",
      "properties": {
        "amenity": "research_institute",
        "evidence_status": "contextual",
        "id": "OSM-NODE-10161910476-INNOVATION",
        "layer": "innovation",
        "name": "能源与动力工程系",
        "name:en": "Department of Energy and Power Engineering",
        "name:zh": "能源与动力工程系",
        "operator": "清华大学",
        "osm_id": 10161910476,
        "osm_type": "node",
        "wheelchair": "yes"
      },
      "type": "Feature"
    },
    {
      "geometry": {
        "coordinates": [
          116.319368,
          40.002481
        ],
        "type": "Point"
      },
      "id": "OSM-NODE-10161910477-INNOVATION",
      "properties": {
        "amenity": "research_institute",
        "evidence_status": "contextual",
        "id": "OSM-NODE-10161910477-INNOVATION",
        "layer": "innovation",
        "name": "水力水电工程系",
        "name:en": "Department of Hydraulic Engineering",
        "name:zh": "水力水电工程系",
        "operator": "清华大学",
        "osm_id": 10161910477,
        "osm_type": "node",
        "wheelchair": "yes"
      },
      "type": "Feature"
    },
    {
      "geometry": {
        "coordinates": [
          116.319913,
          40.001797
        ],
        "type": "Point"
      },
      "id": "OSM-NODE-10161910478-INNOVATION",
      "properties": {
        "amenity": "research_institute",
        "evidence_status": "contextual",
        "id": "OSM-NODE-10161910478-INNOVATION",
        "layer": "innovation",
        "name": "新闻与传播学院",
        "name:en": "School of Journalism and Communication",
        "name:zh": "新闻与传播学院",
        "operator": "清华大学",
        "osm_id": 10161910478,
        "osm_type": "node",
        "wheelchair": "yes"
      },
      "type": "Feature"
    },
    {
      "geometry": {
        "coordinates": [
          116.314124,
          40.002932
        ],
        "type": "Point"
      },
      "id": "OSM-NODE-10161910480-INNOVATION",
      "properties": {
        "amenity": "research_institute",
        "evidence_status": "contextual",
        "id": "OSM-NODE-10161910480-INNOVATION",
        "layer": "innovation",
        "name": "生命科学学院",
        "name:en": "School of Life Sciences",
        "name:zh": "生命科学学院",
        "operator": "清华大学",
        "osm_id": 10161910480,
        "osm_type": "node",
        "wheelchair": "yes"
      },
      "type": "Feature"
    },
    {
      "geometry": {
        "coordinates": [
          116.31141,
          40.003743
        ],
        "type": "Point"
      },
      "id": "OSM-NODE-10161910481-INNOVATION",
      "properties": {
        "amenity": "research_institute",
        "evidence_status": "contextual",
        "id": "OSM-NODE-10161910481-INNOVATION",
        "layer": "innovation",
        "name": "医学院",
        "name:en": "School of Medicine",
        "name:zh": "医学院",
        "operator": "清华大学",
        "osm_id": 10161910481,
        "osm_type": "node",
        "wheelchair": "yes"
      },
      "type": "Feature"
    },
    {
      "geometry": {
        "coordinates": [
          116.311434,
          40.003388
        ],
        "type": "Point"
      },
      "id": "OSM-NODE-10161910482-INNOVATION",
      "properties": {
        "amenity": "research_institute",
        "evidence_status": "contextual",
        "id": "OSM-NODE-10161910482-INNOVATION",
        "layer": "innovation",
        "name": "药学院",
        "name:en": "School of Pharmaceutical Sciences",
        "name:zh": "药学院",
        "operator": "清华大学",
        "osm_id": 10161910482,
        "osm_type": "node",
        "wheelchair": "yes"
      },
      "type": "Feature"
    },
    {
      "geometry": {
        "coordinates": [
          116.323597,
          39.995244
        ],
        "type": "Point"
      },
      "id": "OSM-NODE-10173060212-INNOVATION",
      "properties": {
        "amenity": "research_institute",
        "evidence_status": "contextual",
        "id": "OSM-NODE-10173060212-INNOVATION",
        "layer": "innovation",
        "name": "车辆与运载学院",
        "name:en": "School of Vehicle and Mobility",
        "name:zh": "车辆与运载学院",
        "operator": "清华大学",
        "osm_id": 10173060212,
        "osm_type": "node",
        "wheelchair": "yes"
      },
      "type": "Feature"
    },
    {
      "geometry": {
        "coordinates": [
          116.323003,
          39.995566
        ],
        "type": "Point"
      },
      "id": "OSM-NODE-10173060213-INNOVATION",
      "properties": {
        "amenity": "research_institute",
        "evidence_status": "contextual",
        "id": "OSM-NODE-10173060213-INNOVATION",
        "layer": "innovation",
        "name": "机械工程系",
        "name:en": "Department of Mechanical Engineering",
        "name:zh": "机械工程系",
        "operator": "清华大学",
        "osm_id": 10173060213,
        "osm_type": "node",
        "wheelchair": "yes"
      },
      "type": "Feature"
    },
    {
      "geometry": {
        "coordinates": [
          116.322997,
          39.996321
        ],
        "type": "Point"
      },
      "id": "OSM-NODE-10173060214-INNOVATION",
      "properties": {
        "amenity": "research_institute",
        "evidence_status": "contextual",
        "id": "OSM-NODE-10173060214-INNOVATION",
        "layer": "innovation",
        "name": "核能与新能源技术研究院",
        "name:en": "Institute of Nuclear and New Energy Technology",
        "name:zh": "核能与新能源技术研究院",
        "operator": "清华大学",
        "osm_id": 10173060214,
        "osm_type": "node",
        "wheelchair": "yes"
      },
      "type": "Feature"
    },
    {
      "geometry": {
        "coordinates": [
          116.324263,
          39.996518
        ],
        "type": "Point"
      },
      "id": "OSM-NODE-10173060215-INNOVATION",
      "properties": {
        "amenity": "research_institute",
        "evidence_status": "contextual",
        "id": "OSM-NODE-10173060215-INNOVATION",
        "layer": "innovation",
        "name": "精密仪器系",
        "name:en": "Department of Precision Instrument",
        "name:zh": "精密仪器系",
        "operator": "清华大学",
        "osm_id": 10173060215,
        "osm_type": "node",
        "wheelchair": "yes"
      },
      "type": "Feature"
    },
    {
      "geometry": {
        "coordinates": [
          116.325977,
          39.996877
        ],
        "type": "Point"
      },
      "id": "OSM-NODE-10173060216-INNOVATION",
      "properties": {
        "amenity": "research_institute",
        "evidence_status": "contextual",
        "id": "OSM-NODE-10173060216-INNOVATION",
        "layer": "innovation",
        "name": "法学院",
        "name:en": "School of Law",
        "name:zh": "法学院",
        "operator": "清华大学",
        "osm_id": 10173060216,
        "osm_type": "node",
        "wheelchair": "yes"
      },
      "type": "Feature"
    },
    {
      "geometry": {
        "coordinates": [
          116.324708,
          39.998498
        ],
        "type": "Point"
      },
      "id": "OSM-NODE-10173071017-INNOVATION",
      "properties": {
        "amenity": "research_institute",
        "evidence_status": "contextual",
        "id": "OSM-NODE-10173071017-INNOVATION",
        "layer": "innovation",
        "name": "工业工程系",
        "name:en": "Department of Industrial Engineering",
        "name:zh": "工业工程系",
        "operator": "清华大学",
        "osm_id": 10173071017,
        "osm_type": "node",
        "wheelchair": "yes"
      },
      "type": "Feature"
    },
    {
      "geometry": {
        "coordinates": [
          116.327004,
          39.998247
        ],
        "type": "Point"
      },
      "id": "OSM-NODE-10173071018-INNOVATION",
      "properties": {
        "amenity": "research_institute",
        "evidence_status": "contextual",
        "id": "OSM-NODE-10173071018-INNOVATION",
        "layer": "innovation",
        "name": "建筑学院",
        "name:en": "School of Architecture",
        "name:zh": "建筑学院",
        "operator": "清华大学",
        "osm_id": 10173071018,
        "osm_type": "node",
        "wheelchair": "yes"
      },
      "type": "Feature"
    },
    {
      "geometry": {
        "coordinates": [
          116.327417,
          39.997123
        ],
        "type": "Point"
      },
      "id": "OSM-NODE-10173071019-INNOVATION",
      "properties": {
        "amenity": "research_institute",
        "evidence_status": "contextual",
        "id": "OSM-NODE-10173071019-INNOVATION",
        "layer": "innovation",
        "name": "材料学院",
        "name:en": "School of Materials Sciences and Engineering",
        "name:zh": "材料学院",
        "operator": "清华大学",
        "osm_id": 10173071019,
        "osm_type": "node",
        "wheelchair": "yes"
      },
      "type": "Feature"
    },
    {
      "geometry": {
        "coordinates": [
          116.328499,
          39.996825
        ],
        "type": "Point"
      },
      "id": "OSM-NODE-10173071020-INNOVATION",
      "properties": {
        "amenity": "research_institute",
        "evidence_status": "contextual",
        "id": "OSM-NODE-10173071020-INNOVATION",
        "layer": "innovation",
        "name": "环境学院",
        "name:en": "School of Environment",
        "name:zh": "环境学院",
        "operator": "清华大学",
        "osm_id": 10173071020,
        "osm_type": "node",
        "wheelchair": "yes"
      },
      "type": "Feature"
    },
    {
      "geometry": {
        "coordinates": [
          116.328778,
          39.998435
        ],
        "type": "Point"
      },
      "id": "OSM-NODE-10173071022-INNOVATION",
      "properties": {
        "amenity": "research_institute",
        "evidence_status": "contextual",
        "id": "OSM-NODE-10173071022-INNOVATION",
        "layer": "innovation",
        "name": "美术学院",
        "name:en": "Academy of Arts & Design",
        "name:zh": "美术学院",
        "operator": "清华大学",
        "osm_id": 10173071022,
        "osm_type": "node",
        "wheelchair": "yes"
      },
      "type": "Feature"
    },
    {
      "geometry": {
        "coordinates": [
          116.321005,
          39.99839
        ],
        "type": "Point"
      },
      "id": "OSM-NODE-10198894138-INNOVATION",
      "properties": {
        "amenity": "university",
        "evidence_status": "contextual",
        "id": "OSM-NODE-10198894138-INNOVATION",
        "layer": "innovation",
        "name": "清华园老龄大学",
        "name:zh": "清华园老龄大学",
        "osm_id": 10198894138,
        "osm_type": "node",
        "wheelchair": "yes"
      },
      "type": "Feature"
    },
    {
      "geometry": {
        "coordinates": [
          116.302879,
          39.995192
        ],
        "type": "Point"
      },
      "id": "OSM-NODE-10295028970-INNOVATION",
      "properties": {
        "evidence_status": "contextual",
        "id": "OSM-NODE-10295028970-INNOVATION",
        "layer": "innovation",
        "name": "建筑学研究中心",
        "name:en": "Graduate Center of Architecture",
        "name:zh": "建筑学研究中心",
        "office": "research",
        "operator": "北京大学",
        "osm_id": 10295028970,
        "osm_type": "node",
        "wheelchair": "yes"
      },
      "type": "Feature"
    },
    {
      "geometry": {
        "coordinates": [
          116.303419,
          39.99626
        ],
        "type": "Point"
      },
      "id": "OSM-NODE-10295028971-INNOVATION",
      "properties": {
        "evidence_status": "contextual",
        "id": "OSM-NODE-10295028971-INNOVATION",
        "layer": "innovation",
        "name": "中国诗歌研究院",
        "name:en": "The Institute of Poetry Studies",
        "name:zh": "中国诗歌研究院",
        "office": "research",
        "operator": "北京大学",
        "osm_id": 10295028971,
        "osm_type": "node",
        "wheelchair": "yes"
      },
      "type": "Feature"
    },
    {
      "geometry": {
        "coordinates": [
          116.30294,
          39.996451
        ],
        "type": "Point"
      },
      "id": "OSM-NODE-10295028972-INNOVATION",
      "properties": {
        "evidence_status": "contextual",
        "id": "OSM-NODE-10295028972-INNOVATION",
        "layer": "innovation",
        "name": "中国画法研究院",
        "name:en": "The Institute of Art of Chinese Painting",
        "name:zh": "中国画法研究院",
        "office": "research",
        "operator": "北京大学",
        "osm_id": 10295028972,
        "osm_type": "node",
        "wheelchair": "yes"
      },
      "type": "Feature"
    },
    {
      "geometry": {
        "coordinates": [
          116.303567,
          39.996427
        ],
        "type": "Point"
      },
      "id": "OSM-NODE-10295028973-INNOVATION",
      "properties": {
        "evidence_status": "contextual",
        "id": "OSM-NODE-10295028973-INNOVATION",
        "layer": "innovation",
        "name": "斯坦福中心",
        "name:en": "Stanford Center",
        "name:zh": "斯坦福中心",
        "office": "research",
        "operator": "北京大学",
        "osm_id": 10295028973,
        "osm_type": "node",
        "wheelchair": "yes"
      },
      "type": "Feature"
    },
    {
      "geometry": {
        "coordinates": [
          116.303331,
          39.996675
        ],
        "type": "Point"
      },
      "id": "OSM-NODE-10295028974-INNOVATION",
      "properties": {
        "evidence_status": "contextual",
        "id": "OSM-NODE-10295028974-INNOVATION",
        "layer": "innovation",
        "name": "中国古代史研究中心",
        "name:en": "Center for Research on Ancient Chinese History",
        "name:zh": "中国古代史研究中心",
        "office": "research",
        "operator": "北京大学",
        "osm_id": 10295028974,
        "osm_type": "node",
        "wheelchair": "yes"
      },
      "type": "Feature"
    },
    {
      "geometry": {
        "coordinates": [
          116.303846,
          39.996477
        ],
        "type": "Point"
      },
      "id": "OSM-NODE-10295028975-INNOVATION",
      "properties": {
        "evidence_status": "contextual",
        "id": "OSM-NODE-10295028975-INNOVATION",
        "layer": "innovation",
        "name": "国家发展研究院",
        "name:en": "National School of Development",
        "name:zh": "国家发展研究院",
        "office": "research",
        "operator": "北京大学",
        "osm_id": 10295028975,
        "osm_type": "node",
        "wheelchair": "yes"
      },
      "type": "Feature"
    },
    {
      "geometry": {
        "coordinates": [
          116.301905,
          39.994697
        ],
        "type": "Point"
      },
      "id": "OSM-NODE-10295031067-INNOVATION",
      "properties": {
        "evidence_status": "contextual",
        "id": "OSM-NODE-10295031067-INNOVATION",
        "layer": "innovation",
        "name": "北京国际数学研究中心",
        "name:en": "Beijing International Center for Mathematical Research",
        "name:zh": "北京国际数学研究中心",
        "office": "research",
        "operator": "北京大学",
        "osm_id": 10295031067,
        "osm_type": "node",
        "wheelchair": "yes"
      },
      "type": "Feature"
    },
    {
      "geometry": {
        "coordinates": [
          116.324281,
          39.993018
        ],
        "type": "Point"
      },
      "id": "OSM-NODE-10707336569-INNOVATION",
      "properties": {
        "evidence_status": "contextual",
        "id": "OSM-NODE-10707336569-INNOVATION",
        "layer": "innovation",
        "name": "清华幸福科技实验室",
        "office": "research",
        "osm_id": 10707336569,
        "osm_type": "node"
      },
      "type": "Feature"
    },
    {
      "geometry": {
        "coordinates": [
          116.328901,
          39.998517
        ],
        "type": "Point"
      },
      "id": "OSM-NODE-11106067177-INNOVATION",
      "properties": {
        "amenity": "library",
        "evidence_status": "contextual",
        "id": "OSM-NODE-11106067177-INNOVATION",
        "layer": "innovation",
        "name": "美术学院图书馆",
        "osm_id": 11106067177,
        "osm_type": "node"
      },
      "type": "Feature"
    },
    {
      "geometry": {
        "coordinates": [
          116.306011,
          39.988582
        ],
        "type": "Point"
      },
      "id": "OSM-NODE-11135733624-INNOVATION",
      "properties": {
        "amenity": "college",
        "evidence_status": "contextual",
        "id": "OSM-NODE-11135733624-INNOVATION",
        "layer": "innovation",
        "name": "数学科学学院",
        "osm_id": 11135733624,
        "osm_type": "node"
      },
      "type": "Feature"
    },
    {
      "geometry": {
        "coordinates": [
          116.329355,
          40.002624
        ],
        "type": "Point"
      },
      "id": "OSM-NODE-11680968026-INNOVATION",
      "properties": {
        "evidence_status": "contextual",
        "id": "OSM-NODE-11680968026-INNOVATION",
        "layer": "innovation",
        "name": "安全科学学院",
        "office": "research",
        "osm_id": 11680968026,
        "osm_type": "node"
      },
      "type": "Feature"
    },
    {
      "geometry": {
        "coordinates": [
          116.348702,
          39.981164
        ],
        "type": "Point"
      },
      "id": "OSM-NODE-12171070459-INNOVATION",
      "properties": {
        "amenity": "college",
        "evidence_status": "contextual",
        "id": "OSM-NODE-12171070459-INNOVATION",
        "layer": "innovation",
        "name": "公共卫生学院",
        "osm_id": 12171070459,
        "osm_type": "node"
      },
      "type": "Feature"
    },
    {
      "geometry": {
        "coordinates": [
          116.348677,
          39.981778
        ],
        "type": "Point"
      },
      "id": "OSM-NODE-12171070460-INNOVATION",
      "properties": {
        "amenity": "college",
        "evidence_status": "contextual",
        "id": "OSM-NODE-12171070460-INNOVATION",
        "layer": "innovation",
        "name": "护理学院",
        "osm_id": 12171070460,
        "osm_type": "node"
      },
      "type": "Feature"
    },
    {
      "geometry": {
        "coordinates": [
          116.352461,
          39.982945
        ],
        "type": "Point"
      },
      "id": "OSM-NODE-12172339777-INNOVATION",
      "properties": {
        "amenity": "college",
        "evidence_status": "contextual",
        "id": "OSM-NODE-12172339777-INNOVATION",
        "layer": "innovation",
        "name": "医学人文学院",
        "osm_id": 12172339777,
        "osm_type": "node"
      },
      "type": "Feature"
    },
    {
      "geometry": {
        "coordinates": [
          116.351631,
          39.982277
        ],
        "type": "Point"
      },
      "id": "OSM-NODE-12172339778-INNOVATION",
      "properties": {
        "amenity": "college",
        "evidence_status": "contextual",
        "id": "OSM-NODE-12172339778-INNOVATION",
        "layer": "innovation",
        "name": "药学院",
        "osm_id": 12172339778,
        "osm_type": "node"
      },
      "type": "Feature"
    },
    {
      "geometry": {
        "coordinates": [
          116.317626,
          39.993521
        ],
        "type": "Point"
      },
      "id": "OSM-NODE-12441654735-INNOVATION",
      "properties": {
        "amenity": "library",
        "evidence_status": "contextual",
        "id": "OSM-NODE-12441654735-INNOVATION",
        "layer": "innovation",
        "name": "清华附小图书馆",
        "osm_id": 12441654735,
        "osm_type": "node"
      },
      "type": "Feature"
    },
    {
      "geometry": {
        "coordinates": [
          116.334043,
          40.009186
        ],
        "type": "Point"
      },
      "id": "OSM-NODE-12610171692-INNOVATION",
      "properties": {
        "amenity": "university",
        "evidence_status": "contextual",
        "id": "OSM-NODE-12610171692-INNOVATION",
        "layer": "innovation",
        "name": "明志斋",
        "name:en": "Mingzhizhai",
        "name:zh": "明志斋",
        "operator": "清华大学求真书院",
        "osm_id": 12610171692,
        "osm_type": "node"
      },
      "type": "Feature"
    },
    {
      "geometry": {
        "coordinates": [
          116.334012,
          40.00912
        ],
        "type": "Point"
      },
      "id": "OSM-NODE-12610171693-INNOVATION",
      "properties": {
        "amenity": "university",
        "evidence_status": "contextual",
        "id": "OSM-NODE-12610171693-INNOVATION",
        "layer": "innovation",
        "name": "清华大学继续教育学院（双清综合楼）",
        "operator": "清华大学",
        "osm_id": 12610171693,
        "osm_type": "node"
      },
      "type": "Feature"
    },
    {
      "geometry": {
        "coordinates": [
          116.315973,
          40.00666
        ],
        "type": "Point"
      },
      "id": "OSM-NODE-12713761330-INNOVATION",
      "properties": {
        "amenity": "college",
        "evidence_status": "contextual",
        "id": "OSM-NODE-12713761330-INNOVATION",
        "layer": "innovation",
        "name": "清华大学天文系",
        "osm_id": 12713761330,
        "osm_type": "node"
      },
      "type": "Feature"
    },
    {
      "geometry": {
        "coordinates": [
          116.351893,
          39.961741
        ],
        "type": "Point"
      },
      "id": "OSM-NODE-12735976944-INNOVATION",
      "properties": {
        "amenity": "library",
        "evidence_status": "contextual",
        "id": "OSM-NODE-12735976944-INNOVATION",
        "layer": "innovation",
        "name": "档案馆",
        "osm_id": 12735976944,
        "osm_type": "node"
      },
      "type": "Feature"
    },
    {
      "geometry": {
        "coordinates": [
          116.37866,
          40.003028
        ],
        "type": "Point"
      },
      "id": "OSM-NODE-12745364374-INNOVATION",
      "properties": {
        "amenity": "library",
        "evidence_status": "contextual",
        "id": "OSM-NODE-12745364374-INNOVATION",
        "layer": "innovation",
        "osm_id": 12745364374,
        "osm_type": "node"
      },
      "type": "Feature"
    },
    {
      "geometry": {
        "coordinates": [
          116.351868,
          39.961082
        ],
        "type": "Point"
      },
      "id": "OSM-NODE-12759299441-INNOVATION",
      "properties": {
        "evidence_status": "contextual",
        "id": "OSM-NODE-12759299441-INNOVATION",
        "layer": "innovation",
        "name": "科学技术研究院",
        "office": "research",
        "osm_id": 12759299441,
        "osm_type": "node"
      },
      "type": "Feature"
    },
    {
      "geometry": {
        "coordinates": [
          116.315356,
          40.006624
        ],
        "type": "Point"
      },
      "id": "OSM-NODE-12767920012-INNOVATION",
      "properties": {
        "amenity": "college",
        "evidence_status": "contextual",
        "id": "OSM-NODE-12767920012-INNOVATION",
        "layer": "innovation",
        "name": "清华大学物理系",
        "osm_id": 12767920012,
        "osm_type": "node"
      },
      "type": "Feature"
    },
    {
      "geometry": {
        "coordinates": [
          116.346284,
          39.981309
        ],
        "type": "Point"
      },
      "id": "OSM-NODE-12798083648-INNOVATION",
      "properties": {
        "evidence_status": "contextual",
        "id": "OSM-NODE-12798083648-INNOVATION",
        "layer": "innovation",
        "name": "太阳能物理研究室",
        "office": "research",
        "osm_id": 12798083648,
        "osm_type": "node"
      },
      "type": "Feature"
    },
    {
      "geometry": {
        "coordinates": [
          116.361496,
          39.960059
        ],
        "type": "Point"
      },
      "id": "OSM-NODE-12865883372-INNOVATION",
      "properties": {
        "amenity": "college",
        "evidence_status": "contextual",
        "id": "OSM-NODE-12865883372-INNOVATION",
        "layer": "innovation",
        "name": "人工智能学院",
        "osm_id": 12865883372,
        "osm_type": "node"
      },
      "type": "Feature"
    },
    {
      "geometry": {
        "coordinates": [
          116.328642,
          40.002507
        ],
        "type": "Point"
      },
      "id": "OSM-NODE-13032958255-INNOVATION",
      "properties": {
        "amenity": "research_institute",
        "evidence_status": "contextual",
        "id": "OSM-NODE-13032958255-INNOVATION",
        "layer": "innovation",
        "name": "计算机系",
        "operator": "清华大学",
        "osm_id": 13032958255,
        "osm_type": "node"
      },
      "type": "Feature"
    },
    {
      "geometry": {
        "coordinates": [
          116.38348,
          40.006184
        ],
        "type": "Point"
      },
      "id": "OSM-NODE-13036589701-INNOVATION",
      "properties": {
        "amenity": "library",
        "evidence_status": "contextual",
        "id": "OSM-NODE-13036589701-INNOVATION",
        "layer": "innovation",
        "name": "国图书店(亚洲金融大厦店)",
        "opening_hours": "Mo-Su 09:00-20:00",
        "osm_id": 13036589701,
        "osm_type": "node"
      },
      "type": "Feature"
    },
    {
      "geometry": {
        "coordinates": [
          116.343432,
          39.965381
        ],
        "type": "Point"
      },
      "id": "OSM-NODE-13094881806-INNOVATION",
      "properties": {
        "amenity": "college",
        "evidence_status": "contextual",
        "id": "OSM-NODE-13094881806-INNOVATION",
        "layer": "innovation",
        "name": "中国政法大学研究生院",
        "osm_id": 13094881806,
        "osm_type": "node"
      },
      "type": "Feature"
    },
    {
      "geometry": {
        "coordinates": [
          116.343538,
          39.965382
        ],
        "type": "Point"
      },
      "id": "OSM-NODE-13094881807-INNOVATION",
      "properties": {
        "amenity": "college",
        "evidence_status": "contextual",
        "id": "OSM-NODE-13094881807-INNOVATION",
        "layer": "innovation",
        "name": "中国政法大学博士后流动站",
        "osm_id": 13094881807,
        "osm_type": "node"
      },
      "type": "Feature"
    },
    {
      "geometry": {
        "coordinates": [
          116.343564,
          39.96506
        ],
        "type": "Point"
      },
      "id": "OSM-NODE-13094881808-INNOVATION",
      "properties": {
        "amenity": "college",
        "evidence_status": "contextual",
        "id": "OSM-NODE-13094881808-INNOVATION",
        "layer": "innovation",
        "name": "司法考试学院",
        "osm_id": 13094881808,
        "osm_type": "node"
      },
      "type": "Feature"
    },
    {
      "geometry": {
        "coordinates": [
          116.343694,
          39.96471
        ],
        "type": "Point"
      },
      "id": "OSM-NODE-13094881809-INNOVATION",
      "properties": {
        "evidence_status": "contextual",
        "id": "OSM-NODE-13094881809-INNOVATION",
        "layer": "innovation",
        "name": "中国法律信息中心",
        "office": "research",
        "osm_id": 13094881809,
        "osm_type": "node"
      },
      "type": "Feature"
    },
    {
      "geometry": {
        "coordinates": [
          116.343939,
          39.964295
        ],
        "type": "Point"
      },
      "id": "OSM-NODE-13094881832-INNOVATION",
      "properties": {
        "evidence_status": "contextual",
        "id": "OSM-NODE-13094881832-INNOVATION",
        "layer": "innovation",
        "name": "法治政府研究院",
        "office": "research",
        "osm_id": 13094881832,
        "osm_type": "node"
      },
      "type": "Feature"
    },
    {
      "geometry": {
        "coordinates": [
          116.343618,
          39.965073
        ],
        "type": "Point"
      },
      "id": "OSM-NODE-13094881833-INNOVATION",
      "properties": {
        "amenity": "college",
        "evidence_status": "contextual",
        "id": "OSM-NODE-13094881833-INNOVATION",
        "layer": "innovation",
        "name": "网络教育学院",
        "osm_id": 13094881833,
        "osm_type": "node"
      },
      "type": "Feature"
    },
    {
      "geometry": {
        "coordinates": [
          116.344774,
          39.964479
        ],
        "type": "Point"
      },
      "id": "OSM-NODE-13094881858-INNOVATION",
      "properties": {
        "amenity": "college",
        "evidence_status": "contextual",
        "id": "OSM-NODE-13094881858-INNOVATION",
        "layer": "innovation",
        "name": "社会学院",
        "osm_id": 13094881858,
        "osm_type": "node"
      },
      "type": "Feature"
    },
    {
      "geometry": {
        "coordinates": [
          116.346143,
          39.963685
        ],
        "type": "Point"
      },
      "id": "OSM-NODE-13094881891-INNOVATION",
      "properties": {
        "evidence_status": "contextual",
        "id": "OSM-NODE-13094881891-INNOVATION",
        "layer": "innovation",
        "name": "中国政法大学吉林大学武汉大学司法文明协同创新中心",
        "office": "research",
        "osm_id": 13094881891,
        "osm_type": "node"
      },
      "type": "Feature"
    },
    {
      "geometry": {
        "coordinates": [
          116.328621,
          40.003417
        ],
        "type": "Point"
      },
      "id": "OSM-NODE-13566750355-INNOVATION",
      "properties": {
        "evidence_status": "contextual",
        "id": "OSM-NODE-13566750355-INNOVATION",
        "layer": "innovation",
        "name": "集成电路学院",
        "office": "research",
        "osm_id": 13566750355,
        "osm_type": "node"
      },
      "type": "Feature"
    },
    {
      "geometry": {
        "coordinates": [
          116.328686,
          40.003418
        ],
        "type": "Point"
      },
      "id": "OSM-NODE-13566750356-INNOVATION",
      "properties": {
        "evidence_status": "contextual",
        "id": "OSM-NODE-13566750356-INNOVATION",
        "layer": "innovation",
        "name": "软件学院",
        "office": "research",
        "osm_id": 13566750356,
        "osm_type": "node"
      },
      "type": "Feature"
    },
    {
      "geometry": {
        "coordinates": [
          116.313581,
          39.946103
        ],
        "type": "Point"
      },
      "id": "OSM-NODE-13657438806-INNOVATION",
      "properties": {
        "amenity": "library",
        "evidence_status": "contextual",
        "id": "OSM-NODE-13657438806-INNOVATION",
        "layer": "innovation",
        "name": "北京舞蹈学院图书馆",
        "osm_id": 13657438806,
        "osm_type": "node"
      },
      "type": "Feature"
    },
    {
      "geometry": {
        "coordinates": [
          116.338391,
          39.98586
        ],
        "type": "Point"
      },
      "id": "OSM-NODE-1367428477-INNOVATION",
      "properties": {
        "amenity": "college",
        "evidence_status": "contextual",
        "id": "OSM-NODE-1367428477-INNOVATION",
        "layer": "innovation",
        "name": "北京市海淀区职业学校",
        "name:zh": "北京市海淀区职业学校",
        "osm_id": 1367428477,
        "osm_type": "node"
      },
      "type": "Feature"
    },
    {
      "geometry": {
        "coordinates": [
          116.306912,
          39.989453
        ],
        "type": "Point"
      },
      "id": "OSM-NODE-1375337648-INNOVATION",
      "properties": {
        "evidence_status": "contextual",
        "id": "OSM-NODE-1375337648-INNOVATION",
        "layer": "innovation",
        "office": "research",
        "osm_id": 1375337648,
        "osm_type": "node"
      },
      "type": "Feature"
    },
    {
      "geometry": {
        "coordinates": [
          116.379055,
          39.9962
        ],
        "type": "Point"
      },
      "id": "OSM-NODE-13982873609-INNOVATION",
      "properties": {
        "amenity": "library",
        "evidence_status": "contextual",
        "id": "OSM-NODE-13982873609-INNOVATION",
        "layer": "innovation",
        "name": "奥运村街道图书馆分馆",
        "osm_id": 13982873609,
        "osm_type": "node"
      },
      "type": "Feature"
    },
    {
      "geometry": {
        "coordinates": [
          116.330889,
          39.978406
        ],
        "type": "Point"
      },
      "id": "OSM-NODE-14063263901-INNOVATION",
      "properties": {
        "amenity": "college",
        "evidence_status": "contextual",
        "id": "OSM-NODE-14063263901-INNOVATION",
        "layer": "innovation",
        "name": "中国科学院软件研究所",
        "name:en": "Institute of Software, Chinese Academy of Sciences",
        "osm_id": 14063263901,
        "osm_type": "node"
      },
      "type": "Feature"
    },
    {
      "geometry": {
        "coordinates": [
          116.336249,
          39.952335
        ],
        "type": "Point"
      },
      "id": "OSM-NODE-14074228232-INNOVATION",
      "properties": {
        "amenity": "college",
        "evidence_status": "contextual",
        "id": "OSM-NODE-14074228232-INNOVATION",
        "layer": "innovation",
        "name": "马克思主义学院",
        "osm_id": 14074228232,
        "osm_type": "node"
      },
      "type": "Feature"
    },
    {
      "geometry": {
        "coordinates": [
          116.357714,
          40.000634
        ],
        "type": "Point"
      },
      "id": "OSM-NODE-1732799822-INNOVATION",
      "properties": {
        "amenity": "college",
        "evidence_status": "contextual",
        "id": "OSM-NODE-1732799822-INNOVATION",
        "layer": "innovation",
        "name": "中国人民大学继续教育学院",
        "name:zh": "中国人民大学继续教育学院",
        "osm_id": 1732799822,
        "osm_type": "node"
      },
      "type": "Feature"
    },
    {
      "geometry": {
        "coordinates": [
          116.375675,
          40.001865
        ],
        "type": "Point"
      },
      "id": "OSM-NODE-1732871918-INNOVATION",
      "properties": {
        "amenity": "research_institute",
        "evidence_status": "contextual",
        "id": "OSM-NODE-1732871918-INNOVATION",
        "layer": "innovation",
        "name": "中国科学院动物研究所",
        "name:zh": "中国科学院动物研究所",
        "osm_id": 1732871918,
        "osm_type": "node"
      },
      "type": "Feature"
    },
    {
      "geometry": {
        "coordinates": [
          116.343091,
          39.968763
        ],
        "type": "Point"
      },
      "id": "OSM-NODE-1743112504-INNOVATION",
      "properties": {
        "amenity": "college",
        "evidence_status": "contextual",
        "id": "OSM-NODE-1743112504-INNOVATION",
        "layer": "innovation",
        "name": "首都体育学院",
        "name:zh": "首都体育学院",
        "osm_id": 1743112504,
        "osm_type": "node"
      },
      "type": "Feature"
    },
    {
      "geometry": {
        "coordinates": [
          116.321138,
          40.053405
        ],
        "type": "Point"
      },
      "id": "OSM-NODE-2345946148-INNOVATION",
      "properties": {
        "amenity": "college",
        "evidence_status": "contextual",
        "id": "OSM-NODE-2345946148-INNOVATION",
        "layer": "innovation",
        "name": "中国地震局地壳应力研究所",
        "osm_id": 2345946148,
        "osm_type": "node"
      },
      "type": "Feature"
    },
    {
      "geometry": {
        "coordinates": [
          116.328872,
          39.981363
        ],
        "type": "Point"
      },
      "id": "OSM-NODE-3196516822-INNOVATION",
      "properties": {
        "amenity": "university",
        "evidence_status": "contextual",
        "id": "OSM-NODE-3196516822-INNOVATION",
        "layer": "innovation",
        "name": "中国科学院大学中关村校区",
        "name:zh": "中国科学院大学中关村校区",
        "operator": "中国科学院大学",
        "osm_id": 3196516822,
        "osm_type": "node",
        "wheelchair": "yes"
      },
      "type": "Feature"
    },
    {
      "geometry": {
        "coordinates": [
          116.378679,
          40.002875
        ],
        "type": "Point"
      },
      "id": "OSM-NODE-3927260107-INNOVATION",
      "properties": {
        "amenity": "research_institute",
        "evidence_status": "contextual",
        "id": "OSM-NODE-3927260107-INNOVATION",
        "layer": "innovation",
        "name": "中国科学院国家天文台",
        "name:en": "National Astronomical Observatories, CAS",
        "name:zh": "中国科学院国家天文台",
        "operator": "中国科学院",
        "osm_id": 3927260107,
        "osm_type": "node",
        "wheelchair": "yes"
      },
      "type": "Feature"
    },
    {
      "geometry": {
        "coordinates": [
          116.33089,
          39.980855
        ],
        "type": "Point"
      },
      "id": "OSM-NODE-3927272463-INNOVATION",
      "properties": {
        "evidence_status": "contextual",
        "id": "OSM-NODE-3927272463-INNOVATION",
        "layer": "innovation",
        "name": "中国科学院国家空间科学中心",
        "name:en": "National Space Science Center, CAS",
        "name:zh": "中国科学院国家空间科学中心",
        "office": "research",
        "osm_id": 3927272463,
        "osm_type": "node"
      },
      "type": "Feature"
    },
    {
      "geometry": {
        "coordinates": [
          116.331053,
          39.980786
        ],
        "type": "Point"
      },
      "id": "OSM-NODE-3928841213-INNOVATION",
      "properties": {
        "evidence_status": "contextual",
        "id": "OSM-NODE-3928841213-INNOVATION",
        "layer": "innovation",
        "name": "中国空间科学学会",
        "name:zh": "中国空间科学学会",
        "office": "research",
        "osm_id": 3928841213,
        "osm_type": "node"
      },
      "type": "Feature"
    },
    {
      "geometry": {
        "coordinates": [
          116.346032,
          39.984515
        ],
        "type": "Point"
      },
      "id": "OSM-NODE-395214553-INNOVATION",
      "properties": {
        "amenity": "college",
        "evidence_status": "contextual",
        "id": "OSM-NODE-395214553-INNOVATION",
        "layer": "innovation",
        "name": "世宁大厦",
        "name:zh": "世宁大厦",
        "osm_id": 395214553,
        "osm_type": "node"
      },
      "type": "Feature"
    },
    {
      "geometry": {
        "coordinates": [
          116.318767,
          39.935372
        ],
        "type": "Point"
      },
      "id": "OSM-NODE-4229662234-INNOVATION",
      "properties": {
        "evidence_status": "contextual",
        "id": "OSM-NODE-4229662234-INNOVATION",
        "layer": "innovation",
        "name": "公安部第一研究所",
        "office": "research",
        "osm_id": 4229662234,
        "osm_type": "node"
      },
      "type": "Feature"
    },
    {
      "geometry": {
        "coordinates": [
          116.312784,
          40.003989
        ],
        "type": "Point"
      },
      "id": "OSM-NODE-4481615165-INNOVATION",
      "properties": {
        "amenity": "research_institute",
        "evidence_status": "contextual",
        "id": "OSM-NODE-4481615165-INNOVATION",
        "layer": "innovation",
        "name": "数学科学系",
        "name:en": "Department of Mathematical Sciences",
        "name:zh": "数学科学系",
        "osm_id": 4481615165,
        "osm_type": "node",
        "wheelchair": "yes"
      },
      "type": "Feature"
    },
    {
      "geometry": {
        "coordinates": [
          116.313885,
          40.003994
        ],
        "type": "Point"
      },
      "id": "OSM-NODE-4481615166-INNOVATION",
      "properties": {
        "amenity": "research_institute",
        "evidence_status": "contextual",
        "id": "OSM-NODE-4481615166-INNOVATION",
        "layer": "innovation",
        "name": "物理系",
        "name:en": "Department of Physics",
        "name:zh": "物理系",
        "osm_id": 4481615166,
        "osm_type": "node"
      },
      "type": "Feature"
    },
    {
      "geometry": {
        "coordinates": [
          116.341418,
          40.038798
        ],
        "type": "Point"
      },
      "id": "OSM-NODE-5107735324-INNOVATION",
      "properties": {
        "amenity": "college",
        "evidence_status": "contextual",
        "id": "OSM-NODE-5107735324-INNOVATION",
        "layer": "innovation",
        "name:en": "CEPRI China Electric Power Research Institute (State Grid)",
        "operator": "SGCC State Grid Corporation of China",
        "osm_id": 5107735324,
        "osm_type": "node"
      },
      "type": "Feature"
    },
    {
      "geometry": {
        "coordinates": [
          116.361049,
          39.957889
        ],
        "type": "Point"
      },
      "id": "OSM-NODE-5136949081-INNOVATION",
      "properties": {
        "amenity": "college",
        "evidence_status": "contextual",
        "id": "OSM-NODE-5136949081-INNOVATION",
        "layer": "innovation",
        "name": "天文学系",
        "name:zh": "天文学系",
        "osm_id": 5136949081,
        "osm_type": "node"
      },
      "type": "Feature"
    },
    {
      "geometry": {
        "coordinates": [
          116.361271,
          39.957881
        ],
        "type": "Point"
      },
      "id": "OSM-NODE-5136949082-INNOVATION",
      "properties": {
        "amenity": "college",
        "evidence_status": "contextual",
        "id": "OSM-NODE-5136949082-INNOVATION",
        "layer": "innovation",
        "name": "物理学系",
        "name:zh": "物理学系",
        "osm_id": 5136949082,
        "osm_type": "node"
      },
      "type": "Feature"
    },
    {
      "geometry": {
        "coordinates": [
          116.379532,
          40.001267
        ],
        "type": "Point"
      },
      "id": "OSM-NODE-5187466858-INNOVATION",
      "properties": {
        "evidence_status": "contextual",
        "id": "OSM-NODE-5187466858-INNOVATION",
        "layer": "innovation",
        "name": "地球科学数据共享网",
        "name:zh": "地球科学数据共享网",
        "office": "research",
        "opening_hours": "Mo-Su 09:00-21:00",
        "osm_id": 5187466858,
        "osm_type": "node"
      },
      "type": "Feature"
    },
    {
      "geometry": {
        "coordinates": [
          116.350411,
          39.983998
        ],
        "type": "Point"
      },
      "id": "OSM-NODE-5257082242-INNOVATION",
      "properties": {
        "amenity": "college",
        "evidence_status": "contextual",
        "id": "OSM-NODE-5257082242-INNOVATION",
        "layer": "innovation",
        "name": "第四教室",
        "name:zh": "第四教室",
        "osm_id": 5257082242,
        "osm_type": "node"
      },
      "type": "Feature"
    },
    {
      "geometry": {
        "coordinates": [
          116.351637,
          39.984057
        ],
        "type": "Point"
      },
      "id": "OSM-NODE-5257082243-INNOVATION",
      "properties": {
        "amenity": "college",
        "evidence_status": "contextual",
        "id": "OSM-NODE-5257082243-INNOVATION",
        "layer": "innovation",
        "name": "第三教室",
        "name:zh": "第三教室",
        "osm_id": 5257082243,
        "osm_type": "node"
      },
      "type": "Feature"
    },
    {
      "geometry": {
        "coordinates": [
          116.351763,
          39.981824
        ],
        "type": "Point"
      },
      "id": "OSM-NODE-5257147008-INNOVATION",
      "properties": {
        "amenity": "college",
        "evidence_status": "contextual",
        "id": "OSM-NODE-5257147008-INNOVATION",
        "layer": "innovation",
        "name": "第十二教室",
        "name:zh": "第十二教室",
        "osm_id": 5257147008,
        "osm_type": "node"
      },
      "type": "Feature"
    },
    {
      "geometry": {
        "coordinates": [
          116.350447,
          39.98355
        ],
        "type": "Point"
      },
      "id": "OSM-NODE-5257147009-INNOVATION",
      "properties": {
        "amenity": "college",
        "evidence_status": "contextual",
        "id": "OSM-NODE-5257147009-INNOVATION",
        "layer": "innovation",
        "name": "第五教室",
        "name:zh": "第五教室",
        "osm_id": 5257147009,
        "osm_type": "node"
      },
      "type": "Feature"
    },
    {
      "geometry": {
        "coordinates": [
          116.35249,
          39.982472
        ],
        "type": "Point"
      },
      "id": "OSM-NODE-5257149295-INNOVATION",
      "properties": {
        "amenity": "college",
        "evidence_status": "contextual",
        "id": "OSM-NODE-5257149295-INNOVATION",
        "layer": "innovation",
        "name": "报告厅",
        "osm_id": 5257149295,
        "osm_type": "node"
      },
      "type": "Feature"
    },
    {
      "geometry": {
        "coordinates": [
          116.350506,
          39.982161
        ],
        "type": "Point"
      },
      "id": "OSM-NODE-5261588232-INNOVATION",
      "properties": {
        "amenity": "university",
        "evidence_status": "contextual",
        "id": "OSM-NODE-5261588232-INNOVATION",
        "layer": "innovation",
        "name": "北京大学BSL-3实验室",
        "name:zh": "北京大学BSL-3实验室",
        "osm_id": 5261588232,
        "osm_type": "node"
      },
      "type": "Feature"
    },
    {
      "geometry": {
        "coordinates": [
          116.306809,
          39.991901
        ],
        "type": "Point"
      },
      "id": "OSM-NODE-5336318127-INNOVATION",
      "properties": {
        "evidence_status": "contextual",
        "id": "OSM-NODE-5336318127-INNOVATION",
        "layer": "innovation",
        "name": "北京大学时空大数据协同创新中心",
        "name:zh": "北京大学时空大数据协同创新中心",
        "office": "research",
        "osm_id": 5336318127,
        "osm_type": "node",
        "wheelchair": "yes"
      },
      "type": "Feature"
    },
    {
      "geometry": {
        "coordinates": [
          116.350016,
          39.998463
        ],
        "type": "Point"
      },
      "id": "OSM-NODE-5672735859-INNOVATION",
      "properties": {
        "access": "permissive",
        "amenity": "library",
        "evidence_status": "contextual",
        "id": "OSM-NODE-5672735859-INNOVATION",
        "layer": "innovation",
        "name": "图书馆",
        "osm_id": 5672735859,
        "osm_type": "node"
      },
      "type": "Feature"
    },
    {
      "geometry": {
        "coordinates": [
          116.379397,
          40.00385
        ],
        "type": "Point"
      },
      "id": "OSM-NODE-6138752141-INNOVATION",
      "properties": {
        "evidence_status": "contextual",
        "id": "OSM-NODE-6138752141-INNOVATION",
        "layer": "innovation",
        "name": "中国科学院北京基因组研究所生命与健康大数据中心",
        "name:zh": "中国科学院北京基因组研究所生命与健康大数据中心",
        "office": "research",
        "osm_id": 6138752141,
        "osm_type": "node"
      },
      "type": "Feature"
    },
    {
      "geometry": {
        "coordinates": [
          116.376063,
          40.004543
        ],
        "type": "Point"
      },
      "id": "OSM-NODE-6138752154-INNOVATION",
      "properties": {
        "evidence_status": "contextual",
        "id": "OSM-NODE-6138752154-INNOVATION",
        "layer": "innovation",
        "name": "中国科学院遗传与发育生物学研究所",
        "name:en": "Institute of Genetics and Developmental Biology",
        "office": "research",
        "osm_id": 6138752154,
        "osm_type": "node"
      },
      "type": "Feature"
    },
    {
      "geometry": {
        "coordinates": [
          116.306151,
          39.989935
        ],
        "type": "Point"
      },
      "id": "OSM-NODE-6138927704-INNOVATION",
      "properties": {
        "evidence_status": "contextual",
        "id": "OSM-NODE-6138927704-INNOVATION",
        "layer": "innovation",
        "name": "北京大学计量生物学中心",
        "name:en": "Center for Quantitative Biology",
        "office": "research",
        "osm_id": 6138927704,
        "osm_type": "node"
      },
      "type": "Feature"
    },
    {
      "geometry": {
        "coordinates": [
          116.304639,
          40.028584
        ],
        "type": "Point"
      },
      "id": "OSM-NODE-6482076998-INNOVATION",
      "properties": {
        "amenity": "library",
        "evidence_status": "contextual",
        "id": "OSM-NODE-6482076998-INNOVATION",
        "layer": "innovation",
        "name": "上地南路街道图书馆",
        "osm_id": 6482076998,
        "osm_type": "node"
      },
      "type": "Feature"
    },
    {
      "geometry": {
        "coordinates": [
          116.320975,
          40.047143
        ],
        "type": "Point"
      },
      "id": "OSM-NODE-6482077059-INNOVATION",
      "properties": {
        "amenity": "library",
        "evidence_status": "contextual",
        "id": "OSM-NODE-6482077059-INNOVATION",
        "layer": "innovation",
        "name": "清河街道图书馆",
        "osm_id": 6482077059,
        "osm_type": "node"
      },
      "type": "Feature"
    },
    {
      "geometry": {
        "coordinates": [
          116.318386,
          40.003125
        ],
        "type": "Point"
      },
      "id": "OSM-NODE-7072425636-INNOVATION",
      "properties": {
        "access": "private",
        "amenity": "library",
        "evidence_status": "contextual",
        "id": "OSM-NODE-7072425636-INNOVATION",
        "layer": "innovation",
        "name": "清华大学图书馆",
        "name:en": "Library of Tsinghua University",
        "name:zh": "清华大学图书馆",
        "operator": "清华大学",
        "osm_id": 7072425636,
        "osm_type": "node",
        "wheelchair": "yes"
      },
      "type": "Feature"
    },
    {
      "geometry": {
        "coordinates": [
          116.310557,
          40.046095
        ],
        "type": "Point"
      },
      "id": "OSM-NODE-8402144518-INNOVATION",
      "properties": {
        "evidence_status": "contextual",
        "id": "OSM-NODE-8402144518-INNOVATION",
        "layer": "innovation",
        "name": "北京金山办公软件股份有限公司",
        "office": "it",
        "osm_id": 8402144518,
        "osm_type": "node"
      },
      "type": "Feature"
    },
    {
      "geometry": {
        "coordinates": [
          116.311419,
          40.045682
        ],
        "type": "Point"
      },
      "id": "OSM-NODE-8402144519-INNOVATION",
      "properties": {
        "evidence_status": "contextual",
        "id": "OSM-NODE-8402144519-INNOVATION",
        "layer": "innovation",
        "name": "小米科技有限责任公司",
        "office": "it",
        "osm_id": 8402144519,
        "osm_type": "node"
      },
      "type": "Feature"
    },
    {
      "geometry": {
        "coordinates": [
          116.321768,
          39.950351
        ],
        "type": "Point"
      },
      "id": "OSM-NODE-8932938835-INNOVATION",
      "properties": {
        "evidence_status": "contextual",
        "id": "OSM-NODE-8932938835-INNOVATION",
        "layer": "innovation",
        "name": "国家卫生健康委科学技术研究所",
        "office": "research",
        "osm_id": 8932938835,
        "osm_type": "node"
      },
      "type": "Feature"
    },
    {
      "geometry": {
        "coordinates": [
          116.321134,
          39.962957
        ],
        "type": "Point"
      },
      "id": "OSM-NODE-8946261797-INNOVATION",
      "properties": {
        "alt_name": "农业农村部兽药评审中心",
        "amenity": "research_institute",
        "evidence_status": "contextual",
        "id": "OSM-NODE-8946261797-INNOVATION",
        "layer": "innovation",
        "name": "中国兽医药品监察所",
        "name:en": "China Institute of Veterinary Drug Control",
        "osm_id": 8946261797,
        "osm_type": "node"
      },
      "type": "Feature"
    },
    {
      "geometry": {
        "coordinates": [
          116.34503,
          39.991396
        ],
        "type": "Point"
      },
      "id": "OSM-NODE-8948382442-INNOVATION",
      "properties": {
        "amenity": "college",
        "evidence_status": "contextual",
        "id": "OSM-NODE-8948382442-INNOVATION",
        "layer": "innovation",
        "name": "土地科学技术学院",
        "name:zh": "土地科学技术学院",
        "osm_id": 8948382442,
        "osm_type": "node"
      },
      "type": "Feature"
    },
    {
      "geometry": {
        "coordinates": [
          116.318889,
          39.959688
        ],
        "type": "Point"
      },
      "id": "OSM-NODE-8989348196-INNOVATION",
      "properties": {
        "evidence_status": "contextual",
        "id": "OSM-NODE-8989348196-INNOVATION",
        "layer": "innovation",
        "name": "中国农业科学院农业经济与发展研究所",
        "name:en": "INSTITUTE OF AGRICULTURAL ECONOMICS AND DEVELOPMENT, CHINESE ACADEMY OF AGRICULTURAL SCIENCES",
        "office": "research",
        "osm_id": 8989348196,
        "osm_type": "node"
      },
      "type": "Feature"
    },
    {
      "geometry": {
        "coordinates": [
          116.322102,
          39.95935
        ],
        "type": "Point"
      },
      "id": "OSM-NODE-8989412367-INNOVATION",
      "properties": {
        "evidence_status": "contextual",
        "id": "OSM-NODE-8989412367-INNOVATION",
        "layer": "innovation",
        "name": "农业资源与农业区划研究所资源楼",
        "name:en": "Institute of Agricultural Resources and Regional Planning, CAAS",
        "office": "research",
        "osm_id": 8989412367,
        "osm_type": "node"
      },
      "type": "Feature"
    },
    {
      "geometry": {
        "coordinates": [
          116.3782,
          40.001553
        ],
        "type": "Point"
      },
      "id": "OSM-NODE-9061484227-INNOVATION",
      "properties": {
        "amenity": "research_institute",
        "evidence_status": "contextual",
        "id": "OSM-NODE-9061484227-INNOVATION",
        "layer": "innovation",
        "name": "地理资源所A段",
        "name:zh": "地理资源所A段",
        "osm_id": 9061484227,
        "osm_type": "node"
      },
      "type": "Feature"
    },
    {
      "geometry": {
        "coordinates": [
          116.378802,
          40.001925
        ],
        "type": "Point"
      },
      "id": "OSM-NODE-9061484228-INNOVATION",
      "properties": {
        "amenity": "research_institute",
        "evidence_status": "contextual",
        "id": "OSM-NODE-9061484228-INNOVATION",
        "layer": "innovation",
        "name": "地理资源所B段",
        "name:zh": "地理资源所B段",
        "osm_id": 9061484228,
        "osm_type": "node"
      },
      "type": "Feature"
    },
    {
      "geometry": {
        "coordinates": [
          116.379485,
          40.001632
        ],
        "type": "Point"
      },
      "id": "OSM-NODE-9061484229-INNOVATION",
      "properties": {
        "amenity": "research_institute",
        "evidence_status": "contextual",
        "id": "OSM-NODE-9061484229-INNOVATION",
        "layer": "innovation",
        "name": "地理资源所C段",
        "name:zh": "地理资源所C段",
        "osm_id": 9061484229,
        "osm_type": "node"
      },
      "type": "Feature"
    },
    {
      "geometry": {
        "coordinates": [
          116.378799,
          40.001244
        ],
        "type": "Point"
      },
      "id": "OSM-NODE-9061484230-INNOVATION",
      "properties": {
        "amenity": "research_institute",
        "evidence_status": "contextual",
        "id": "OSM-NODE-9061484230-INNOVATION",
        "layer": "innovation",
        "name": "地理资源所D段",
        "name:zh": "地理资源所D段",
        "osm_id": 9061484230,
        "osm_type": "node"
      },
      "type": "Feature"
    },
    {
      "geometry": {
        "coordinates": [
          116.316709,
          39.9528
        ],
        "type": "Point"
      },
      "id": "OSM-NODE-9296358846-INNOVATION",
      "properties": {
        "access": "permit",
        "amenity": "library",
        "evidence_status": "contextual",
        "id": "OSM-NODE-9296358846-INNOVATION",
        "layer": "innovation",
        "name": "人民教育出版社图书馆",
        "opening_hours": "Mo-Fr 09:00-17:00",
        "operator": "人民教育出版社",
        "osm_id": 9296358846,
        "osm_type": "node"
      },
      "type": "Feature"
    },
    {
      "geometry": {
        "coordinates": [
          [
            [
              116.346541,
              39.995198
            ],
            [
              116.341052,
              39.995052
            ],
            [
              116.340511,
              39.995154
            ],
            [
              116.339227,
              39.995124
            ],
            [
              116.337968,
              39.995104
            ],
            [
              116.33791,
              39.99655
            ],
            [
              116.339116,
              39.996567
            ],
            [
              116.33911,
              39.998202
            ],
            [
              116.340305,
              39.998221
            ],
            [
              116.340307,
              39.997727
            ],
            [
              116.340416,
              39.997728
            ],
            [
              116.340433,
              39.997284
            ],
            [
              116.340305,
              39.997282
            ],
            [
              116.34032,
              39.996569
            ],
            [
              116.341128,
              39.99659
            ],
            [
              116.341725,
              39.996607
            ],
            [
              116.341866,
              39.996611
            ],
            [
              116.341862,
              39.996687
            ],
            [
              116.34185,
              39.996904
            ],
            [
              116.341974,
              39.996998
            ],
            [
              116.341899,
              39.998261
            ],
            [
              116.341896,
              39.998286
            ],
            [
              116.342543,
              39.998302
            ],
            [
              116.342545,
              39.998722
            ],
            [
              116.342522,
              39.999095
            ],
            [
              116.342521,
              39.999141
            ],
            [
              116.342575,
              39.999143
            ],
            [
              116.34436,
              39.999198
            ],
            [
              116.344414,
              39.998581
            ],
            [
              116.344492,
              39.998423
            ],
            [
              116.345243,
              39.998448
            ],
            [
              116.345319,
              39.996681
            ],
            [
              116.346486,
              39.996718
            ],
            [
              116.346507,
              39.996138
            ],
            [
              116.346541,
              39.995198
            ]
          ]
        ],
        "type": "Polygon"
      },
      "id": "OSM-WAY-1003833559-INNOVATION",
      "properties": {
        "amenity": "university",
        "evidence_status": "contextual",
        "id": "OSM-WAY-1003833559-INNOVATION",
        "layer": "innovation",
        "name": "中国矿业大学（北京）",
        "name:en": "China University of Mining and Technology at Beijing",
        "name:zh": "中国矿业大学（北京）",
        "operator": "中华人民共和国教育部",
        "osm_id": 1003833559,
        "osm_type": "way"
      },
      "type": "Feature"
    },
    {
      "geometry": {
        "coordinates": [
          [
            [
              116.30834,
              40.015027
            ],
            [
              116.308429,
              40.014558
            ],
            [
              116.308702,
              40.013125
            ],
            [
              116.309325,
              40.013155
            ],
            [
              116.310381,
              40.013185
            ],
            [
              116.311154,
              40.013212
            ],
            [
              116.311725,
              40.013251
            ],
            [
              116.311539,
              40.014188
            ],
            [
              116.31008,
              40.014046
            ],
            [
              116.309686,
              40.014025
            ],
            [
              116.309563,
              40.014584
            ],
            [
              116.309703,
              40.014612
            ],
            [
              116.309584,
              40.015189
            ],
            [
              116.30834,
              40.015027
            ]
          ]
        ],
        "type": "Polygon"
      },
      "id": "OSM-WAY-1005615195-INNOVATION",
      "properties": {
        "amenity": "college",
        "evidence_status": "contextual",
        "id": "OSM-WAY-1005615195-INNOVATION",
        "layer": "innovation",
        "name": "海淀高等职业教育学院",
        "name:zh": "海淀高等职业教育学院",
        "osm_id": 1005615195,
        "osm_type": "way"
      },
      "type": "Feature"
    },
    {
      "geometry": {
        "coordinates": [
          [
            [
              116.325416,
              39.981586
            ],
            [
              116.325427,
              39.981367
            ],
            [
              116.325429,
              39.981317
            ],
            [
              116.325788,
              39.981325
            ],
            [
              116.325778,
              39.981591
            ],
            [
              116.325416,
              39.981586
            ]
          ]
        ],
        "type": "Polygon"
      },
      "id": "OSM-WAY-1005885509-INNOVATION",
      "properties": {
        "building": "yes",
        "evidence_status": "contextual",
        "id": "OSM-WAY-1005885509-INNOVATION",
        "layer": "innovation",
        "name": "中国科学院物理研究所X楼",
        "name:en": "Build X, Institute of Physics, Chinese Academy of Sciences",
        "name:zh": "中国科学院物理研究所X楼",
        "office": "research",
        "osm_id": 1005885509,
        "osm_type": "way"
      },
      "type": "Feature"
    },
    {
      "geometry": {
        "coordinates": [
          [
            [
              116.3222,
              39.983336
            ],
            [
              116.323168,
              39.983369
            ],
            [
              116.32326,
              39.983287
            ],
            [
              116.323192,
              39.983211
            ],
            [
              116.322286,
              39.983166
            ],
            [
              116.322291,
              39.983145
            ],
            [
              116.322484,
              39.983155
            ],
            [
              116.322494,
              39.982997
            ],
            [
              116.322428,
              39.982993
            ],
            [
              116.322431,
              39.98296
            ],
            [
              116.322315,
              39.982952
            ],
            [
              116.322316,
              39.98293
            ],
            [
              116.322211,
              39.982924
            ],
            [
              116.3222,
              39.983336
            ]
          ]
        ],
        "type": "Polygon"
      },
      "id": "OSM-WAY-1005893880-INNOVATION",
      "properties": {
        "building": "yes",
        "evidence_status": "contextual",
        "id": "OSM-WAY-1005893880-INNOVATION",
        "layer": "innovation",
        "name": "中国科学院物理研究所B楼",
        "name:en": "Building B, Institute of Physics, Chinese Academy of Sciences",
        "name:zh": "中国科学院物理研究所B楼",
        "office": "research",
        "osm_id": 1005893880,
        "osm_type": "way"
      },
      "type": "Feature"
    },
    {
      "geometry": {
        "coordinates": [
          [
            [
              116.322635,
              39.983809
            ],
            [
              116.322648,
              39.983616
            ],
            [
              116.323318,
              39.983638
            ],
            [
              116.323332,
              39.983454
            ],
            [
              116.323538,
              39.983455
            ],
            [
              116.323512,
              39.983834
            ],
            [
              116.322635,
              39.983809
            ]
          ]
        ],
        "type": "Polygon"
      },
      "id": "OSM-WAY-1005894098-INNOVATION",
      "properties": {
        "building": "yes",
        "evidence_status": "contextual",
        "id": "OSM-WAY-1005894098-INNOVATION",
        "layer": "innovation",
        "name": "中国科学院物理研究所C楼",
        "name:en": "Building C, Institute of Physics, Chinese Academy of Sciences",
        "name:zh": "中国科学院物理研究所C楼",
        "office": "research",
        "osm_id": 1005894098,
        "osm_type": "way"
      },
      "type": "Feature"
    },
    {
      "geometry": {
        "coordinates": [
          [
            [
              116.32371,
              39.983805
            ],
            [
              116.324204,
              39.983823
            ],
            [
              116.324217,
              39.983698
            ],
            [
              116.323718,
              39.983677
            ],
            [
              116.32371,
              39.983805
            ]
          ]
        ],
        "type": "Polygon"
      },
      "id": "OSM-WAY-1005895730-INNOVATION",
      "properties": {
        "building": "yes",
        "evidence_status": "contextual",
        "id": "OSM-WAY-1005895730-INNOVATION",
        "layer": "innovation",
        "name": "中国科学院物理研究所L楼",
        "name:en": "Building L, Institute of Physics, Chinese Academy of Sciences",
        "name:zh": "中国科学院物理研究所L楼",
        "office": "research",
        "osm_id": 1005895730,
        "osm_type": "way"
      },
      "type": "Feature"
    },
    {
      "geometry": {
        "coordinates": [
          [
            [
              116.346722,
              40.010085
            ],
            [
              116.347462,
              40.010101
            ],
            [
              116.347483,
              40.00983
            ],
            [
              116.346732,
              40.009805
            ],
            [
              116.346722,
              40.010085
            ]
          ]
        ],
        "type": "Polygon"
      },
      "id": "OSM-WAY-1041132173-INNOVATION",
      "properties": {
        "building": "yes",
        "evidence_status": "contextual",
        "id": "OSM-WAY-1041132173-INNOVATION",
        "layer": "innovation",
        "name": "机电所主楼",
        "name:zh": "机电所主楼",
        "office": "research",
        "osm_id": 1041132173,
        "osm_type": "way"
      },
      "type": "Feature"
    },
    {
      "geometry": {
        "coordinates": [
          [
            [
              116.346407,
              40.010413
            ],
            [
              116.347338,
              40.010649
            ],
            [
              116.347338,
              40.011173
            ],
            [
              116.347866,
              40.011177
            ],
            [
              116.348353,
              40.010171
            ],
            [
              116.348021,
              40.010093
            ],
            [
              116.348805,
              40.009044
            ],
            [
              116.346506,
              40.008992
            ],
            [
              116.346407,
              40.010413
            ]
          ]
        ],
        "type": "Polygon"
      },
      "id": "OSM-WAY-1041262670-INNOVATION",
      "properties": {
        "amenity": "research_institute",
        "evidence_status": "contextual",
        "id": "OSM-WAY-1041262670-INNOVATION",
        "landuse": "commercial",
        "layer": "innovation",
        "name": "中国机械总院北京机电研究所",
        "name:zh": "中国机械总院北京机电研究所",
        "osm_id": 1041262670,
        "osm_type": "way"
      },
      "type": "Feature"
    },
    {
      "geometry": {
        "coordinates": [
          [
            [
              116.359688,
              40.007509
            ],
            [
              116.359759,
              40.007539
            ],
            [
              116.359734,
              40.007574
            ],
            [
              116.359893,
              40.007642
            ],
            [
              116.359968,
              40.007541
            ],
            [
              116.359915,
              40.007514
            ],
            [
              116.360102,
              40.007249
            ],
            [
              116.360474,
              40.007392
            ],
            [
              116.360452,
              40.007425
            ],
            [
              116.360725,
              40.007541
            ],
            [
              116.360746,
              40.007512
            ],
            [
              116.361036,
              40.007628
            ],
            [
              116.361001,
              40.007672
            ],
            [
              116.360969,
              40.007663
            ],
            [
              116.360951,
              40.007696
            ],
            [
              116.361107,
              40.007761
            ],
            [
              116.361073,
              40.007794
            ],
            [
              116.361118,
              40.007821
            ],
            [
              116.361288,
              40.007612
            ],
            [
              116.360792,
              40.007387
            ],
            [
              116.360856,
              40.007308
            ],
            [
              116.360817,
              40.007262
            ],
            [
              116.36075,
              40.007235
            ],
            [
              116.360591,
              40.00717
            ],
            [
              116.36052,
              40.007159
            ],
            [
              116.36046,
              40.007165
            ],
            [
              116.360424,
              40.007213
            ],
            [
              116.360194,
              40.007121
            ],
            [
              116.360155,
              40.007165
            ],
            [
              116.359989,
              40.0071
            ],
            [
              116.359688,
              40.007509
            ]
          ]
        ],
        "type": "Polygon"
      },
      "id": "OSM-WAY-1041266932-INNOVATION",
      "properties": {
        "building": "yes",
        "evidence_status": "contextual",
        "id": "OSM-WAY-1041266932-INNOVATION",
        "layer": "innovation",
        "name": "中国舰船研究院",
        "name:zh": "中国舰船研究院",
        "office": "research",
        "osm_id": 1041266932,
        "osm_type": "way"
      },
      "type": "Feature"
    },
    {
      "geometry": {
        "coordinates": [
          [
            [
              116.367723,
              39.986987
            ],
            [
              116.367699,
              39.988093
            ],
            [
              116.366374,
              39.988076
            ],
            [
              116.365635,
              39.988067
            ],
            [
              116.365661,
              39.986871
            ],
            [
              116.366841,
              39.986886
            ],
            [
              116.366839,
              39.986975
            ],
            [
              116.367723,
              39.986987
            ]
          ]
        ],
        "type": "Polygon"
      },
      "id": "OSM-WAY-1046138257-INNOVATION",
      "properties": {
        "amenity": "research_institute",
        "evidence_status": "contextual",
        "id": "OSM-WAY-1046138257-INNOVATION",
        "layer": "innovation",
        "name": "中国电子科技集团公司第十五研究所",
        "name:zh": "中国电子科技集团公司第十五研究所",
        "osm_id": 1046138257,
        "osm_type": "way"
      },
      "type": "Feature"
    },
    {
      "geometry": {
        "coordinates": [
          [
            [
              116.312138,
              40.02116
            ],
            [
              116.312153,
              40.021044
            ],
            [
              116.312613,
              40.021079
            ],
            [
              116.31261,
              40.021099
            ],
            [
              116.312922,
              40.021122
            ],
            [
              116.31291,
              40.021219
            ],
            [
              116.312603,
              40.021196
            ],
            [
              116.312574,
              40.021424
            ],
            [
              116.312647,
              40.02143
            ],
            [
              116.312637,
              40.021508
            ],
            [
              116.312346,
              40.021486
            ],
            [
              116.312356,
              40.021408
            ],
            [
              116.312432,
              40.021413
            ],
            [
              116.312461,
              40.021184
            ],
            [
              116.312138,
              40.02116
            ]
          ]
        ],
        "type": "Polygon"
      },
      "id": "OSM-WAY-1061288341-INNOVATION",
      "properties": {
        "amenity": "library",
        "evidence_status": "contextual",
        "id": "OSM-WAY-1061288341-INNOVATION",
        "layer": "innovation",
        "name": "北京体育大学图书馆",
        "osm_id": 1061288341,
        "osm_type": "way"
      },
      "type": "Feature"
    },
    {
      "geometry": {
        "coordinates": [
          [
            [
              116.363664,
              40.054367
            ],
            [
              116.363546,
              40.055067
            ],
            [
              116.362852,
              40.055028
            ],
            [
              116.36302,
              40.054075
            ],
            [
              116.361979,
              40.053917
            ],
            [
              116.361792,
              40.054777
            ],
            [
              116.361114,
              40.05684
            ],
            [
              116.361219,
              40.056902
            ],
            [
              116.364227,
              40.057187
            ],
            [
              116.364051,
              40.057612
            ],
            [
              116.364254,
              40.05767
            ],
            [
              116.365898,
              40.057786
            ],
            [
              116.36603,
              40.057173
            ],
            [
              116.366008,
              40.057084
            ],
            [
              116.366319,
              40.055859
            ],
            [
              116.365356,
              40.055714
            ],
            [
              116.365557,
              40.054507
            ],
            [
              116.363664,
              40.054367
            ]
          ]
        ],
        "type": "Polygon"
      },
      "id": "OSM-WAY-1082312752-INNOVATION",
      "properties": {
        "amenity": "research_institute",
        "evidence_status": "contextual",
        "id": "OSM-WAY-1082312752-INNOVATION",
        "layer": "innovation",
        "name": "科大新兴产业技术研究院中试基地",
        "osm_id": 1082312752,
        "osm_type": "way"
      },
      "type": "Feature"
    },
    {
      "geometry": {
        "coordinates": [
          [
            [
              116.332908,
              40.050322
            ],
            [
              116.332807,
              40.051133
            ],
            [
              116.333212,
              40.051163
            ],
            [
              116.333184,
              40.051388
            ],
            [
              116.334467,
              40.051478
            ],
            [
              116.334543,
              40.051468
            ],
            [
              116.334575,
              40.051145
            ],
            [
              116.334662,
              40.05115
            ],
            [
              116.33477,
              40.050402
            ],
            [
              116.333702,
              40.050352
            ],
            [
              116.332908,
              40.050322
            ]
          ]
        ],
        "type": "Polygon"
      },
      "id": "OSM-WAY-1082312768-INNOVATION",
      "properties": {
        "amenity": "college",
        "evidence_status": "contextual",
        "id": "OSM-WAY-1082312768-INNOVATION",
        "layer": "innovation",
        "name": "北京明园大学",
        "osm_id": 1082312768,
        "osm_type": "way"
      },
      "type": "Feature"
    },
    {
      "geometry": {
        "coordinates": [
          [
            [
              116.304721,
              39.994754
            ],
            [
              116.306358,
              39.994954
            ],
            [
              116.306325,
              39.995084
            ],
            [
              116.306155,
              39.995901
            ],
            [
              116.306003,
              39.996633
            ],
            [
              116.30596,
              39.996732
            ],
            [
              116.305802,
              39.996735
            ],
            [
              116.305313,
              39.996668
            ],
            [
              116.305001,
              39.996592
            ],
            [
              116.304919,
              39.996544
            ],
            [
              116.304734,
              39.996293
            ],
            [
              116.304724,
              39.995903
            ],
            [
              116.30474,
              39.995762
            ],
            [
              116.304791,
              39.995326
            ],
            [
              116.304788,
              39.99521
            ],
            [
              116.30479,
              39.995107
            ],
            [
              116.304773,
              39.99502
            ],
            [
              116.304754,
              39.994905
            ],
            [
              116.304735,
              39.994821
            ],
            [
              116.304721,
              39.994754
            ]
          ]
        ],
        "type": "Polygon"
      },
      "id": "OSM-WAY-1101013040-INNOVATION",
      "properties": {
        "amenity": "college",
        "evidence_status": "contextual",
        "id": "OSM-WAY-1101013040-INNOVATION",
        "layer": "innovation",
        "name": "李兆基人文学苑",
        "name:en": "Lee Shau Kee Humanities Hall",
        "name:zh": "李兆基人文学苑",
        "operator": "北京大学",
        "osm_id": 1101013040,
        "osm_type": "way",
        "wheelchair": "yes"
      },
      "type": "Feature"
    },
    {
      "geometry": {
        "coordinates": [
          [
            [
              116.304121,
              39.992445
            ],
            [
              116.305314,
              39.992455
            ],
            [
              116.305336,
              39.99211
            ],
            [
              116.304124,
              39.992106
            ],
            [
              116.304121,
              39.992445
            ]
          ]
        ],
        "type": "Polygon"
      },
      "id": "OSM-WAY-1124898337-INNOVATION",
      "properties": {
        "amenity": "research_institute",
        "evidence_status": "contextual",
        "id": "OSM-WAY-1124898337-INNOVATION",
        "layer": "innovation",
        "name": "陈守仁国际研究中心",
        "name:en": "Tan Siu Lin Center for Interntional Studies",
        "name:zh": "陈守仁国际研究中心",
        "operator": "北京大学",
        "osm_id": 1124898337,
        "osm_type": "way",
        "wheelchair": "yes"
      },
      "type": "Feature"
    },
    {
      "geometry": {
        "coordinates": [
          [
            [
              116.372932,
              40.004764
            ],
            [
              116.372932,
              40.004171
            ],
            [
              116.373302,
              40.004171
            ],
            [
              116.373302,
              40.004477
            ],
            [
              116.374273,
              40.004477
            ],
            [
              116.374273,
              40.004764
            ],
            [
              116.372932,
              40.004764
            ]
          ]
        ],
        "type": "Polygon"
      },
      "id": "OSM-WAY-1158883214-INNOVATION",
      "properties": {
        "building": "commercial",
        "evidence_status": "contextual",
        "id": "OSM-WAY-1158883214-INNOVATION",
        "layer": "innovation",
        "name": "中国科学院遗传与发育生物研究所1号楼",
        "office": "research",
        "osm_id": 1158883214,
        "osm_type": "way"
      },
      "type": "Feature"
    },
    {
      "geometry": {
        "coordinates": [
          [
            [
              116.369923,
              39.974573
            ],
            [
              116.370086,
              39.973814
            ],
            [
              116.372105,
              39.973828
            ],
            [
              116.372174,
              39.9746
            ],
            [
              116.369923,
              39.974573
            ]
          ]
        ],
        "type": "Polygon"
      },
      "id": "OSM-WAY-1173375068-INNOVATION",
      "properties": {
        "amenity": "research_institute",
        "evidence_status": "contextual",
        "id": "OSM-WAY-1173375068-INNOVATION",
        "layer": "innovation",
        "name": "中国科学院大气物理研究所铁塔分部",
        "office": "research",
        "osm_id": 1173375068,
        "osm_type": "way"
      },
      "type": "Feature"
    },
    {
      "geometry": {
        "coordinates": [
          [
            [
              116.329046,
              40.002648
            ],
            [
              116.3283,
              40.002626
            ],
            [
              116.328312,
              40.002395
            ],
            [
              116.329058,
              40.002417
            ],
            [
              116.329054,
              40.002513
            ],
            [
              116.329046,
              40.002648
            ]
          ]
        ],
        "type": "Polygon"
      },
      "id": "OSM-WAY-1211983171-INNOVATION",
      "properties": {
        "alt_name": "自强科技楼1号楼",
        "building": "yes",
        "evidence_status": "contextual",
        "id": "OSM-WAY-1211983171-INNOVATION",
        "layer": "innovation",
        "name": "百川楼",
        "office": "research",
        "osm_id": 1211983171,
        "osm_type": "way"
      },
      "type": "Feature"
    },
    {
      "geometry": {
        "coordinates": [
          [
            [
              116.35533,
              39.956402
            ],
            [
              116.35944,
              39.956382
            ],
            [
              116.359431,
              39.955739
            ],
            [
              116.358678,
              39.955244
            ],
            [
              116.357443,
              39.954493
            ],
            [
              116.357306,
              39.954493
            ],
            [
              116.357292,
              39.954642
            ],
            [
              116.356735,
              39.954632
            ],
            [
              116.356726,
              39.954828
            ],
            [
              116.356063,
              39.954907
            ],
            [
              116.355427,
              39.9549
            ],
            [
              116.35533,
              39.956402
            ]
          ]
        ],
        "type": "Polygon"
      },
      "id": "OSM-WAY-1275481734-INNOVATION",
      "properties": {
        "amenity": "university",
        "evidence_status": "contextual",
        "id": "OSM-WAY-1275481734-INNOVATION",
        "layer": "innovation",
        "name": "北京师范大学",
        "name:en": "Beijing Normal University",
        "osm_id": 1275481734,
        "osm_type": "way"
      },
      "type": "Feature"
    },
    {
      "geometry": {
        "coordinates": [
          [
            [
              116.314641,
              39.944644
            ],
            [
              116.315331,
              39.944705
            ],
            [
              116.315418,
              39.944217
            ],
            [
              116.314726,
              39.944156
            ],
            [
              116.314641,
              39.944644
            ]
          ]
        ],
        "type": "Polygon"
      },
      "id": "OSM-WAY-1303662662-INNOVATION",
      "properties": {
        "amenity": "research_institute",
        "evidence_status": "contextual",
        "id": "OSM-WAY-1303662662-INNOVATION",
        "layer": "innovation",
        "name": "北京市园林古建设计研究院",
        "osm_id": 1303662662,
        "osm_type": "way"
      },
      "type": "Feature"
    },
    {
      "geometry": {
        "coordinates": [
          [
            [
              116.314764,
              39.950336
            ],
            [
              116.315401,
              39.950384
            ],
            [
              116.315405,
              39.950348
            ],
            [
              116.315488,
              39.950355
            ],
            [
              116.315519,
              39.950116
            ],
            [
              116.315378,
              39.950105
            ],
            [
              116.315364,
              39.95013
            ],
            [
              116.315346,
              39.950265
            ],
            [
              116.314835,
              39.950226
            ],
            [
              116.314857,
              39.95006
            ],
            [
              116.314718,
              39.950049
            ],
            [
              116.314687,
              39.950285
            ],
            [
              116.31477,
              39.950291
            ],
            [
              116.314764,
              39.950336
            ]
          ]
        ],
        "type": "Polygon"
      },
      "id": "OSM-WAY-1315655478-INNOVATION",
      "properties": {
        "building": "yes",
        "evidence_status": "contextual",
        "id": "OSM-WAY-1315655478-INNOVATION",
        "layer": "innovation",
        "name": "中国社会科学院民族学与人类学研究所",
        "office": "research",
        "osm_id": 1315655478,
        "osm_type": "way"
      },
      "type": "Feature"
    },
    {
      "geometry": {
        "coordinates": [
          [
            [
              116.33588,
              39.964761
            ],
            [
              116.336088,
              39.964765
            ],
            [
              116.33627,
              39.964768
            ],
            [
              116.336305,
              39.964624
            ],
            [
              116.336697,
              39.964677
            ],
            [
              116.336676,
              39.964778
            ],
            [
              116.338003,
              39.964785
            ],
            [
              116.338041,
              39.964649
            ],
            [
              116.338144,
              39.964657
            ],
            [
              116.338202,
              39.964375
            ],
            [
              116.335967,
              39.9641
            ],
            [
              116.335908,
              39.964369
            ],
            [
              116.335964,
              39.964375
            ],
            [
              116.335885,
              39.964734
            ],
            [
              116.33588,
              39.964761
            ]
          ]
        ],
        "type": "Polygon"
      },
      "id": "OSM-WAY-1324063873-INNOVATION",
      "properties": {
        "alt_name": "中坤广场D座",
        "building": "office",
        "evidence_status": "contextual",
        "id": "OSM-WAY-1324063873-INNOVATION",
        "layer": "innovation",
        "name": "抖音 大钟寺广场2号楼",
        "office": "it",
        "osm_id": 1324063873,
        "osm_type": "way"
      },
      "type": "Feature"
    },
    {
      "geometry": {
        "coordinates": [
          [
            [
              116.347536,
              39.937305
            ],
            [
              116.348776,
              39.937359
            ],
            [
              116.348844,
              39.936493
            ],
            [
              116.347581,
              39.936428
            ],
            [
              116.347536,
              39.937305
            ]
          ]
        ],
        "type": "Polygon"
      },
      "id": "OSM-WAY-1326247567-INNOVATION",
      "properties": {
        "building": "yes",
        "evidence_status": "contextual",
        "id": "OSM-WAY-1326247567-INNOVATION",
        "layer": "innovation",
        "name": "北京大学人民医院科研教学区",
        "office": "research",
        "osm_id": 1326247567,
        "osm_type": "way"
      },
      "type": "Feature"
    },
    {
      "geometry": {
        "coordinates": [
          [
            [
              116.300462,
              39.985179
            ],
            [
              116.300368,
              39.986401
            ],
            [
              116.299497,
              39.98639
            ],
            [
              116.298463,
              39.993154
            ],
            [
              116.298597,
              39.993159
            ],
            [
              116.298592,
              39.993392
            ],
            [
              116.298473,
              39.993389
            ],
            [
              116.298458,
              39.993956
            ],
            [
              116.298426,
              39.994801
            ],
            [
              116.298391,
              39.995855
            ],
            [
              116.300849,
              39.996191
            ],
            [
              116.301162,
              39.99625
            ],
            [
              116.301333,
              39.996336
            ],
            [
              116.301588,
              39.996563
            ],
            [
              116.301895,
              39.996854
            ],
            [
              116.302443,
              39.997374
            ],
            [
              116.302805,
              39.997569
            ],
            [
              116.303256,
              39.997757
            ],
            [
              116.303812,
              39.997874
            ],
            [
              116.30538,
              39.998203
            ],
            [
              116.305676,
              39.998235
            ],
            [
              116.305829,
              39.998237
            ],
            [
              116.305998,
              39.99824
            ],
            [
              116.30621,
              39.997035
            ],
            [
              116.306715,
              39.997083
            ],
            [
              116.306937,
              39.995764
            ],
            [
              116.308936,
              39.995902
            ],
            [
              116.30914,
              39.992911
            ],
            [
              116.309314,
              39.990732
            ],
            [
              116.309295,
              39.990696
            ],
            [
              116.30946,
              39.988865
            ],
            [
              116.309437,
              39.988797
            ],
            [
              116.30947,
              39.988722
            ],
            [
              116.309524,
              39.987995
            ],
            [
              116.309504,
              39.987924
            ],
            [
              116.309524,
              39.987835
            ],
            [
              116.309583,
              39.98686
            ],
            [
              116.309555,
              39.986768
            ],
            [
              116.309589,
              39.986694
            ],
            [
              116.309588,
              39.986459
            ],
            [
              116.309584,
              39.986087
            ],
            [
              116.309352,
              39.985716
            ],
            [
              116.309361,
              39.985331
            ],
            [
              116.308563,
              39.985315
            ],
            [
              116.305457,
              39.98527
            ],
            [
              116.300462,
              39.985179
            ]
          ]
        ],
        "type": "Polygon"
      },
      "id": "OSM-WAY-1330709889-INNOVATION",
      "properties": {
        "amenity": "university",
        "evidence_status": "contextual",
        "id": "OSM-WAY-1330709889-INNOVATION",
        "layer": "innovation",
        "name": "北京大学",
        "name:en": "Peking University",
        "name:zh": "北京大学",
        "opening_hours": "24/7",
        "osm_id": 1330709889,
        "osm_type": "way"
      },
      "type": "Feature"
    },
    {
      "geometry": {
        "coordinates": [
          [
            [
              116.333088,
              40.001097
            ],
            [
              116.333134,
              40.001098
            ],
            [
              116.333164,
              40.000597
            ],
            [
              116.332848,
              40.000596
            ],
            [
              116.333088,
              40.001097
            ]
          ]
        ],
        "type": "Polygon"
      },
      "id": "OSM-WAY-1341592910-INNOVATION",
      "properties": {
        "building": "yes",
        "evidence_status": "contextual",
        "id": "OSM-WAY-1341592910-INNOVATION",
        "layer": "innovation",
        "office": "research",
        "osm_id": 1341592910,
        "osm_type": "way"
      },
      "type": "Feature"
    },
    {
      "geometry": {
        "coordinates": [
          [
            [
              116.333311,
              40.001372
            ],
            [
              116.333282,
              40.001292
            ],
            [
              116.333444,
              40.001249
            ],
            [
              116.333454,
              40.00127
            ],
            [
              116.3335,
              40.001264
            ],
            [
              116.333519,
              40.001322
            ],
            [
              116.333311,
              40.001372
            ]
          ]
        ],
        "type": "Polygon"
      },
      "id": "OSM-WAY-1341592913-INNOVATION",
      "properties": {
        "building": "yes",
        "evidence_status": "contextual",
        "id": "OSM-WAY-1341592913-INNOVATION",
        "layer": "innovation",
        "office": "research",
        "osm_id": 1341592913,
        "osm_type": "way"
      },
      "type": "Feature"
    },
    {
      "geometry": {
        "coordinates": [
          [
            [
              116.360068,
              39.972901
            ],
            [
              116.360093,
              39.972528
            ],
            [
              116.360612,
              39.972548
            ],
            [
              116.360587,
              39.972922
            ],
            [
              116.360068,
              39.972901
            ]
          ]
        ],
        "type": "Polygon"
      },
      "id": "OSM-WAY-1347761653-INNOVATION",
      "properties": {
        "building": "yes",
        "evidence_status": "contextual",
        "id": "OSM-WAY-1347761653-INNOVATION",
        "layer": "innovation",
        "name": "北京应用物理与计算数学研究所",
        "office": "research",
        "osm_id": 1347761653,
        "osm_type": "way"
      },
      "type": "Feature"
    },
    {
      "geometry": {
        "coordinates": [
          [
            [
              116.329566,
              39.986177
            ],
            [
              116.331595,
              39.986438
            ],
            [
              116.331631,
              39.98552
            ],
            [
              116.329718,
              39.985396
            ],
            [
              116.329566,
              39.986177
            ]
          ]
        ],
        "type": "Polygon"
      },
      "id": "OSM-WAY-1367642471-INNOVATION",
      "properties": {
        "amenity": "research_institute",
        "evidence_status": "contextual",
        "id": "OSM-WAY-1367642471-INNOVATION",
        "layer": "innovation",
        "name": "中国科学院计算机网络信息中心",
        "osm_id": 1367642471,
        "osm_type": "way"
      },
      "type": "Feature"
    },
    {
      "geometry": {
        "coordinates": [
          [
            [
              116.324259,
              39.985801
            ],
            [
              116.32473,
              39.985817
            ],
            [
              116.324746,
              39.985542
            ],
            [
              116.32483,
              39.985545
            ],
            [
              116.324838,
              39.985413
            ],
            [
              116.32416,
              39.98539
            ],
            [
              116.324151,
              39.985545
            ],
            [
              116.324273,
              39.985549
            ],
            [
              116.324259,
              39.985801
            ]
          ]
        ],
        "type": "Polygon"
      },
      "id": "OSM-WAY-1367642472-INNOVATION",
      "properties": {
        "building": "yes",
        "evidence_status": "contextual",
        "id": "OSM-WAY-1367642472-INNOVATION",
        "layer": "innovation",
        "name": "中国科学院工程热物理研究所",
        "office": "research",
        "osm_id": 1367642472,
        "osm_type": "way"
      },
      "type": "Feature"
    },
    {
      "geometry": {
        "coordinates": [
          [
            [
              116.32254,
              39.985965
            ],
            [
              116.322546,
              39.985836
            ],
            [
              116.322664,
              39.98584
            ],
            [
              116.322668,
              39.98576
            ],
            [
              116.32284,
              39.985764
            ],
            [
              116.322836,
              39.985852
            ],
            [
              116.322958,
              39.985856
            ],
            [
              116.322952,
              39.985976
            ],
            [
              116.32254,
              39.985965
            ]
          ]
        ],
        "type": "Polygon"
      },
      "id": "OSM-WAY-1367642476-INNOVATION",
      "properties": {
        "building": "yes",
        "evidence_status": "contextual",
        "id": "OSM-WAY-1367642476-INNOVATION",
        "layer": "innovation",
        "office": "research",
        "osm_id": 1367642476,
        "osm_type": "way"
      },
      "type": "Feature"
    },
    {
      "geometry": {
        "coordinates": [
          [
            [
              116.321963,
              39.985198
            ],
            [
              116.321971,
              39.985024
            ],
            [
              116.322626,
              39.985041
            ],
            [
              116.322622,
              39.985143
            ],
            [
              116.322512,
              39.98514
            ],
            [
              116.322509,
              39.985212
            ],
            [
              116.321963,
              39.985198
            ]
          ]
        ],
        "type": "Polygon"
      },
      "id": "OSM-WAY-1367642479-INNOVATION",
      "properties": {
        "building": "yes",
        "evidence_status": "contextual",
        "id": "OSM-WAY-1367642479-INNOVATION",
        "layer": "innovation",
        "office": "research",
        "osm_id": 1367642479,
        "osm_type": "way"
      },
      "type": "Feature"
    },
    {
      "geometry": {
        "coordinates": [
          [
            [
              116.315889,
              39.986895
            ],
            [
              116.315904,
              39.986835
            ],
            [
              116.315866,
              39.986812
            ],
            [
              116.315889,
              39.986629
            ],
            [
              116.31592,
              39.986633
            ],
            [
              116.31592,
              39.986582
            ],
            [
              116.316496,
              39.986623
            ],
            [
              116.316476,
              39.986687
            ],
            [
              116.316503,
              39.986692
            ],
            [
              116.316485,
              39.986852
            ],
            [
              116.316457,
              39.98686
            ],
            [
              116.316449,
              39.986917
            ],
            [
              116.315889,
              39.986895
            ]
          ]
        ],
        "type": "Polygon"
      },
      "id": "OSM-WAY-1367642482-INNOVATION",
      "properties": {
        "building": "yes",
        "evidence_status": "contextual",
        "id": "OSM-WAY-1367642482-INNOVATION",
        "layer": "innovation",
        "name": "中国科学院学术会堂",
        "name:zh": "中国科学院学术会堂",
        "office": "research",
        "osm_id": 1367642482,
        "osm_type": "way"
      },
      "type": "Feature"
    },
    {
      "geometry": {
        "coordinates": [
          [
            [
              116.350114,
              39.999202
            ],
            [
              116.350126,
              39.998962
            ],
            [
              116.351268,
              39.998996
            ],
            [
              116.351255,
              39.999237
            ],
            [
              116.350114,
              39.999202
            ]
          ]
        ],
        "type": "Polygon"
      },
      "id": "OSM-WAY-1393830100-INNOVATION",
      "properties": {
        "building": "yes",
        "evidence_status": "contextual",
        "id": "OSM-WAY-1393830100-INNOVATION",
        "layer": "innovation",
        "office": "research",
        "osm_id": 1393830100,
        "osm_type": "way"
      },
      "type": "Feature"
    },
    {
      "geometry": {
        "coordinates": [
          [
            [
              116.352896,
              39.999345
            ],
            [
              116.352906,
              39.999199
            ],
            [
              116.353512,
              39.999223
            ],
            [
              116.353502,
              39.999369
            ],
            [
              116.352896,
              39.999345
            ]
          ]
        ],
        "type": "Polygon"
      },
      "id": "OSM-WAY-1393830108-INNOVATION",
      "properties": {
        "building": "yes",
        "evidence_status": "contextual",
        "id": "OSM-WAY-1393830108-INNOVATION",
        "layer": "innovation",
        "office": "research",
        "osm_id": 1393830108,
        "osm_type": "way"
      },
      "type": "Feature"
    },
    {
      "geometry": {
        "coordinates": [
          [
            [
              116.352847,
              39.999069
            ],
            [
              116.35287,
              39.998734
            ],
            [
              116.352831,
              39.998733
            ],
            [
              116.352842,
              39.998581
            ],
            [
              116.353007,
              39.998588
            ],
            [
              116.353013,
              39.998505
            ],
            [
              116.353775,
              39.998539
            ],
            [
              116.353732,
              39.999092
            ],
            [
              116.35323,
              39.99907
            ],
            [
              116.353239,
              39.998954
            ],
            [
              116.353313,
              39.998915
            ],
            [
              116.353549,
              39.998925
            ],
            [
              116.353565,
              39.998705
            ],
            [
              116.353134,
              39.998688
            ],
            [
              116.353107,
              39.99908
            ],
            [
              116.352847,
              39.999069
            ]
          ]
        ],
        "type": "Polygon"
      },
      "id": "OSM-WAY-1393830109-INNOVATION",
      "properties": {
        "building": "yes",
        "evidence_status": "contextual",
        "id": "OSM-WAY-1393830109-INNOVATION",
        "layer": "innovation",
        "office": "research",
        "osm_id": 1393830109,
        "osm_type": "way"
      },
      "type": "Feature"
    },
    {
      "geometry": {
        "coordinates": [
          [
            [
              116.351838,
              39.998604
            ],
            [
              116.351849,
              39.998431
            ],
            [
              116.352635,
              39.998462
            ],
            [
              116.352623,
              39.998635
            ],
            [
              116.351838,
              39.998604
            ]
          ]
        ],
        "type": "Polygon"
      },
      "id": "OSM-WAY-1393830110-INNOVATION",
      "properties": {
        "building": "yes",
        "evidence_status": "contextual",
        "id": "OSM-WAY-1393830110-INNOVATION",
        "layer": "innovation",
        "office": "research",
        "osm_id": 1393830110,
        "osm_type": "way"
      },
      "type": "Feature"
    },
    {
      "geometry": {
        "coordinates": [
          [
            [
              116.354566,
              39.998691
            ],
            [
              116.35457,
              39.998567
            ],
            [
              116.355082,
              39.998576
            ],
            [
              116.355076,
              39.998759
            ],
            [
              116.354938,
              39.998756
            ],
            [
              116.35494,
              39.998698
            ],
            [
              116.354566,
              39.998691
            ]
          ]
        ],
        "type": "Polygon"
      },
      "id": "OSM-WAY-1393830111-INNOVATION",
      "properties": {
        "building": "yes",
        "evidence_status": "contextual",
        "id": "OSM-WAY-1393830111-INNOVATION",
        "layer": "innovation",
        "office": "research",
        "osm_id": 1393830111,
        "osm_type": "way"
      },
      "type": "Feature"
    },
    {
      "geometry": {
        "coordinates": [
          [
            [
              116.353995,
              39.99872
            ],
            [
              116.354006,
              39.998517
            ],
            [
              116.354462,
              39.998532
            ],
            [
              116.354451,
              39.998735
            ],
            [
              116.353995,
              39.99872
            ]
          ]
        ],
        "type": "Polygon"
      },
      "id": "OSM-WAY-1393830112-INNOVATION",
      "properties": {
        "building": "yes",
        "evidence_status": "contextual",
        "id": "OSM-WAY-1393830112-INNOVATION",
        "layer": "innovation",
        "office": "research",
        "osm_id": 1393830112,
        "osm_type": "way"
      },
      "type": "Feature"
    },
    {
      "geometry": {
        "coordinates": [
          [
            [
              116.354011,
              39.998328
            ],
            [
              116.354018,
              39.998174
            ],
            [
              116.354588,
              39.99819
            ],
            [
              116.35458,
              39.998344
            ],
            [
              116.354011,
              39.998328
            ]
          ]
        ],
        "type": "Polygon"
      },
      "id": "OSM-WAY-1393830114-INNOVATION",
      "properties": {
        "building": "yes",
        "evidence_status": "contextual",
        "id": "OSM-WAY-1393830114-INNOVATION",
        "layer": "innovation",
        "office": "research",
        "osm_id": 1393830114,
        "osm_type": "way"
      },
      "type": "Feature"
    },
    {
      "geometry": {
        "coordinates": [
          [
            [
              116.35463,
              39.998349
            ],
            [
              116.354635,
              39.998221
            ],
            [
              116.355112,
              39.998232
            ],
            [
              116.355106,
              39.99836
            ],
            [
              116.35463,
              39.998349
            ]
          ]
        ],
        "type": "Polygon"
      },
      "id": "OSM-WAY-1393830115-INNOVATION",
      "properties": {
        "building": "yes",
        "evidence_status": "contextual",
        "id": "OSM-WAY-1393830115-INNOVATION",
        "layer": "innovation",
        "office": "research",
        "osm_id": 1393830115,
        "osm_type": "way"
      },
      "type": "Feature"
    },
    {
      "geometry": {
        "coordinates": [
          [
            [
              116.354432,
              39.998073
            ],
            [
              116.354441,
              39.997939
            ],
            [
              116.35514,
              39.997967
            ],
            [
              116.35513,
              39.998101
            ],
            [
              116.354432,
              39.998073
            ]
          ]
        ],
        "type": "Polygon"
      },
      "id": "OSM-WAY-1393830116-INNOVATION",
      "properties": {
        "building": "yes",
        "evidence_status": "contextual",
        "id": "OSM-WAY-1393830116-INNOVATION",
        "layer": "innovation",
        "office": "research",
        "osm_id": 1393830116,
        "osm_type": "way"
      },
      "type": "Feature"
    },
    {
      "geometry": {
        "coordinates": [
          [
            [
              116.352937,
              39.998289
            ],
            [
              116.35294,
              39.998177
            ],
            [
              116.353363,
              39.998183
            ],
            [
              116.35336,
              39.998295
            ],
            [
              116.352937,
              39.998289
            ]
          ]
        ],
        "type": "Polygon"
      },
      "id": "OSM-WAY-1393830117-INNOVATION",
      "properties": {
        "building": "yes",
        "evidence_status": "contextual",
        "id": "OSM-WAY-1393830117-INNOVATION",
        "layer": "innovation",
        "office": "research",
        "osm_id": 1393830117,
        "osm_type": "way"
      },
      "type": "Feature"
    },
    {
      "geometry": {
        "coordinates": [
          [
            [
              116.353465,
              39.998301
            ],
            [
              116.353469,
              39.998186
            ],
            [
              116.353693,
              39.99819
            ],
            [
              116.35369,
              39.998304
            ],
            [
              116.353465,
              39.998301
            ]
          ]
        ],
        "type": "Polygon"
      },
      "id": "OSM-WAY-1393830118-INNOVATION",
      "properties": {
        "building": "yes",
        "evidence_status": "contextual",
        "id": "OSM-WAY-1393830118-INNOVATION",
        "layer": "innovation",
        "office": "research",
        "osm_id": 1393830118,
        "osm_type": "way"
      },
      "type": "Feature"
    },
    {
      "geometry": {
        "coordinates": [
          [
            [
              116.3522,
              39.998254
            ],
            [
              116.352207,
              39.998122
            ],
            [
              116.352083,
              39.998118
            ],
            [
              116.352088,
              39.998027
            ],
            [
              116.352095,
              39.997908
            ],
            [
              116.352285,
              39.997914
            ],
            [
              116.352289,
              39.997847
            ],
            [
              116.352484,
              39.997853
            ],
            [
              116.352702,
              39.99786
            ],
            [
              116.352686,
              39.998163
            ],
            [
              116.352451,
              39.998156
            ],
            [
              116.352446,
              39.998262
            ],
            [
              116.3522,
              39.998254
            ]
          ]
        ],
        "type": "Polygon"
      },
      "id": "OSM-WAY-1393830119-INNOVATION",
      "properties": {
        "building": "yes",
        "evidence_status": "contextual",
        "id": "OSM-WAY-1393830119-INNOVATION",
        "layer": "innovation",
        "office": "research",
        "osm_id": 1393830119,
        "osm_type": "way"
      },
      "type": "Feature"
    },
    {
      "geometry": {
        "coordinates": [
          [
            [
              116.353341,
              39.997999
            ],
            [
              116.353346,
              39.997891
            ],
            [
              116.353704,
              39.997901
            ],
            [
              116.353699,
              39.998009
            ],
            [
              116.353341,
              39.997999
            ]
          ]
        ],
        "type": "Polygon"
      },
      "id": "OSM-WAY-1393830120-INNOVATION",
      "properties": {
        "building": "yes",
        "evidence_status": "contextual",
        "id": "OSM-WAY-1393830120-INNOVATION",
        "layer": "innovation",
        "office": "research",
        "osm_id": 1393830120,
        "osm_type": "way"
      },
      "type": "Feature"
    },
    {
      "geometry": {
        "coordinates": [
          [
            [
              116.35744,
              39.99874
            ],
            [
              116.357446,
              39.998594
            ],
            [
              116.358191,
              39.998612
            ],
            [
              116.358185,
              39.998758
            ],
            [
              116.35744,
              39.99874
            ]
          ]
        ],
        "type": "Polygon"
      },
      "id": "OSM-WAY-1393830121-INNOVATION",
      "properties": {
        "building": "yes",
        "evidence_status": "contextual",
        "id": "OSM-WAY-1393830121-INNOVATION",
        "layer": "innovation",
        "office": "research",
        "osm_id": 1393830121,
        "osm_type": "way"
      },
      "type": "Feature"
    },
    {
      "geometry": {
        "coordinates": [
          [
            [
              116.390867,
              39.998209
            ],
            [
              116.390829,
              39.998177
            ],
            [
              116.391151,
              39.99693
            ],
            [
              116.391208,
              39.996878
            ],
            [
              116.393923,
              39.996966
            ],
            [
              116.393848,
              39.998307
            ],
            [
              116.390867,
              39.998209
            ]
          ]
        ],
        "type": "Polygon"
      },
      "id": "OSM-WAY-1408190780-INNOVATION",
      "properties": {
        "amenity": "research_institute",
        "evidence_status": "contextual",
        "id": "OSM-WAY-1408190780-INNOVATION",
        "layer": "innovation",
        "name": "中国历史研究院",
        "osm_id": 1408190780,
        "osm_type": "way"
      },
      "type": "Feature"
    },
    {
      "geometry": {
        "coordinates": [
          [
            [
              116.325575,
              39.953808
            ],
            [
              116.325562,
              39.953963
            ],
            [
              116.325857,
              39.953977
            ],
            [
              116.325856,
              39.953997
            ],
            [
              116.32585,
              39.954127
            ],
            [
              116.32585,
              39.95414
            ],
            [
              116.326321,
              39.954163
            ],
            [
              116.32633,
              39.954024
            ],
            [
              116.326221,
              39.954017
            ],
            [
              116.326239,
              39.953842
            ],
            [
              116.325575,
              39.953808
            ]
          ]
        ],
        "type": "Polygon"
      },
      "id": "OSM-WAY-1415837213-INNOVATION",
      "properties": {
        "amenity": "research_institute",
        "evidence_status": "contextual",
        "id": "OSM-WAY-1415837213-INNOVATION",
        "layer": "innovation",
        "name": "中国地质环境监测院（大慧寺办公区）",
        "osm_id": 1415837213,
        "osm_type": "way"
      },
      "type": "Feature"
    },
    {
      "geometry": {
        "coordinates": [
          [
            [
              116.327936,
              39.974756
            ],
            [
              116.327941,
              39.974539
            ],
            [
              116.329111,
              39.974571
            ],
            [
              116.329105,
              39.974933
            ],
            [
              116.328097,
              39.9749
            ],
            [
              116.327936,
              39.974756
            ]
          ]
        ],
        "type": "Polygon"
      },
      "id": "OSM-WAY-142240552-INNOVATION",
      "properties": {
        "building": "office",
        "evidence_status": "contextual",
        "id": "OSM-WAY-142240552-INNOVATION",
        "layer": "innovation",
        "name": "领航科技大厦（原中国艺术品大厦）",
        "office": "it",
        "osm_id": 142240552,
        "osm_type": "way"
      },
      "type": "Feature"
    },
    {
      "geometry": {
        "coordinates": [
          [
            [
              116.363166,
              39.938333
            ],
            [
              116.363471,
              39.938325
            ],
            [
              116.363465,
              39.937995
            ],
            [
              116.363159,
              39.937994
            ],
            [
              116.363166,
              39.938333
            ]
          ]
        ],
        "type": "Polygon"
      },
      "id": "OSM-WAY-1423025967-INNOVATION",
      "properties": {
        "amenity": "library",
        "building": "yes",
        "evidence_status": "contextual",
        "id": "OSM-WAY-1423025967-INNOVATION",
        "layer": "innovation",
        "name": "鲁迅书院",
        "osm_id": 1423025967,
        "osm_type": "way"
      },
      "type": "Feature"
    },
    {
      "geometry": {
        "coordinates": [
          [
            [
              116.336811,
              40.00621
            ],
            [
              116.337031,
              40.001915
            ],
            [
              116.338431,
              40.001954
            ],
            [
              116.340013,
              40.001997
            ],
            [
              116.339967,
              40.003548
            ],
            [
              116.339952,
              40.004068
            ],
            [
              116.339888,
              40.00626
            ],
            [
              116.339051,
              40.006247
            ],
            [
              116.336811,
              40.00621
            ]
          ]
        ],
        "type": "Polygon"
      },
      "id": "OSM-WAY-142603153-INNOVATION",
      "properties": {
        "amenity": "research_institute",
        "evidence_status": "contextual",
        "id": "OSM-WAY-142603153-INNOVATION",
        "landuse": "commercial",
        "layer": "innovation",
        "name": "中国科学院半导体研究所",
        "name:en": "Institute of Semiconductors, Chinese Academy of Sciences",
        "name:zh": "中国科学院半导体研究所",
        "osm_id": 142603153,
        "osm_type": "way"
      },
      "type": "Feature"
    },
    {
      "geometry": {
        "coordinates": [
          [
            [
              116.340282,
              40.002029
            ],
            [
              116.340283,
              40.002087
            ],
            [
              116.340221,
              40.002088
            ],
            [
              116.340227,
              40.002458
            ],
            [
              116.340657,
              40.002461
            ],
            [
              116.340655,
              40.002536
            ],
            [
              116.340859,
              40.002538
            ],
            [
              116.340862,
              40.002457
            ],
            [
              116.34136,
              40.002465
            ],
            [
              116.341369,
              40.002133
            ],
            [
              116.341251,
              40.002127
            ],
            [
              116.341253,
              40.002042
            ],
            [
              116.340282,
              40.002029
            ]
          ]
        ],
        "type": "Polygon"
      },
      "id": "OSM-WAY-142604101-INNOVATION",
      "properties": {
        "amenity": "library",
        "building": "yes",
        "evidence_status": "contextual",
        "id": "OSM-WAY-142604101-INNOVATION",
        "layer": "innovation",
        "name": "林业大学图书馆",
        "opening_hours": "6：00-22：30",
        "osm_id": 142604101,
        "osm_type": "way"
      },
      "type": "Feature"
    },
    {
      "geometry": {
        "coordinates": [
          [
            [
              116.32902,
              40.003545
            ],
            [
              116.32828,
              40.003523
            ],
            [
              116.328291,
              40.003292
            ],
            [
              116.329028,
              40.003308
            ],
            [
              116.32902,
              40.003545
            ]
          ]
        ],
        "type": "Polygon"
      },
      "id": "OSM-WAY-1478832598-INNOVATION",
      "properties": {
        "building": "yes",
        "evidence_status": "contextual",
        "id": "OSM-WAY-1478832598-INNOVATION",
        "layer": "innovation",
        "name": "自强科技楼2号楼",
        "office": "research",
        "osm_id": 1478832598,
        "osm_type": "way"
      },
      "type": "Feature"
    },
    {
      "geometry": {
        "coordinates": [
          [
            [
              116.329746,
              40.002765
            ],
            [
              116.329043,
              40.002746
            ],
            [
              116.329054,
              40.002513
            ],
            [
              116.329757,
              40.002532
            ],
            [
              116.329746,
              40.002765
            ]
          ]
        ],
        "type": "Polygon"
      },
      "id": "OSM-WAY-1478832599-INNOVATION",
      "properties": {
        "alt_name": "自强科技楼4号楼",
        "building": "yes",
        "evidence_status": "contextual",
        "id": "OSM-WAY-1478832599-INNOVATION",
        "layer": "innovation",
        "name": "吕大龙楼",
        "office": "research",
        "osm_id": 1478832599,
        "osm_type": "way"
      },
      "type": "Feature"
    },
    {
      "geometry": {
        "coordinates": [
          [
            [
              116.329688,
              40.003494
            ],
            [
              116.329023,
              40.00348
            ],
            [
              116.329028,
              40.003308
            ],
            [
              116.32903,
              40.003242
            ],
            [
              116.329697,
              40.003256
            ],
            [
              116.329688,
              40.003494
            ]
          ]
        ],
        "type": "Polygon"
      },
      "id": "OSM-WAY-1478832600-INNOVATION",
      "properties": {
        "building": "yes",
        "evidence_status": "contextual",
        "id": "OSM-WAY-1478832600-INNOVATION",
        "layer": "innovation",
        "name": "自强科技楼3号楼",
        "office": "research",
        "osm_id": 1478832600,
        "osm_type": "way"
      },
      "type": "Feature"
    },
    {
      "geometry": {
        "coordinates": [
          [
            [
              116.379175,
              39.934402
            ],
            [
              116.376949,
              39.934209
            ],
            [
              116.376638,
              39.934184
            ],
            [
              116.376464,
              39.935318
            ],
            [
              116.378148,
              39.935445
            ],
            [
              116.378073,
              39.935873
            ],
            [
              116.378464,
              39.935902
            ],
            [
              116.378534,
              39.935597
            ],
            [
              116.378557,
              39.935555
            ],
            [
              116.378686,
              39.935317
            ],
            [
              116.378946,
              39.934817
            ],
            [
              116.379175,
              39.934402
            ]
          ]
        ],
        "type": "Polygon"
      },
      "id": "OSM-WAY-162380529-INNOVATION",
      "properties": {
        "alt_name": "辅仁大学本部旧址",
        "amenity": "college",
        "evidence_status": "contextual",
        "id": "OSM-WAY-162380529-INNOVATION",
        "layer": "innovation",
        "name": "北京师范大学继续教育与教师培训学院",
        "osm_id": 162380529,
        "osm_type": "way"
      },
      "type": "Feature"
    },
    {
      "geometry": {
        "coordinates": [
          [
            [
              116.325354,
              39.974448
            ],
            [
              116.327058,
              39.974499
            ],
            [
              116.327045,
              39.974754
            ],
            [
              116.32681,
              39.974747
            ],
            [
              116.326817,
              39.974617
            ],
            [
              116.325581,
              39.97458
            ],
            [
              116.325575,
              39.974715
            ],
            [
              116.325341,
              39.974708
            ],
            [
              116.325354,
              39.974448
            ]
          ]
        ],
        "type": "Polygon"
      },
      "id": "OSM-WAY-167654402-INNOVATION",
      "properties": {
        "building": "commercial",
        "evidence_status": "contextual",
        "id": "OSM-WAY-167654402-INNOVATION",
        "layer": "innovation",
        "name": "京东科技大厦（原翠宫饭店）",
        "office": "it",
        "osm_id": 167654402,
        "osm_type": "way"
      },
      "type": "Feature"
    },
    {
      "geometry": {
        "coordinates": [
          [
            [
              116.349968,
              40.005708
            ],
            [
              116.349971,
              40.005488
            ],
            [
              116.350248,
              40.005491
            ],
            [
              116.350251,
              40.005338
            ],
            [
              116.350057,
              40.005336
            ],
            [
              116.35006,
              40.005121
            ],
            [
              116.350275,
              40.005123
            ],
            [
              116.350277,
              40.00496
            ],
            [
              116.349993,
              40.004958
            ],
            [
              116.349997,
              40.004737
            ],
            [
              116.350527,
              40.004742
            ],
            [
              116.350512,
              40.005713
            ],
            [
              116.349968,
              40.005708
            ]
          ]
        ],
        "type": "Polygon"
      },
      "id": "OSM-WAY-169065601-INNOVATION",
      "properties": {
        "amenity": "college",
        "building": "school",
        "evidence_status": "contextual",
        "id": "OSM-WAY-169065601-INNOVATION",
        "layer": "innovation",
        "name": "信息与电气工程学院",
        "name:en": "College of Information and Electric Engineering",
        "name:zh": "信息与电气工程学院",
        "osm_id": 169065601,
        "osm_type": "way"
      },
      "type": "Feature"
    },
    {
      "geometry": {
        "coordinates": [
          [
            [
              116.33697,
              39.950691
            ],
            [
              116.336986,
              39.95058
            ],
            [
              116.337361,
              39.95042
            ],
            [
              116.337447,
              39.950432
            ],
            [
              116.337494,
              39.950493
            ],
            [
              116.337576,
              39.950461
            ],
            [
              116.337687,
              39.950481
            ],
            [
              116.337748,
              39.950547
            ],
            [
              116.337719,
              39.950633
            ],
            [
              116.337624,
              39.950679
            ],
            [
              116.337687,
              39.950727
            ],
            [
              116.33766,
              39.95083
            ],
            [
              116.337592,
              39.950868
            ],
            [
              116.337517,
              39.950864
            ],
            [
              116.337414,
              39.950908
            ],
            [
              116.337383,
              39.950966
            ],
            [
              116.337313,
              39.951003
            ],
            [
              116.3372,
              39.950987
            ],
            [
              116.337147,
              39.950938
            ],
            [
              116.337088,
              39.950971
            ],
            [
              116.336959,
              39.950954
            ],
            [
              116.3369,
              39.95088
            ],
            [
              116.336921,
              39.950781
            ],
            [
              116.337023,
              39.950753
            ],
            [
              116.33697,
              39.950691
            ]
          ]
        ],
        "type": "Polygon"
      },
      "id": "OSM-WAY-188600671-INNOVATION",
      "properties": {
        "amenity": "library",
        "building": "yes",
        "evidence_status": "contextual",
        "id": "OSM-WAY-188600671-INNOVATION",
        "layer": "innovation",
        "name": "图书馆",
        "name:zh": "图书馆",
        "osm_id": 188600671,
        "osm_type": "way"
      },
      "type": "Feature"
    },
    {
      "geometry": {
        "coordinates": [
          [
            [
              116.345882,
              39.980624
            ],
            [
              116.345897,
              39.980306
            ],
            [
              116.34629,
              39.980315
            ],
            [
              116.346652,
              39.980323
            ],
            [
              116.346637,
              39.980744
            ],
            [
              116.346411,
              39.980737
            ],
            [
              116.346419,
              39.980508
            ],
            [
              116.346041,
              39.980501
            ],
            [
              116.346036,
              39.980624
            ],
            [
              116.345882,
              39.980624
            ]
          ]
        ],
        "type": "Polygon"
      },
      "id": "OSM-WAY-190444632-INNOVATION",
      "properties": {
        "building": "yes",
        "evidence_status": "contextual",
        "id": "OSM-WAY-190444632-INNOVATION",
        "layer": "innovation",
        "name": "第六馆 流体力学研究所",
        "name:zh": "第六馆",
        "office": "research",
        "osm_id": 190444632,
        "osm_type": "way"
      },
      "type": "Feature"
    },
    {
      "geometry": {
        "coordinates": [
          [
            [
              116.335679,
              39.965612
            ],
            [
              116.33583,
              39.964935
            ],
            [
              116.335835,
              39.964912
            ],
            [
              116.336056,
              39.964913
            ],
            [
              116.336217,
              39.964914
            ],
            [
              116.336203,
              39.964981
            ],
            [
              116.336615,
              39.96504
            ],
            [
              116.336654,
              39.964907
            ],
            [
              116.338042,
              39.964915
            ],
            [
              116.338168,
              39.965521
            ],
            [
              116.33652,
              39.965607
            ],
            [
              116.336519,
              39.965594
            ],
            [
              116.336137,
              39.965613
            ],
            [
              116.336138,
              39.965629
            ],
            [
              116.335753,
              39.965651
            ],
            [
              116.335679,
              39.965612
            ]
          ]
        ],
        "type": "Polygon"
      },
      "id": "OSM-WAY-193439210-INNOVATION",
      "properties": {
        "alt_name": "中坤广场C座",
        "building": "office",
        "evidence_status": "contextual",
        "id": "OSM-WAY-193439210-INNOVATION",
        "layer": "innovation",
        "name": "抖音 大钟寺广场2号楼",
        "office": "it",
        "osm_id": 193439210,
        "osm_type": "way"
      },
      "type": "Feature"
    },
    {
      "geometry": {
        "coordinates": [
          [
            [
              116.330162,
              39.976208
            ],
            [
              116.330185,
              39.97586
            ],
            [
              116.330248,
              39.975863
            ],
            [
              116.330251,
              39.975812
            ],
            [
              116.330469,
              39.975821
            ],
            [
              116.330474,
              39.975732
            ],
            [
              116.331125,
              39.975756
            ],
            [
              116.33112,
              39.975838
            ],
            [
              116.331322,
              39.975846
            ],
            [
              116.331318,
              39.975899
            ],
            [
              116.331388,
              39.975901
            ],
            [
              116.331365,
              39.976257
            ],
            [
              116.331055,
              39.976246
            ],
            [
              116.331057,
              39.976211
            ],
            [
              116.330418,
              39.976186
            ],
            [
              116.330416,
              39.976218
            ],
            [
              116.330162,
              39.976208
            ]
          ]
        ],
        "type": "Polygon"
      },
      "id": "OSM-WAY-194581068-INNOVATION",
      "properties": {
        "building": "yes",
        "evidence_status": "contextual",
        "id": "OSM-WAY-194581068-INNOVATION",
        "layer": "innovation",
        "name": "希格玛大厦",
        "name:en": "Sigma Building",
        "name:zh": "希格玛大厦",
        "office": "it",
        "osm_id": 194581068,
        "osm_type": "way"
      },
      "type": "Feature"
    },
    {
      "geometry": {
        "coordinates": [
          [
            [
              116.381423,
              39.994602
            ],
            [
              116.381574,
              39.994605
            ],
            [
              116.381633,
              39.994607
            ],
            [
              116.381732,
              39.994609
            ],
            [
              116.381774,
              39.99461
            ],
            [
              116.381892,
              39.994614
            ],
            [
              116.382007,
              39.994616
            ],
            [
              116.382204,
              39.994622
            ],
            [
              116.382257,
              39.993395
            ],
            [
              116.38206,
              39.99339
            ],
            [
              116.38195,
              39.993388
            ],
            [
              116.381832,
              39.993384
            ],
            [
              116.381786,
              39.993383
            ],
            [
              116.381688,
              39.993381
            ],
            [
              116.381628,
              39.993379
            ],
            [
              116.381476,
              39.993375
            ],
            [
              116.381423,
              39.994602
            ]
          ]
        ],
        "type": "Polygon"
      },
      "id": "OSM-WAY-207890264-INNOVATION",
      "properties": {
        "building": "yes",
        "evidence_status": "contextual",
        "id": "OSM-WAY-207890264-INNOVATION",
        "layer": "innovation",
        "name": "数字北京",
        "office": "it",
        "osm_id": 207890264,
        "osm_type": "way"
      },
      "type": "Feature"
    },
    {
      "geometry": {
        "coordinates": [
          [
            [
              116.326177,
              39.990025
            ],
            [
              116.326174,
              39.989848
            ],
            [
              116.326278,
              39.989849
            ],
            [
              116.326271,
              39.989698
            ],
            [
              116.326312,
              39.989701
            ],
            [
              116.32631,
              39.989621
            ],
            [
              116.326556,
              39.989624
            ],
            [
              116.326546,
              39.990029
            ],
            [
              116.326177,
              39.990025
            ]
          ]
        ],
        "type": "Polygon"
      },
      "id": "OSM-WAY-207890266-INNOVATION",
      "properties": {
        "amenity": "research_institute",
        "building": "yes",
        "evidence_status": "contextual",
        "id": "OSM-WAY-207890266-INNOVATION",
        "layer": "innovation",
        "name": "中国社会科学院台湾研究所",
        "name:zh": "中国社会科学院台湾研究所",
        "osm_id": 207890266,
        "osm_type": "way"
      },
      "type": "Feature"
    },
    {
      "geometry": {
        "coordinates": [
          [
            [
              116.378228,
              40.004506
            ],
            [
              116.378211,
              40.004891
            ],
            [
              116.378681,
              40.004904
            ],
            [
              116.378676,
              40.005013
            ],
            [
              116.379245,
              40.005028
            ],
            [
              116.37943,
              40.005033
            ],
            [
              116.379437,
              40.004877
            ],
            [
              116.379252,
              40.004873
            ],
            [
              116.379256,
              40.004773
            ],
            [
              116.379162,
              40.004771
            ],
            [
              116.37917,
              40.004603
            ],
            [
              116.379681,
              40.004616
            ],
            [
              116.379687,
              40.004489
            ],
            [
              116.379229,
              40.004477
            ],
            [
              116.379231,
              40.004461
            ],
            [
              116.379228,
              40.004445
            ],
            [
              116.379213,
              40.004418
            ],
            [
              116.379188,
              40.004397
            ],
            [
              116.379165,
              40.004386
            ],
            [
              116.379139,
              40.00438
            ],
            [
              116.37911,
              40.004379
            ],
            [
              116.379081,
              40.004385
            ],
            [
              116.379055,
              40.004395
            ],
            [
              116.379031,
              40.004414
            ],
            [
              116.379015,
              40.004438
            ],
            [
              116.379011,
              40.004454
            ],
            [
              116.379011,
              40.004471
            ],
            [
              116.378851,
              40.004466
            ],
            [
              116.378845,
              40.004594
            ],
            [
              116.379058,
              40.0046
            ],
            [
              116.379051,
              40.004768
            ],
            [
              116.379028,
              40.004768
            ],
            [
              116.378899,
              40.004764
            ],
            [
              116.378574,
              40.004756
            ],
            [
              116.378331,
              40.00455
            ],
            [
              116.378333,
              40.004508
            ],
            [
              116.378326,
              40.004508
            ],
            [
              116.378325,
              40.004529
            ],
            [
              116.378309,
              40.004529
            ],
            [
              116.37831,
              40.004508
            ],
            [
              116.378228,
              40.004506
            ]
          ]
        ],
        "type": "Polygon"
      },
      "id": "OSM-WAY-221318893-INNOVATION",
      "properties": {
        "building": "yes",
        "evidence_status": "contextual",
        "id": "OSM-WAY-221318893-INNOVATION",
        "layer": "innovation",
        "name": "中国科学院空天信息创新研究院",
        "name:zh": "中国科学院空天信息创新研究院",
        "office": "research",
        "osm_id": 221318893,
        "osm_type": "way"
      },
      "type": "Feature"
    },
    {
      "geometry": {
        "coordinates": [
          [
            [
              116.320088,
              39.980673
            ],
            [
              116.320098,
              39.980438
            ],
            [
              116.32002,
              39.980436
            ],
            [
              116.320024,
              39.98036
            ],
            [
              116.320983,
              39.980386
            ],
            [
              116.320971,
              39.980664
            ],
            [
              116.321062,
              39.980666
            ],
            [
              116.32106,
              39.980699
            ],
            [
              116.320088,
              39.980673
            ]
          ]
        ],
        "type": "Polygon"
      },
      "id": "OSM-WAY-222609065-INNOVATION",
      "properties": {
        "building": "yes",
        "evidence_status": "contextual",
        "id": "OSM-WAY-222609065-INNOVATION",
        "layer": "innovation",
        "name": "中国科学院计算技术研究所",
        "name:zh": "中国科学院计算技术研究所",
        "office": "research",
        "osm_id": 222609065,
        "osm_type": "way"
      },
      "type": "Feature"
    },
    {
      "geometry": {
        "coordinates": [
          [
            [
              116.321886,
              40.00319
            ],
            [
              116.3219,
              40.002988
            ],
            [
              116.32201,
              40.003065
            ],
            [
              116.321961,
              40.002991
            ],
            [
              116.321943,
              40.002905
            ],
            [
              116.321971,
              40.002818
            ],
            [
              116.322027,
              40.002744
            ],
            [
              116.32212,
              40.002699
            ],
            [
              116.322227,
              40.002685
            ],
            [
              116.32233,
              40.002689
            ],
            [
              116.32244,
              40.002725
            ],
            [
              116.32251,
              40.002791
            ],
            [
              116.32255,
              40.002864
            ],
            [
              116.322556,
              40.00294
            ],
            [
              116.322534,
              40.003015
            ],
            [
              116.32308,
              40.003029
            ],
            [
              116.323068,
              40.003224
            ],
            [
              116.322245,
              40.003201
            ],
            [
              116.321886,
              40.00319
            ]
          ]
        ],
        "type": "Polygon"
      },
      "id": "OSM-WAY-226671429-INNOVATION",
      "properties": {
        "amenity": "library",
        "building": "yes",
        "evidence_status": "contextual",
        "id": "OSM-WAY-226671429-INNOVATION",
        "layer": "innovation",
        "name": "人文社科图书馆（凯风楼）",
        "name:en": "Humanities and Social Sciences Library (Kaifeng Building)",
        "name:zh": "人文社科图书馆（凯风楼）",
        "operator": "清华大学",
        "osm_id": 226671429,
        "osm_type": "way",
        "wheelchair": "yes"
      },
      "type": "Feature"
    },
    {
      "geometry": {
        "coordinates": [
          [
            [
              116.384749,
              39.964068
            ],
            [
              116.384758,
              39.963927
            ],
            [
              116.384765,
              39.963786
            ],
            [
              116.384715,
              39.963778
            ],
            [
              116.384654,
              39.963741
            ],
            [
              116.384661,
              39.963703
            ],
            [
              116.384679,
              39.963494
            ],
            [
              116.384687,
              39.963395
            ],
            [
              116.384687,
              39.963292
            ],
            [
              116.384688,
              39.963258
            ],
            [
              116.384697,
              39.963154
            ],
            [
              116.384705,
              39.963053
            ],
            [
              116.384712,
              39.962988
            ],
            [
              116.384722,
              39.962885
            ],
            [
              116.384737,
              39.962726
            ],
            [
              116.384672,
              39.962721
            ],
            [
              116.384673,
              39.962661
            ],
            [
              116.384736,
              39.962664
            ],
            [
              116.384742,
              39.962559
            ],
            [
              116.384751,
              39.962465
            ],
            [
              116.384765,
              39.96233
            ],
            [
              116.38474,
              39.962184
            ],
            [
              116.384746,
              39.962099
            ],
            [
              116.384757,
              39.961953
            ],
            [
              116.384763,
              39.961865
            ],
            [
              116.384685,
              39.961862
            ],
            [
              116.384598,
              39.961856
            ],
            [
              116.384565,
              39.961853
            ],
            [
              116.384442,
              39.961843
            ],
            [
              116.384401,
              39.961873
            ],
            [
              116.384378,
              39.961872
            ],
            [
              116.384381,
              39.961841
            ],
            [
              116.384296,
              39.961838
            ],
            [
              116.384215,
              39.961834
            ],
            [
              116.384213,
              39.961863
            ],
            [
              116.384202,
              39.961862
            ],
            [
              116.38416,
              39.961821
            ],
            [
              116.384023,
              39.961815
            ],
            [
              116.384006,
              39.961815
            ],
            [
              116.383954,
              39.961813
            ],
            [
              116.383912,
              39.961812
            ],
            [
              116.383791,
              39.961807
            ],
            [
              116.38379,
              39.961894
            ],
            [
              116.383789,
              39.962036
            ],
            [
              116.383789,
              39.962116
            ],
            [
              116.383887,
              39.96212
            ],
            [
              116.383886,
              39.962143
            ],
            [
              116.383884,
              39.96216
            ],
            [
              116.383883,
              39.962178
            ],
            [
              116.383876,
              39.962326
            ],
            [
              116.383861,
              39.962325
            ],
            [
              116.383857,
              39.962369
            ],
            [
              116.383823,
              39.962695
            ],
            [
              116.383813,
              39.962788
            ],
            [
              116.383804,
              39.962863
            ],
            [
              116.383795,
              39.962962
            ],
            [
              116.383716,
              39.963532
            ],
            [
              116.383702,
              39.963639
            ],
            [
              116.383687,
              39.963745
            ],
            [
              116.383672,
              39.96385
            ],
            [
              116.38367,
              39.963863
            ],
            [
              116.383635,
              39.963862
            ],
            [
              116.383616,
              39.964033
            ],
            [
              116.383679,
              39.964038
            ],
            [
              116.383674,
              39.964072
            ],
            [
              116.383659,
              39.964194
            ],
            [
              116.383651,
              39.964261
            ],
            [
              116.383572,
              39.964821
            ],
            [
              116.383612,
              39.964843
            ],
            [
              116.383918,
              39.964879
            ],
            [
              116.383937,
              39.964888
            ],
            [
              116.383937,
              39.964921
            ],
            [
              116.384551,
              39.964928
            ],
            [
              116.384585,
              39.964486
            ],
            [
              116.384722,
              39.96449
            ],
            [
              116.384749,
              39.964068
            ]
          ]
        ],
        "type": "Polygon"
      },
      "id": "OSM-WAY-232729787-INNOVATION",
      "properties": {
        "alt_name": "西黄寺",
        "amenity": "college",
        "evidence_status": "contextual",
        "id": "OSM-WAY-232729787-INNOVATION",
        "layer": "innovation",
        "name": "西黃寺（中国藏语系高级佛学院）",
        "name:zh": "西黃寺（中国藏语系高级佛学院）",
        "osm_id": 232729787,
        "osm_type": "way"
      },
      "type": "Feature"
    },
    {
      "geometry": {
        "coordinates": [
          [
            [
              116.343252,
              39.990139
            ],
            [
              116.343996,
              39.990147
            ],
            [
              116.343986,
              39.990622
            ],
            [
              116.343243,
              39.990614
            ],
            [
              116.343252,
              39.990139
            ]
          ]
        ],
        "type": "Polygon"
      },
      "id": "OSM-WAY-244249227-INNOVATION",
      "properties": {
        "amenity": "library",
        "building": "yes",
        "evidence_status": "contextual",
        "id": "OSM-WAY-244249227-INNOVATION",
        "layer": "innovation",
        "name": "中国地质图书馆",
        "name:zh": "中国地质图书馆",
        "osm_id": 244249227,
        "osm_type": "way"
      },
      "type": "Feature"
    },
    {
      "geometry": {
        "coordinates": [
          [
            [
              116.334384,
              39.991433
            ],
            [
              116.334453,
              39.989592
            ],
            [
              116.334627,
              39.987557
            ],
            [
              116.334797,
              39.985563
            ],
            [
              116.335817,
              39.985583
            ],
            [
              116.337226,
              39.98561
            ],
            [
              116.338051,
              39.985626
            ],
            [
              116.338014,
              39.986159
            ],
            [
              116.337952,
              39.986159
            ],
            [
              116.337887,
              39.986199
            ],
            [
              116.337869,
              39.986697
            ],
            [
              116.338191,
              39.98671
            ],
            [
              116.338159,
              39.98742
            ],
            [
              116.339697,
              39.987461
            ],
            [
              116.339692,
              39.987567
            ],
            [
              116.340688,
              39.987584
            ],
            [
              116.342167,
              39.98761
            ],
            [
              116.342247,
              39.987606
            ],
            [
              116.34679,
              39.987723
            ],
            [
              116.346626,
              39.991648
            ],
            [
              116.346416,
              39.991791
            ],
            [
              116.344608,
              39.991729
            ],
            [
              116.34213,
              39.991685
            ],
            [
              116.341032,
              39.991646
            ],
            [
              116.3372,
              39.991504
            ],
            [
              116.337111,
              39.991559
            ],
            [
              116.335189,
              39.991507
            ],
            [
              116.335153,
              39.991452
            ],
            [
              116.334384,
              39.991433
            ]
          ]
        ],
        "type": "Polygon"
      },
      "id": "OSM-WAY-245164271-INNOVATION",
      "properties": {
        "alt_name": "中地,北地",
        "amenity": "university",
        "evidence_status": "contextual",
        "id": "OSM-WAY-245164271-INNOVATION",
        "layer": "innovation",
        "name": "中国地质大学（北京）",
        "name:en": "China University of Geosciences at Beijing",
        "name:zh": "中国地质大学（北京）",
        "operator": "中华人民共和国教育部",
        "osm_id": 245164271,
        "osm_type": "way"
      },
      "type": "Feature"
    },
    {
      "geometry": {
        "coordinates": [
          [
            [
              116.37822,
              40.00294
            ],
            [
              116.378222,
              40.002978
            ],
            [
              116.378248,
              40.002994
            ],
            [
              116.378289,
              40.002994
            ],
            [
              116.378361,
              40.003055
            ],
            [
              116.37843,
              40.003006
            ],
            [
              116.378522,
              40.002941
            ],
            [
              116.37856,
              40.002942
            ],
            [
              116.378559,
              40.00297
            ],
            [
              116.37851,
              40.003
            ],
            [
              116.378503,
              40.003123
            ],
            [
              116.378537,
              40.003157
            ],
            [
              116.378787,
              40.003161
            ],
            [
              116.378925,
              40.003163
            ],
            [
              116.379193,
              40.003167
            ],
            [
              116.379194,
              40.00315
            ],
            [
              116.379375,
              40.003153
            ],
            [
              116.379375,
              40.00314
            ],
            [
              116.379392,
              40.003141
            ],
            [
              116.379392,
              40.003156
            ],
            [
              116.379427,
              40.003157
            ],
            [
              116.379449,
              40.003155
            ],
            [
              116.379462,
              40.003151
            ],
            [
              116.379472,
              40.003144
            ],
            [
              116.379479,
              40.003136
            ],
            [
              116.379484,
              40.003126
            ],
            [
              116.379485,
              40.003112
            ],
            [
              116.379485,
              40.003101
            ],
            [
              116.37949,
              40.002865
            ],
            [
              116.37943,
              40.002864
            ],
            [
              116.379375,
              40.002863
            ],
            [
              116.379374,
              40.002888
            ],
            [
              116.379319,
              40.002887
            ],
            [
              116.379316,
              40.00301
            ],
            [
              116.37904,
              40.003006
            ],
            [
              116.378951,
              40.002932
            ],
            [
              116.378941,
              40.002924
            ],
            [
              116.378926,
              40.002912
            ],
            [
              116.378813,
              40.002818
            ],
            [
              116.378717,
              40.002815
            ],
            [
              116.378719,
              40.002766
            ],
            [
              116.378681,
              40.002765
            ],
            [
              116.378641,
              40.002764
            ],
            [
              116.378638,
              40.002813
            ],
            [
              116.378485,
              40.002809
            ],
            [
              116.378466,
              40.002822
            ],
            [
              116.378431,
              40.00279
            ],
            [
              116.378431,
              40.00272
            ],
            [
              116.378398,
              40.002693
            ],
            [
              116.378357,
              40.002658
            ],
            [
              116.37826,
              40.002657
            ],
            [
              116.378179,
              40.002714
            ],
            [
              116.378181,
              40.002787
            ],
            [
              116.378256,
              40.002843
            ],
            [
              116.378357,
              40.002842
            ],
            [
              116.378391,
              40.002872
            ],
            [
              116.378322,
              40.002918
            ],
            [
              116.378243,
              40.002919
            ],
            [
              116.37822,
              40.00294
            ]
          ]
        ],
        "type": "Polygon"
      },
      "id": "OSM-WAY-245752958-INNOVATION",
      "properties": {
        "building": "yes",
        "evidence_status": "contextual",
        "id": "OSM-WAY-245752958-INNOVATION",
        "layer": "innovation",
        "name": "国家天文台A座",
        "name:en": "Building A, NAOC",
        "name:zh": "国家天文台A座",
        "office": "research",
        "osm_id": 245752958,
        "osm_type": "way"
      },
      "type": "Feature"
    },
    {
      "geometry": {
        "coordinates": [
          [
            [
              116.37944,
              40.002532
            ],
            [
              116.379452,
              40.002532
            ],
            [
              116.379957,
              40.002539
            ],
            [
              116.379951,
              40.002781
            ],
            [
              116.380092,
              40.002783
            ],
            [
              116.380101,
              40.002401
            ],
            [
              116.379899,
              40.002398
            ],
            [
              116.379802,
              40.002397
            ],
            [
              116.379508,
              40.002392
            ],
            [
              116.379435,
              40.002391
            ],
            [
              116.379435,
              40.002373
            ],
            [
              116.37896,
              40.002366
            ],
            [
              116.378573,
              40.00236
            ],
            [
              116.378305,
              40.002356
            ],
            [
              116.378214,
              40.002355
            ],
            [
              116.37821,
              40.002514
            ],
            [
              116.378301,
              40.002516
            ],
            [
              116.378522,
              40.002519
            ],
            [
              116.378569,
              40.002519
            ],
            [
              116.378642,
              40.00252
            ],
            [
              116.378956,
              40.002525
            ],
            [
              116.379077,
              40.002527
            ],
            [
              116.379381,
              40.002531
            ],
            [
              116.379431,
              40.002532
            ],
            [
              116.37944,
              40.002532
            ]
          ]
        ],
        "type": "Polygon"
      },
      "id": "OSM-WAY-245752966-INNOVATION",
      "properties": {
        "building": "yes",
        "evidence_status": "contextual",
        "id": "OSM-WAY-245752966-INNOVATION",
        "layer": "innovation",
        "name": "国家天文台B/C座",
        "name:en": "Building B & C, NAOC (Complex of Moon & Deep space Detection Headquarters, Space Astronomy Technology Laboratory)",
        "name:zh": "国家天文台B/C座",
        "office": "research",
        "osm_id": 245752966,
        "osm_type": "way"
      },
      "type": "Feature"
    },
    {
      "geometry": {
        "coordinates": [
          [
            [
              116.379209,
              40.004026
            ],
            [
              116.379205,
              40.0041
            ],
            [
              116.379476,
              40.004108
            ],
            [
              116.379492,
              40.003797
            ],
            [
              116.378817,
              40.003777
            ],
            [
              116.378812,
              40.00387
            ],
            [
              116.378765,
              40.003869
            ],
            [
              116.37876,
              40.003968
            ],
            [
              116.37886,
              40.003971
            ],
            [
              116.378857,
              40.004016
            ],
            [
              116.379209,
              40.004026
            ]
          ]
        ],
        "type": "Polygon"
      },
      "id": "OSM-WAY-245753062-INNOVATION",
      "properties": {
        "building": "yes",
        "evidence_status": "contextual",
        "id": "OSM-WAY-245753062-INNOVATION",
        "layer": "innovation",
        "name": "中国科学院北京基因组研究所",
        "name:zh": "中国科学院北京基因组研究所",
        "office": "research",
        "osm_id": 245753062,
        "osm_type": "way"
      },
      "type": "Feature"
    },
    {
      "geometry": {
        "coordinates": [
          [
            [
              116.342826,
              39.997437
            ],
            [
              116.343723,
              39.99745
            ],
            [
              116.343732,
              39.997076
            ],
            [
              116.342835,
              39.997063
            ],
            [
              116.342826,
              39.997437
            ]
          ]
        ],
        "type": "Polygon"
      },
      "id": "OSM-WAY-247351547-INNOVATION",
      "properties": {
        "amenity": "library",
        "building": "yes",
        "evidence_status": "contextual",
        "id": "OSM-WAY-247351547-INNOVATION",
        "layer": "innovation",
        "name": "矿大图书馆",
        "name:zh": "矿大图书馆",
        "osm_id": 247351547,
        "osm_type": "way"
      },
      "type": "Feature"
    },
    {
      "geometry": {
        "coordinates": [
          [
            [
              116.334048,
              39.95668
            ],
            [
              116.33901,
              39.956953
            ],
            [
              116.339016,
              39.957222
            ],
            [
              116.339405,
              39.957311
            ],
            [
              116.339146,
              39.957897
            ],
            [
              116.338906,
              39.958458
            ],
            [
              116.338647,
              39.959093
            ],
            [
              116.33842,
              39.959662
            ],
            [
              116.337046,
              39.95964
            ],
            [
              116.335959,
              39.959486
            ],
            [
              116.335103,
              39.959422
            ],
            [
              116.334955,
              39.959411
            ],
            [
              116.333957,
              39.959426
            ],
            [
              116.333031,
              39.959447
            ],
            [
              116.333054,
              39.958911
            ],
            [
              116.333167,
              39.958557
            ],
            [
              116.33351,
              39.958398
            ],
            [
              116.333556,
              39.957296
            ],
            [
              116.334048,
              39.95668
            ]
          ]
        ],
        "type": "Polygon"
      },
      "id": "OSM-WAY-248393687-INNOVATION",
      "properties": {
        "amenity": "university",
        "evidence_status": "contextual",
        "id": "OSM-WAY-248393687-INNOVATION",
        "layer": "innovation",
        "name": "中央财经大学",
        "name:en": "Central University of Finance and Economics",
        "name:zh": "中央财经大学",
        "osm_id": 248393687,
        "osm_type": "way"
      },
      "type": "Feature"
    },
    {
      "geometry": {
        "coordinates": [
          [
            [
              116.337001,
              39.994986
            ],
            [
              116.33718,
              39.991839
            ],
            [
              116.346518,
              39.992149
            ],
            [
              116.346541,
              39.995198
            ],
            [
              116.346378,
              39.995196
            ],
            [
              116.346277,
              39.995195
            ],
            [
              116.346278,
              39.995147
            ],
            [
              116.340896,
              39.994998
            ],
            [
              116.340462,
              39.995118
            ],
            [
              116.337044,
              39.995013
            ],
            [
              116.337001,
              39.994986
            ]
          ]
        ],
        "type": "Polygon"
      },
      "id": "OSM-WAY-256753335-INNOVATION",
      "properties": {
        "amenity": "university",
        "evidence_status": "contextual",
        "id": "OSM-WAY-256753335-INNOVATION",
        "layer": "innovation",
        "name": "北京语言大学",
        "name:en": "Beijing Language and Culture University",
        "osm_id": 256753335,
        "osm_type": "way"
      },
      "type": "Feature"
    },
    {
      "geometry": {
        "coordinates": [
          [
            [
              116.339126,
              39.947374
            ],
            [
              116.33922,
              39.946801
            ],
            [
              116.339164,
              39.946774
            ],
            [
              116.339215,
              39.946545
            ],
            [
              116.339388,
              39.946511
            ],
            [
              116.339635,
              39.944672
            ],
            [
              116.341337,
              39.944058
            ],
            [
              116.341943,
              39.943852
            ],
            [
              116.34205,
              39.945001
            ],
            [
              116.341893,
              39.946131
            ],
            [
              116.342615,
              39.946197
            ],
            [
              116.34253,
              39.946631
            ],
            [
              116.341789,
              39.946585
            ],
            [
              116.341772,
              39.946702
            ],
            [
              116.341657,
              39.946692
            ],
            [
              116.341549,
              39.947421
            ],
            [
              116.340352,
              39.947318
            ],
            [
              116.340336,
              39.947428
            ],
            [
              116.339126,
              39.947374
            ]
          ]
        ],
        "type": "Polygon"
      },
      "id": "OSM-WAY-266297360-INNOVATION",
      "properties": {
        "amenity": "university",
        "evidence_status": "contextual",
        "id": "OSM-WAY-266297360-INNOVATION",
        "layer": "innovation",
        "name": "北京交通大学东校区",
        "name:en": "Beijing Jiaotong University east campus",
        "osm_id": 266297360,
        "osm_type": "way"
      },
      "type": "Feature"
    },
    {
      "geometry": {
        "coordinates": [
          [
            [
              116.333782,
              39.94764
            ],
            [
              116.333321,
              39.947564
            ],
            [
              116.332546,
              39.948023
            ],
            [
              116.332064,
              39.948346
            ],
            [
              116.331847,
              39.948493
            ],
            [
              116.331625,
              39.948672
            ],
            [
              116.331521,
              39.948752
            ],
            [
              116.330801,
              39.949553
            ],
            [
              116.330719,
              39.949704
            ],
            [
              116.330622,
              39.949864
            ],
            [
              116.330501,
              39.950064
            ],
            [
              116.330384,
              39.950294
            ],
            [
              116.330279,
              39.950586
            ],
            [
              116.330218,
              39.950778
            ],
            [
              116.33016,
              39.951003
            ],
            [
              116.330119,
              39.951211
            ],
            [
              116.330056,
              39.951591
            ],
            [
              116.330784,
              39.951711
            ],
            [
              116.330775,
              39.951801
            ],
            [
              116.330883,
              39.951822
            ],
            [
              116.332156,
              39.952024
            ],
            [
              116.333512,
              39.952254
            ],
            [
              116.333671,
              39.951709
            ],
            [
              116.33596,
              39.952122
            ],
            [
              116.336543,
              39.952228
            ],
            [
              116.336984,
              39.952308
            ],
            [
              116.337563,
              39.952414
            ],
            [
              116.33791,
              39.95132
            ],
            [
              116.340535,
              39.95176
            ],
            [
              116.340416,
              39.952257
            ],
            [
              116.341448,
              39.952413
            ],
            [
              116.341038,
              39.954012
            ],
            [
              116.341764,
              39.954118
            ],
            [
              116.342196,
              39.95414
            ],
            [
              116.342562,
              39.954027
            ],
            [
              116.342693,
              39.953487
            ],
            [
              116.342749,
              39.95305
            ],
            [
              116.342784,
              39.952863
            ],
            [
              116.342843,
              39.952724
            ],
            [
              116.343062,
              39.952778
            ],
            [
              116.343143,
              39.952829
            ],
            [
              116.343263,
              39.952849
            ],
            [
              116.343343,
              39.952833
            ],
            [
              116.343456,
              39.952789
            ],
            [
              116.343533,
              39.952705
            ],
            [
              116.343544,
              39.952645
            ],
            [
              116.343605,
              39.952543
            ],
            [
              116.343717,
              39.952423
            ],
            [
              116.343738,
              39.952346
            ],
            [
              116.343698,
              39.952266
            ],
            [
              116.343589,
              39.952218
            ],
            [
              116.343473,
              39.952174
            ],
            [
              116.342872,
              39.952181
            ],
            [
              116.342699,
              39.952142
            ],
            [
              116.342544,
              39.952168
            ],
            [
              116.34239,
              39.95217
            ],
            [
              116.34163,
              39.952065
            ],
            [
              116.341348,
              39.952029
            ],
            [
              116.342104,
              39.949409
            ],
            [
              116.337177,
              39.947944
            ],
            [
              116.337469,
              39.947329
            ],
            [
              116.335782,
              39.946806
            ],
            [
              116.335409,
              39.947879
            ],
            [
              116.335366,
              39.947871
            ],
            [
              116.335309,
              39.947861
            ],
            [
              116.333782,
              39.94764
            ]
          ]
        ],
        "type": "Polygon"
      },
      "id": "OSM-WAY-266512538-INNOVATION",
      "properties": {
        "amenity": "university",
        "evidence_status": "contextual",
        "id": "OSM-WAY-266512538-INNOVATION",
        "layer": "innovation",
        "name": "北京交通大学主校区",
        "name:en": "Beijing Jiaotong University main campus",
        "osm_id": 266512538,
        "osm_type": "way"
      },
      "type": "Feature"
    },
    {
      "geometry": {
        "coordinates": [
          [
            [
              116.35903,
              39.98625
            ],
            [
              116.359026,
              39.98807
            ],
            [
              116.358862,
              39.992149
            ],
            [
              116.349793,
              39.991936
            ],
            [
              116.349805,
              39.991678
            ],
            [
              116.349205,
              39.991667
            ],
            [
              116.349198,
              39.991787
            ],
            [
              116.349103,
              39.991782
            ],
            [
              116.349097,
              39.991862
            ],
            [
              116.347356,
              39.991804
            ],
            [
              116.347463,
              39.9888
            ],
            [
              116.347571,
              39.987711
            ],
            [
              116.347574,
              39.987498
            ],
            [
              116.347625,
              39.986882
            ],
            [
              116.347693,
              39.986066
            ],
            [
              116.347845,
              39.985987
            ],
            [
              116.349603,
              39.986053
            ],
            [
              116.349797,
              39.985946
            ],
            [
              116.349962,
              39.985951
            ],
            [
              116.350257,
              39.98597
            ],
            [
              116.350265,
              39.985943
            ],
            [
              116.351963,
              39.985987
            ],
            [
              116.35903,
              39.98625
            ]
          ]
        ],
        "type": "Polygon"
      },
      "id": "OSM-WAY-277989175-INNOVATION",
      "properties": {
        "alt_name": "北科",
        "amenity": "university",
        "evidence_status": "contextual",
        "id": "OSM-WAY-277989175-INNOVATION",
        "layer": "innovation",
        "name": "北京科技大学",
        "name:en": "University of Science and Technology Beijing",
        "name:zh": "北京科技大学",
        "operator": "中华人民共和国教育部",
        "osm_id": 277989175,
        "osm_type": "way"
      },
      "type": "Feature"
    },
    {
      "geometry": {
        "coordinates": [
          [
            [
              116.351059,
              40.005018
            ],
            [
              116.351673,
              40.00503
            ],
            [
              116.351707,
              40.004084
            ],
            [
              116.350985,
              40.004069
            ],
            [
              116.350978,
              40.004241
            ],
            [
              116.351313,
              40.004247
            ],
            [
              116.351306,
              40.004443
            ],
            [
              116.351292,
              40.004821
            ],
            [
              116.351066,
              40.004816
            ],
            [
              116.351059,
              40.005018
            ]
          ]
        ],
        "type": "Polygon"
      },
      "id": "OSM-WAY-279281877-INNOVATION",
      "properties": {
        "amenity": "college",
        "building": "school",
        "evidence_status": "contextual",
        "id": "OSM-WAY-279281877-INNOVATION",
        "layer": "innovation",
        "name": "工学院",
        "name:zh": "工学院",
        "osm_id": 279281877,
        "osm_type": "way"
      },
      "type": "Feature"
    },
    {
      "geometry": {
        "coordinates": [
          [
            [
              116.348867,
              39.963535
            ],
            [
              116.354686,
              39.963696
            ],
            [
              116.354967,
              39.956862
            ],
            [
              116.354913,
              39.956809
            ],
            [
              116.351834,
              39.956814
            ],
            [
              116.349307,
              39.956811
            ],
            [
              116.34921,
              39.956888
            ],
            [
              116.349209,
              39.956919
            ],
            [
              116.348867,
              39.963535
            ]
          ]
        ],
        "type": "Polygon"
      },
      "id": "OSM-WAY-279303636-INNOVATION",
      "properties": {
        "amenity": "university",
        "evidence_status": "contextual",
        "id": "OSM-WAY-279303636-INNOVATION",
        "layer": "innovation",
        "name": "北京邮电大学",
        "name:en": "Beijing University of Posts and Telecommunications",
        "name:zh": "北京邮电大学",
        "osm_id": 279303636,
        "osm_type": "way"
      },
      "type": "Feature"
    },
    {
      "geometry": {
        "coordinates": [
          [
            [
              116.341267,
              39.994409
            ],
            [
              116.341785,
              39.994429
            ],
            [
              116.341802,
              39.994172
            ],
            [
              116.341858,
              39.994175
            ],
            [
              116.341864,
              39.994089
            ],
            [
              116.34164,
              39.99408
            ],
            [
              116.341645,
              39.994012
            ],
            [
              116.341232,
              39.993995
            ],
            [
              116.34122,
              39.994166
            ],
            [
              116.341283,
              39.994169
            ],
            [
              116.341267,
              39.994409
            ]
          ]
        ],
        "type": "Polygon"
      },
      "id": "OSM-WAY-290283254-INNOVATION",
      "properties": {
        "amenity": "library",
        "building": "yes",
        "evidence_status": "contextual",
        "id": "OSM-WAY-290283254-INNOVATION",
        "layer": "innovation",
        "osm_id": 290283254,
        "osm_type": "way"
      },
      "type": "Feature"
    },
    {
      "geometry": {
        "coordinates": [
          [
            [
              116.355385,
              39.999102
            ],
            [
              116.35653,
              39.999136
            ],
            [
              116.356518,
              39.999373
            ],
            [
              116.355373,
              39.999339
            ],
            [
              116.355385,
              39.999102
            ]
          ]
        ],
        "type": "Polygon"
      },
      "id": "OSM-WAY-297483973-INNOVATION",
      "properties": {
        "building": "yes",
        "evidence_status": "contextual",
        "id": "OSM-WAY-297483973-INNOVATION",
        "layer": "innovation",
        "office": "research",
        "osm_id": 297483973,
        "osm_type": "way"
      },
      "type": "Feature"
    },
    {
      "geometry": {
        "coordinates": [
          [
            [
              116.33712,
              40.020605
            ],
            [
              116.339625,
              40.020451
            ],
            [
              116.339642,
              40.020591
            ],
            [
              116.341012,
              40.02049
            ],
            [
              116.341005,
              40.020365
            ],
            [
              116.341075,
              40.020369
            ],
            [
              116.34098,
              40.019602
            ],
            [
              116.340918,
              40.01926
            ],
            [
              116.340966,
              40.019234
            ],
            [
              116.340887,
              40.018658
            ],
            [
              116.340026,
              40.01868
            ],
            [
              116.340008,
              40.018464
            ],
            [
              116.338999,
              40.01851
            ],
            [
              116.338944,
              40.018977
            ],
            [
              116.338896,
              40.019261
            ],
            [
              116.338057,
              40.019223
            ],
            [
              116.338028,
              40.018849
            ],
            [
              116.337639,
              40.018852
            ],
            [
              116.337529,
              40.01918
            ],
            [
              116.337468,
              40.01931
            ],
            [
              116.33739,
              40.019647
            ],
            [
              116.337208,
              40.019811
            ],
            [
              116.33713,
              40.020267
            ],
            [
              116.33712,
              40.020605
            ]
          ]
        ],
        "type": "Polygon"
      },
      "id": "OSM-WAY-298041155-INNOVATION",
      "properties": {
        "amenity": "college",
        "evidence_status": "contextual",
        "id": "OSM-WAY-298041155-INNOVATION",
        "layer": "innovation",
        "name": "北京培黎职业学院",
        "name:en": "Beijing Bailie University",
        "name:zh": "北京培黎职业学院",
        "osm_id": 298041155,
        "osm_type": "way"
      },
      "type": "Feature"
    },
    {
      "geometry": {
        "coordinates": [
          [
            [
              116.320191,
              39.935033
            ],
            [
              116.320843,
              39.935029
            ],
            [
              116.320862,
              39.935865
            ],
            [
              116.320433,
              39.935868
            ],
            [
              116.320433,
              39.935828
            ],
            [
              116.320385,
              39.935829
            ],
            [
              116.320384,
              39.935888
            ],
            [
              116.320159,
              39.935891
            ],
            [
              116.320191,
              39.935033
            ]
          ]
        ],
        "type": "Polygon"
      },
      "id": "OSM-WAY-299052599-INNOVATION",
      "properties": {
        "building": "yes",
        "evidence_status": "contextual",
        "id": "OSM-WAY-299052599-INNOVATION",
        "layer": "innovation",
        "name": "中国机械科学研究总院",
        "office": "research",
        "osm_id": 299052599,
        "osm_type": "way"
      },
      "type": "Feature"
    },
    {
      "geometry": {
        "coordinates": [
          [
            [
              116.324748,
              39.98117
            ],
            [
              116.326753,
              39.981232
            ],
            [
              116.326954,
              39.981079
            ],
            [
              116.327057,
              39.979932
            ],
            [
              116.327013,
              39.979904
            ],
            [
              116.324712,
              39.979826
            ],
            [
              116.324713,
              39.979863
            ],
            [
              116.324703,
              39.980237
            ],
            [
              116.324682,
              39.980849
            ],
            [
              116.324674,
              39.981058
            ],
            [
              116.324748,
              39.98117
            ]
          ]
        ],
        "type": "Polygon"
      },
      "id": "OSM-WAY-302985253-INNOVATION",
      "properties": {
        "alt_name": "中科院物理所",
        "amenity": "research_institute",
        "evidence_status": "contextual",
        "id": "OSM-WAY-302985253-INNOVATION",
        "layer": "innovation",
        "name": "中国科学院物理研究所",
        "name:en": "Institute of Physics, Chinese Academy of Sciences",
        "name:zh": "中国科学院物理研究所",
        "operator": "中国科学院",
        "osm_id": 302985253,
        "osm_type": "way"
      },
      "type": "Feature"
    },
    {
      "geometry": {
        "coordinates": [
          [
            [
              116.323217,
              39.981131
            ],
            [
              116.324196,
              39.981161
            ],
            [
              116.324613,
              39.981176
            ],
            [
              116.324674,
              39.981058
            ],
            [
              116.324682,
              39.980849
            ],
            [
              116.324703,
              39.980237
            ],
            [
              116.324713,
              39.979863
            ],
            [
              116.324712,
              39.979826
            ],
            [
              116.323966,
              39.979799
            ],
            [
              116.323739,
              39.979793
            ],
            [
              116.322992,
              39.979782
            ],
            [
              116.322999,
              39.980255
            ],
            [
              116.322991,
              39.980644
            ],
            [
              116.323237,
              39.980654
            ],
            [
              116.323237,
              39.980689
            ],
            [
              116.323217,
              39.981131
            ]
          ]
        ],
        "type": "Polygon"
      },
      "id": "OSM-WAY-302985254-INNOVATION",
      "properties": {
        "amenity": "college",
        "evidence_status": "contextual",
        "id": "OSM-WAY-302985254-INNOVATION",
        "layer": "innovation",
        "name": "中国科学院大学中关村校区",
        "name:en": "University of Chinese Academy of Sciences (UCAS) Zhongguancun Campus",
        "name:zh": "中国科学院大学中关村校区",
        "osm_id": 302985254,
        "osm_type": "way"
      },
      "type": "Feature"
    },
    {
      "geometry": {
        "coordinates": [
          [
            [
              116.31974,
              39.958195
            ],
            [
              116.320101,
              39.958219
            ],
            [
              116.32011,
              39.958151
            ],
            [
              116.320381,
              39.958171
            ],
            [
              116.320371,
              39.958238
            ],
            [
              116.320721,
              39.958261
            ],
            [
              116.320641,
              39.958951
            ],
            [
              116.319932,
              39.958903
            ],
            [
              116.319924,
              39.958978
            ],
            [
              116.319876,
              39.958974
            ],
            [
              116.319688,
              39.958962
            ],
            [
              116.319652,
              39.958959
            ],
            [
              116.31974,
              39.958195
            ]
          ]
        ],
        "type": "Polygon"
      },
      "id": "OSM-WAY-305570856-INNOVATION",
      "properties": {
        "amenity": "library",
        "building": "yes",
        "evidence_status": "contextual",
        "id": "OSM-WAY-305570856-INNOVATION",
        "layer": "innovation",
        "name": "国家农业图书馆",
        "name:en": "National Agricultural Library",
        "osm_id": 305570856,
        "osm_type": "way"
      },
      "type": "Feature"
    },
    {
      "geometry": {
        "coordinates": [
          [
            [
              116.320903,
              39.958263
            ],
            [
              116.320865,
              39.958612
            ],
            [
              116.321047,
              39.958623
            ],
            [
              116.321053,
              39.958569
            ],
            [
              116.321069,
              39.958414
            ],
            [
              116.321252,
              39.958425
            ],
            [
              116.321391,
              39.958434
            ],
            [
              116.321397,
              39.958377
            ],
            [
              116.321431,
              39.958379
            ],
            [
              116.321439,
              39.958297
            ],
            [
              116.320903,
              39.958263
            ]
          ]
        ],
        "type": "Polygon"
      },
      "id": "OSM-WAY-305570893-INNOVATION",
      "properties": {
        "building": "yes",
        "evidence_status": "contextual",
        "id": "OSM-WAY-305570893-INNOVATION",
        "layer": "innovation",
        "name": "中国农业科学院生物技术研究所",
        "name:en": "Biotechnology Research Institute, CAAS",
        "office": "research",
        "osm_id": 305570893,
        "osm_type": "way"
      },
      "type": "Feature"
    },
    {
      "geometry": {
        "coordinates": [
          [
            [
              116.300749,
              39.971295
            ],
            [
              116.302916,
              39.971619
            ],
            [
              116.304987,
              39.97192
            ],
            [
              116.306128,
              39.972064
            ],
            [
              116.310623,
              39.972375
            ],
            [
              116.311639,
              39.972462
            ],
            [
              116.311895,
              39.97024
            ],
            [
              116.312962,
              39.970387
            ],
            [
              116.314028,
              39.967348
            ],
            [
              116.312034,
              39.967068
            ],
            [
              116.305332,
              39.966127
            ],
            [
              116.305315,
              39.966149
            ],
            [
              116.304862,
              39.966078
            ],
            [
              116.304699,
              39.967272
            ],
            [
              116.303559,
              39.967194
            ],
            [
              116.301307,
              39.967027
            ],
            [
              116.301302,
              39.967083
            ],
            [
              116.301145,
              39.968609
            ],
            [
              116.301099,
              39.968839
            ],
            [
              116.300749,
              39.971295
            ]
          ]
        ],
        "type": "Polygon"
      },
      "id": "OSM-WAY-30725330-INNOVATION",
      "properties": {
        "amenity": "university",
        "evidence_status": "contextual",
        "id": "OSM-WAY-30725330-INNOVATION",
        "layer": "innovation",
        "name": "中国人民大学",
        "name:en": "Renmin University of China",
        "name:zh": "中国人民大学",
        "osm_id": 30725330,
        "osm_type": "way"
      },
      "type": "Feature"
    },
    {
      "geometry": {
        "coordinates": [
          [
            [
              116.30339,
              39.955756
            ],
            [
              116.308987,
              39.955783
            ],
            [
              116.316369,
              39.955658
            ],
            [
              116.316635,
              39.955659
            ],
            [
              116.316799,
              39.955696
            ],
            [
              116.316701,
              39.956668
            ],
            [
              116.316549,
              39.958249
            ],
            [
              116.316491,
              39.958239
            ],
            [
              116.316488,
              39.958266
            ],
            [
              116.316458,
              39.958465
            ],
            [
              116.316434,
              39.958612
            ],
            [
              116.316427,
              39.958643
            ],
            [
              116.316494,
              39.958654
            ],
            [
              116.3163,
              39.96006
            ],
            [
              116.307751,
              39.959954
            ],
            [
              116.303472,
              39.960003
            ],
            [
              116.303076,
              39.959998
            ],
            [
              116.302682,
              39.959991
            ],
            [
              116.303129,
              39.957404
            ],
            [
              116.30339,
              39.955756
            ]
          ]
        ],
        "type": "Polygon"
      },
      "id": "OSM-WAY-30748230-INNOVATION",
      "properties": {
        "amenity": "university",
        "evidence_status": "contextual",
        "id": "OSM-WAY-30748230-INNOVATION",
        "layer": "innovation",
        "name": "北京理工大学",
        "name:en": "Beijing Institute of Technology (BIT)",
        "osm_id": 30748230,
        "osm_type": "way"
      },
      "type": "Feature"
    },
    {
      "geometry": {
        "coordinates": [
          [
            [
              116.3553,
              39.956848
            ],
            [
              116.360237,
              39.95684
            ],
            [
              116.360237,
              39.956801
            ],
            [
              116.360512,
              39.956804
            ],
            [
              116.364084,
              39.956849
            ],
            [
              116.364289,
              39.956848
            ],
            [
              116.364403,
              39.956857
            ],
            [
              116.364487,
              39.956907
            ],
            [
              116.364513,
              39.956971
            ],
            [
              116.364478,
              39.957379
            ],
            [
              116.36445,
              39.957696
            ],
            [
              116.364218,
              39.960552
            ],
            [
              116.364117,
              39.961437
            ],
            [
              116.363225,
              39.961401
            ],
            [
              116.363145,
              39.963039
            ],
            [
              116.363097,
              39.963853
            ],
            [
              116.36192,
              39.963825
            ],
            [
              116.354996,
              39.963655
            ],
            [
              116.355122,
              39.961308
            ],
            [
              116.355141,
              39.960949
            ],
            [
              116.355182,
              39.958974
            ],
            [
              116.355215,
              39.957926
            ],
            [
              116.3553,
              39.956848
            ]
          ]
        ],
        "type": "Polygon"
      },
      "id": "OSM-WAY-30784020-INNOVATION",
      "properties": {
        "amenity": "university",
        "evidence_status": "contextual",
        "id": "OSM-WAY-30784020-INNOVATION",
        "layer": "innovation",
        "name": "北京师范大学",
        "name:en": "Beijing Normal University (BNU)",
        "name:zh": "北京师范大学",
        "osm_id": 30784020,
        "osm_type": "way"
      },
      "type": "Feature"
    },
    {
      "geometry": {
        "coordinates": [
          [
            [
              116.308842,
              39.946548
            ],
            [
              116.308987,
              39.945626
            ],
            [
              116.309107,
              39.94553
            ],
            [
              116.309906,
              39.945573
            ],
            [
              116.309805,
              39.9462
            ],
            [
              116.309705,
              39.946644
            ],
            [
              116.308842,
              39.946548
            ]
          ]
        ],
        "type": "Polygon"
      },
      "id": "OSM-WAY-361818277-INNOVATION",
      "properties": {
        "amenity": "research_institute",
        "evidence_status": "contextual",
        "id": "OSM-WAY-361818277-INNOVATION",
        "layer": "innovation",
        "name": "中国地震局地球物理研究所",
        "name:zh": "中国地震局地球物理研究所",
        "osm_id": 361818277,
        "osm_type": "way"
      },
      "type": "Feature"
    },
    {
      "geometry": {
        "coordinates": [
          [
            [
              116.319504,
              39.985839
            ],
            [
              116.319686,
              39.985844
            ],
            [
              116.319696,
              39.985594
            ],
            [
              116.320703,
              39.985617
            ],
            [
              116.32068,
              39.986234
            ],
            [
              116.320865,
              39.986238
            ],
            [
              116.320877,
              39.985926
            ],
            [
              116.320899,
              39.985926
            ],
            [
              116.320918,
              39.985408
            ],
            [
              116.320716,
              39.985404
            ],
            [
              116.320714,
              39.985455
            ],
            [
              116.320291,
              39.985445
            ],
            [
              116.320294,
              39.985393
            ],
            [
              116.320083,
              39.985388
            ],
            [
              116.320081,
              39.985438
            ],
            [
              116.319762,
              39.985431
            ],
            [
              116.319764,
              39.98536
            ],
            [
              116.319522,
              39.985354
            ],
            [
              116.319504,
              39.985839
            ]
          ]
        ],
        "type": "Polygon"
      },
      "id": "OSM-WAY-362343163-INNOVATION",
      "properties": {
        "building": "yes",
        "evidence_status": "contextual",
        "id": "OSM-WAY-362343163-INNOVATION",
        "layer": "innovation",
        "name": "中国科学院空天信息研究院",
        "office": "research",
        "osm_id": 362343163,
        "osm_type": "way"
      },
      "type": "Feature"
    },
    {
      "geometry": {
        "coordinates": [
          [
            [
              116.311239,
              39.951757
            ],
            [
              116.31109,
              39.95042
            ],
            [
              116.312025,
              39.950173
            ],
            [
              116.312143,
              39.949199
            ],
            [
              116.312461,
              39.947015
            ],
            [
              116.315923,
              39.947296
            ],
            [
              116.317139,
              39.947395
            ],
            [
              116.31792,
              39.947458
            ],
            [
              116.317239,
              39.952269
            ],
            [
              116.311239,
              39.951757
            ]
          ]
        ],
        "type": "Polygon"
      },
      "id": "OSM-WAY-365025448-INNOVATION",
      "properties": {
        "amenity": "university",
        "evidence_status": "contextual",
        "id": "OSM-WAY-365025448-INNOVATION",
        "layer": "innovation",
        "name": "中央民族大学",
        "name:en": "Minzu University of China",
        "name:zh": "中央民族大学",
        "osm_id": 365025448,
        "osm_type": "way"
      },
      "type": "Feature"
    },
    {
      "geometry": {
        "coordinates": [
          [
            [
              116.343727,
              39.962487
            ],
            [
              116.34391,
              39.962488
            ],
            [
              116.344626,
              39.962534
            ],
            [
              116.345095,
              39.962553
            ],
            [
              116.3455,
              39.962558
            ],
            [
              116.345613,
              39.962498
            ],
            [
              116.346892,
              39.962532
            ],
            [
              116.346701,
              39.964894
            ],
            [
              116.346527,
              39.965382
            ],
            [
              116.345725,
              39.965376
            ],
            [
              116.345675,
              39.96534
            ],
            [
              116.34407,
              39.965288
            ],
            [
              116.344037,
              39.965546
            ],
            [
              116.3431,
              39.965533
            ],
            [
              116.343147,
              39.964591
            ],
            [
              116.343217,
              39.963463
            ],
            [
              116.343676,
              39.96347
            ],
            [
              116.343665,
              39.962768
            ],
            [
              116.343134,
              39.962772
            ],
            [
              116.343084,
              39.962456
            ],
            [
              116.343727,
              39.962487
            ]
          ]
        ],
        "type": "Polygon"
      },
      "id": "OSM-WAY-378420724-INNOVATION",
      "properties": {
        "amenity": "university",
        "evidence_status": "contextual",
        "id": "OSM-WAY-378420724-INNOVATION",
        "layer": "innovation",
        "name": "中国政法大学（学院路校区）",
        "name:en": "China University of Political Science and Law",
        "name:zh": "中国政法大学（学院路校区）",
        "osm_id": 378420724,
        "osm_type": "way",
        "wheelchair": "yes"
      },
      "type": "Feature"
    },
    {
      "geometry": {
        "coordinates": [
          [
            [
              116.301596,
              39.936733
            ],
            [
              116.302138,
              39.936746
            ],
            [
              116.302149,
              39.936635
            ],
            [
              116.30224,
              39.93647
            ],
            [
              116.302224,
              39.936363
            ],
            [
              116.302138,
              39.936236
            ],
            [
              116.302138,
              39.936088
            ],
            [
              116.301591,
              39.936096
            ],
            [
              116.301593,
              39.936363
            ],
            [
              116.301594,
              39.93648
            ],
            [
              116.301596,
              39.936733
            ]
          ]
        ],
        "type": "Polygon"
      },
      "id": "OSM-WAY-383266188-INNOVATION",
      "properties": {
        "amenity": "library",
        "building": "yes",
        "evidence_status": "contextual",
        "id": "OSM-WAY-383266188-INNOVATION",
        "layer": "innovation",
        "name": "北一区图书馆",
        "opening_hours": "PH,Mo-Su 07:00-23:00",
        "operator": "首都师范大学",
        "osm_id": 383266188,
        "osm_type": "way"
      },
      "type": "Feature"
    },
    {
      "geometry": {
        "coordinates": [
          [
            [
              116.348614,
              39.968422
            ],
            [
              116.350157,
              39.968447
            ],
            [
              116.350164,
              39.968199
            ],
            [
              116.350614,
              39.968206
            ],
            [
              116.35057,
              39.972203
            ],
            [
              116.349797,
              39.972196
            ],
            [
              116.349808,
              39.971936
            ],
            [
              116.349337,
              39.971935
            ],
            [
              116.348447,
              39.971932
            ],
            [
              116.348614,
              39.968422
            ]
          ]
        ],
        "type": "Polygon"
      },
      "id": "OSM-WAY-388355720-INNOVATION",
      "properties": {
        "amenity": "college",
        "evidence_status": "contextual",
        "id": "OSM-WAY-388355720-INNOVATION",
        "layer": "innovation",
        "name": "北京电影学院",
        "name:en": "Beijing Film Academy",
        "name:zh": "北京电影学院",
        "osm_id": 388355720,
        "osm_type": "way"
      },
      "type": "Feature"
    },
    {
      "geometry": {
        "coordinates": [
          [
            [
              116.330595,
              39.981091
            ],
            [
              116.331124,
              39.981133
            ],
            [
              116.331178,
              39.980732
            ],
            [
              116.330957,
              39.980714
            ],
            [
              116.33085,
              39.980737
            ],
            [
              116.33074,
              39.980789
            ],
            [
              116.330621,
              39.980899
            ],
            [
              116.330595,
              39.981091
            ]
          ]
        ],
        "type": "Polygon"
      },
      "id": "OSM-WAY-389561508-INNOVATION",
      "properties": {
        "building": "yes",
        "evidence_status": "contextual",
        "id": "OSM-WAY-389561508-INNOVATION",
        "layer": "innovation",
        "name": "中国科学院国家空间科学中心（九章大厦A座）",
        "name:en": "National Space Science Center, CAS",
        "name:zh": "中国科学院国家空间科学中心（九章大厦A座）",
        "office": "research",
        "osm_id": 389561508,
        "osm_type": "way"
      },
      "type": "Feature"
    },
    {
      "geometry": {
        "coordinates": [
          [
            [
              116.331168,
              39.981154
            ],
            [
              116.332009,
              39.981221
            ],
            [
              116.332075,
              39.980734
            ],
            [
              116.331234,
              39.980667
            ],
            [
              116.331168,
              39.981154
            ]
          ]
        ],
        "type": "Polygon"
      },
      "id": "OSM-WAY-389714436-INNOVATION",
      "properties": {
        "building": "yes",
        "evidence_status": "contextual",
        "id": "OSM-WAY-389714436-INNOVATION",
        "layer": "innovation",
        "name": "中国科学院国家空间科学中心（九章大厦B座）",
        "name:zh": "中国科学院国家空间科学中心（九章大厦B座）",
        "office": "research",
        "osm_id": 389714436,
        "osm_type": "way"
      },
      "type": "Feature"
    },
    {
      "geometry": {
        "coordinates": [
          [
            [
              116.32798,
              39.984464
            ],
            [
              116.328428,
              39.984488
            ],
            [
              116.328742,
              39.984427
            ],
            [
              116.329495,
              39.984411
            ],
            [
              116.331295,
              39.982324
            ],
            [
              116.331394,
              39.982214
            ],
            [
              116.331545,
              39.982046
            ],
            [
              116.332066,
              39.981469
            ],
            [
              116.331896,
              39.98139
            ],
            [
              116.331634,
              39.981544
            ],
            [
              116.330857,
              39.981533
            ],
            [
              116.330864,
              39.981492
            ],
            [
              116.330862,
              39.9813
            ],
            [
              116.330829,
              39.981306
            ],
            [
              116.329673,
              39.981253
            ],
            [
              116.328449,
              39.981257
            ],
            [
              116.32842,
              39.981431
            ],
            [
              116.328811,
              39.981447
            ],
            [
              116.328776,
              39.981547
            ],
            [
              116.328592,
              39.982938
            ],
            [
              116.328084,
              39.982935
            ],
            [
              116.32798,
              39.984464
            ]
          ]
        ],
        "type": "Polygon"
      },
      "id": "OSM-WAY-389714442-INNOVATION",
      "properties": {
        "amenity": "university",
        "evidence_status": "contextual",
        "id": "OSM-WAY-389714442-INNOVATION",
        "layer": "innovation",
        "name": "中国科学院大学（中关村校区）",
        "name:en": "University of the Chinese Academy of Sciences Zhongguancun Campus",
        "name:zh": "中国科学院大学（中关村校区）",
        "operator": "中国科学院大学",
        "osm_id": 389714442,
        "osm_type": "way",
        "wheelchair": "yes"
      },
      "type": "Feature"
    },
    {
      "geometry": {
        "coordinates": [
          [
            [
              116.329809,
              39.977545
            ],
            [
              116.330841,
              39.977568
            ],
            [
              116.330856,
              39.977168
            ],
            [
              116.329824,
              39.977145
            ],
            [
              116.329809,
              39.977545
            ]
          ]
        ],
        "type": "Polygon"
      },
      "id": "OSM-WAY-391856809-INNOVATION",
      "properties": {
        "building": "yes",
        "evidence_status": "contextual",
        "id": "OSM-WAY-391856809-INNOVATION",
        "layer": "innovation",
        "office": "it",
        "osm_id": 391856809,
        "osm_type": "way"
      },
      "type": "Feature"
    },
    {
      "geometry": {
        "coordinates": [
          [
            [
              116.328953,
              39.979697
            ],
            [
              116.329657,
              39.979743
            ],
            [
              116.329681,
              39.979552
            ],
            [
              116.328969,
              39.979504
            ],
            [
              116.328953,
              39.979697
            ]
          ]
        ],
        "type": "Polygon"
      },
      "id": "OSM-WAY-391856895-INNOVATION",
      "properties": {
        "building": "yes",
        "evidence_status": "contextual",
        "id": "OSM-WAY-391856895-INNOVATION",
        "layer": "innovation",
        "name": "CNIC",
        "name:en": "CNIC",
        "office": "research",
        "osm_id": 391856895,
        "osm_type": "way"
      },
      "type": "Feature"
    },
    {
      "geometry": {
        "coordinates": [
          [
            [
              116.313951,
              40.028746
            ],
            [
              116.312929,
              40.028618
            ],
            [
              116.31299,
              40.027789
            ],
            [
              116.311721,
              40.027656
            ],
            [
              116.309255,
              40.027477
            ],
            [
              116.30941,
              40.026348
            ],
            [
              116.309568,
              40.024972
            ],
            [
              116.308119,
              40.024873
            ],
            [
              116.308168,
              40.024413
            ],
            [
              116.307784,
              40.024376
            ],
            [
              116.30799,
              40.022607
            ],
            [
              116.308205,
              40.022524
            ],
            [
              116.308214,
              40.022432
            ],
            [
              116.308233,
              40.02228
            ],
            [
              116.308249,
              40.022157
            ],
            [
              116.308047,
              40.022026
            ],
            [
              116.30809,
              40.021723
            ],
            [
              116.308689,
              40.021746
            ],
            [
              116.308777,
              40.020779
            ],
            [
              116.308231,
              40.020735
            ],
            [
              116.308377,
              40.019444
            ],
            [
              116.310407,
              40.019579
            ],
            [
              116.311035,
              40.019422
            ],
            [
              116.311172,
              40.018655
            ],
            [
              116.311366,
              40.018351
            ],
            [
              116.312529,
              40.018487
            ],
            [
              116.312776,
              40.018762
            ],
            [
              116.313474,
              40.018819
            ],
            [
              116.313629,
              40.018959
            ],
            [
              116.314819,
              40.019046
            ],
            [
              116.314997,
              40.019059
            ],
            [
              116.315035,
              40.018758
            ],
            [
              116.315748,
              40.018889
            ],
            [
              116.316,
              40.019074
            ],
            [
              116.31666,
              40.019078
            ],
            [
              116.317326,
              40.019395
            ],
            [
              116.317796,
              40.019628
            ],
            [
              116.317908,
              40.019693
            ],
            [
              116.31798,
              40.019767
            ],
            [
              116.318021,
              40.019841
            ],
            [
              116.318018,
              40.019959
            ],
            [
              116.317973,
              40.02037
            ],
            [
              116.317951,
              40.020497
            ],
            [
              116.317881,
              40.020718
            ],
            [
              116.317793,
              40.020955
            ],
            [
              116.317291,
              40.022459
            ],
            [
              116.316619,
              40.024129
            ],
            [
              116.316509,
              40.024567
            ],
            [
              116.315808,
              40.026175
            ],
            [
              116.315336,
              40.027693
            ],
            [
              116.315035,
              40.028307
            ],
            [
              116.314735,
              40.028861
            ],
            [
              116.313951,
              40.028746
            ]
          ]
        ],
        "type": "Polygon"
      },
      "id": "OSM-WAY-398508191-INNOVATION",
      "properties": {
        "amenity": "university",
        "evidence_status": "contextual",
        "id": "OSM-WAY-398508191-INNOVATION",
        "layer": "innovation",
        "name": "北京体育大学",
        "name:en": "Beijing Sport University",
        "osm_id": 398508191,
        "osm_type": "way"
      },
      "type": "Feature"
    },
    {
      "geometry": {
        "coordinates": [
          [
            [
              116.333348,
              39.935688
            ],
            [
              116.334965,
              39.935891
            ],
            [
              116.336316,
              39.936039
            ],
            [
              116.337018,
              39.935276
            ],
            [
              116.337258,
              39.935029
            ],
            [
              116.33764,
              39.934417
            ],
            [
              116.337712,
              39.933991
            ],
            [
              116.337587,
              39.933805
            ],
            [
              116.337485,
              39.933365
            ],
            [
              116.336696,
              39.933377
            ],
            [
              116.336689,
              39.932935
            ],
            [
              116.335718,
              39.932872
            ],
            [
              116.335604,
              39.93288
            ],
            [
              116.335607,
              39.932373
            ],
            [
              116.3357,
              39.932223
            ],
            [
              116.335181,
              39.932151
            ],
            [
              116.334981,
              39.93209
            ],
            [
              116.333258,
              39.932121
            ],
            [
              116.333348,
              39.935688
            ]
          ]
        ],
        "type": "Polygon"
      },
      "id": "OSM-WAY-412295595-INNOVATION",
      "properties": {
        "amenity": "university",
        "evidence_status": "contextual",
        "id": "OSM-WAY-412295595-INNOVATION",
        "layer": "innovation",
        "name": "北京建筑大学（西城校区）",
        "name:en": "Beijing University of Civil Engineering and Architecture - Xicheng Campus",
        "name:zh": "北京建筑大学（西城校区）",
        "osm_id": 412295595,
        "osm_type": "way",
        "wheelchair": "yes"
      },
      "type": "Feature"
    },
    {
      "geometry": {
        "coordinates": [
          [
            [
              116.300154,
              39.934968
            ],
            [
              116.302454,
              39.934982
            ],
            [
              116.303702,
              39.934992
            ],
            [
              116.303664,
              39.936625
            ],
            [
              116.303342,
              39.936624
            ],
            [
              116.303339,
              39.937024
            ],
            [
              116.303339,
              39.93707
            ],
            [
              116.30302,
              39.937072
            ],
            [
              116.303029,
              39.937709
            ],
            [
              116.300954,
              39.937697
            ],
            [
              116.300957,
              39.937371
            ],
            [
              116.299994,
              39.937363
            ],
            [
              116.300003,
              39.936468
            ],
            [
              116.299896,
              39.936397
            ],
            [
              116.29991,
              39.934967
            ],
            [
              116.300154,
              39.934968
            ]
          ]
        ],
        "type": "Polygon"
      },
      "id": "OSM-WAY-412296444-INNOVATION",
      "properties": {
        "amenity": "university",
        "evidence_status": "contextual",
        "id": "OSM-WAY-412296444-INNOVATION",
        "layer": "innovation",
        "name": "首都师范大学（北一区）",
        "name:en": "Capital Normal University - North Campus 1",
        "operator": "首都师范大学",
        "osm_id": 412296444,
        "osm_type": "way"
      },
      "type": "Feature"
    },
    {
      "geometry": {
        "coordinates": [
          [
            [
              116.304445,
              39.936513
            ],
            [
              116.306878,
              39.936528
            ],
            [
              116.30683,
              39.935392
            ],
            [
              116.306458,
              39.93539
            ],
            [
              116.305468,
              39.935383
            ],
            [
              116.30547,
              39.935143
            ],
            [
              116.305084,
              39.935127
            ],
            [
              116.30506,
              39.935215
            ],
            [
              116.304821,
              39.935213
            ],
            [
              116.304745,
              39.935219
            ],
            [
              116.304533,
              39.935211
            ],
            [
              116.304461,
              39.935213
            ],
            [
              116.304445,
              39.936513
            ]
          ]
        ],
        "type": "Polygon"
      },
      "id": "OSM-WAY-412296512-INNOVATION",
      "properties": {
        "amenity": "university",
        "evidence_status": "contextual",
        "id": "OSM-WAY-412296512-INNOVATION",
        "layer": "innovation",
        "name": "首都师范大学（北二区）",
        "name:en": "Capital Normal University - North Campus 2",
        "operator": "首都师范大学",
        "osm_id": 412296512,
        "osm_type": "way"
      },
      "type": "Feature"
    },
    {
      "geometry": {
        "coordinates": [
          [
            [
              116.296472,
              39.941226
            ],
            [
              116.296883,
              39.941946
            ],
            [
              116.297099,
              39.942298
            ],
            [
              116.299065,
              39.941631
            ],
            [
              116.299134,
              39.941735
            ],
            [
              116.299542,
              39.942307
            ],
            [
              116.300392,
              39.941944
            ],
            [
              116.299217,
              39.939272
            ],
            [
              116.29765,
              39.939457
            ],
            [
              116.296349,
              39.939579
            ],
            [
              116.2956,
              39.939457
            ],
            [
              116.295665,
              39.940722
            ],
            [
              116.295657,
              39.941489
            ],
            [
              116.296472,
              39.941226
            ]
          ]
        ],
        "type": "Polygon"
      },
      "id": "OSM-WAY-412296579-INNOVATION",
      "properties": {
        "amenity": "university",
        "evidence_status": "contextual",
        "id": "OSM-WAY-412296579-INNOVATION",
        "layer": "innovation",
        "name": "北京化工大学(西校区)",
        "name:en": "Beijing University of Chemical Technology(West Campus)",
        "name:zh": "北京化工大学(西校区)",
        "operator": "中华人民共和国教育部",
        "osm_id": 412296579,
        "osm_type": "way"
      },
      "type": "Feature"
    },
    {
      "geometry": {
        "coordinates": [
          [
            [
              116.299418,
              39.950443
            ],
            [
              116.300492,
              39.950504
            ],
            [
              116.300566,
              39.94992
            ],
            [
              116.301519,
              39.949942
            ],
            [
              116.301352,
              39.951785
            ],
            [
              116.303026,
              39.951861
            ],
            [
              116.303268,
              39.947525
            ],
            [
              116.302443,
              39.94745
            ],
            [
              116.301558,
              39.947408
            ],
            [
              116.300779,
              39.947915
            ],
            [
              116.300717,
              39.94815
            ],
            [
              116.300207,
              39.948181
            ],
            [
              116.300139,
              39.948553
            ],
            [
              116.299588,
              39.948535
            ],
            [
              116.299559,
              39.948852
            ],
            [
              116.299418,
              39.950443
            ]
          ]
        ],
        "type": "Polygon"
      },
      "id": "OSM-WAY-412296635-INNOVATION",
      "properties": {
        "amenity": "university",
        "evidence_status": "contextual",
        "id": "OSM-WAY-412296635-INNOVATION",
        "layer": "innovation",
        "name": "中国青年政治学院",
        "name:en": "China Youth University of Political Studies",
        "name:zh": "中国青年政治学院",
        "osm_id": 412296635,
        "osm_type": "way"
      },
      "type": "Feature"
    },
    {
      "geometry": {
        "coordinates": [
          [
            [
              116.334132,
              40.003287
            ],
            [
              116.333958,
              40.00282
            ],
            [
              116.333897,
              40.002203
            ],
            [
              116.334002,
              40.001014
            ],
            [
              116.333977,
              40.000902
            ],
            [
              116.334053,
              39.999581
            ],
            [
              116.334182,
              39.999497
            ],
            [
              116.336961,
              39.999578
            ],
            [
              116.337085,
              39.999581
            ],
            [
              116.337152,
              39.999583
            ],
            [
              116.337733,
              39.9996
            ],
            [
              116.337771,
              39.999634
            ],
            [
              116.339077,
              39.999682
            ],
            [
              116.339283,
              39.99969
            ],
            [
              116.33953,
              39.999701
            ],
            [
              116.340731,
              39.999723
            ],
            [
              116.340723,
              39.999978
            ],
            [
              116.34133,
              40.000017
            ],
            [
              116.341371,
              40.00002
            ],
            [
              116.341434,
              40.000021
            ],
            [
              116.341476,
              39.999727
            ],
            [
              116.342091,
              39.999763
            ],
            [
              116.342617,
              39.999794
            ],
            [
              116.342564,
              40.000918
            ],
            [
              116.342579,
              40.001002
            ],
            [
              116.342744,
              40.001957
            ],
            [
              116.342764,
              40.002114
            ],
            [
              116.342816,
              40.00254
            ],
            [
              116.342813,
              40.002929
            ],
            [
              116.342804,
              40.003195
            ],
            [
              116.342786,
              40.003558
            ],
            [
              116.342693,
              40.006348
            ],
            [
              116.339888,
              40.00626
            ],
            [
              116.339952,
              40.004068
            ],
            [
              116.339967,
              40.003548
            ],
            [
              116.340013,
              40.001997
            ],
            [
              116.338431,
              40.001954
            ],
            [
              116.337031,
              40.001915
            ],
            [
              116.336811,
              40.00621
            ],
            [
              116.335731,
              40.006216
            ],
            [
              116.335684,
              40.006149
            ],
            [
              116.335575,
              40.006081
            ],
            [
              116.334721,
              40.004474
            ],
            [
              116.334479,
              40.00401
            ],
            [
              116.334132,
              40.003287
            ]
          ]
        ],
        "type": "Polygon"
      },
      "id": "OSM-WAY-412323504-INNOVATION",
      "properties": {
        "amenity": "university",
        "evidence_status": "contextual",
        "id": "OSM-WAY-412323504-INNOVATION",
        "layer": "innovation",
        "name": "北京林业大学",
        "name:en": "Beijing Forestry University",
        "name:zh": "北京林业大学",
        "osm_id": 412323504,
        "osm_type": "way"
      },
      "type": "Feature"
    },
    {
      "geometry": {
        "coordinates": [
          [
            [
              116.348137,
              39.976824
            ],
            [
              116.349739,
              39.976853
            ],
            [
              116.349757,
              39.976285
            ],
            [
              116.350203,
              39.976293
            ],
            [
              116.35023,
              39.975414
            ],
            [
              116.349186,
              39.975395
            ],
            [
              116.34856,
              39.975384
            ],
            [
              116.34851,
              39.975531
            ],
            [
              116.34822,
              39.975503
            ],
            [
              116.348159,
              39.976274
            ],
            [
              116.348137,
              39.976824
            ]
          ]
        ],
        "type": "Polygon"
      },
      "id": "OSM-WAY-412323507-INNOVATION",
      "properties": {
        "amenity": "university",
        "evidence_status": "contextual",
        "id": "OSM-WAY-412323507-INNOVATION",
        "layer": "innovation",
        "name": "北京联合大学学院路校区",
        "osm_id": 412323507,
        "osm_type": "way"
      },
      "type": "Feature"
    },
    {
      "geometry": {
        "coordinates": [
          [
            [
              116.348021,
              40.010093
            ],
            [
              116.348805,
              40.009044
            ],
            [
              116.348865,
              40.008963
            ],
            [
              116.349571,
              40.007537
            ],
            [
              116.349874,
              40.006857
            ],
            [
              116.351301,
              40.006895
            ],
            [
              116.351841,
              40.00695
            ],
            [
              116.352352,
              40.00706
            ],
            [
              116.350524,
              40.010731
            ],
            [
              116.34994,
              40.010582
            ],
            [
              116.348353,
              40.010171
            ],
            [
              116.348021,
              40.010093
            ]
          ]
        ],
        "type": "Polygon"
      },
      "id": "OSM-WAY-412323508-INNOVATION",
      "properties": {
        "amenity": "university",
        "evidence_status": "contextual",
        "id": "OSM-WAY-412323508-INNOVATION",
        "layer": "innovation",
        "name": "中国农业大学",
        "name:zh": "中国农业大学",
        "osm_id": 412323508,
        "osm_type": "way"
      },
      "type": "Feature"
    },
    {
      "geometry": {
        "coordinates": [
          [
            [
              116.369781,
              40.00412
            ],
            [
              116.370439,
              40.00415
            ],
            [
              116.370451,
              40.004007
            ],
            [
              116.369792,
              40.003977
            ],
            [
              116.369781,
              40.00412
            ]
          ]
        ],
        "type": "Polygon"
      },
      "id": "OSM-WAY-458812796-INNOVATION",
      "properties": {
        "building": "yes",
        "evidence_status": "contextual",
        "id": "OSM-WAY-458812796-INNOVATION",
        "layer": "innovation",
        "name": "中国科学院青藏高原研究所",
        "name:en": "Institute of Tibetan Plateau Research, ITP CAS",
        "name:zh": "中国科学院青藏高原研究所",
        "office": "research",
        "osm_id": 458812796,
        "osm_type": "way"
      },
      "type": "Feature"
    },
    {
      "geometry": {
        "coordinates": [
          [
            [
              116.33354,
              39.96568
            ],
            [
              116.333605,
              39.965679
            ],
            [
              116.333599,
              39.965727
            ],
            [
              116.334032,
              39.965704
            ],
            [
              116.334033,
              39.964897
            ],
            [
              116.333713,
              39.964896
            ],
            [
              116.33354,
              39.96568
            ]
          ]
        ],
        "type": "Polygon"
      },
      "id": "OSM-WAY-466632929-INNOVATION",
      "properties": {
        "alt_name": "中坤广场B座",
        "building": "yes",
        "evidence_status": "contextual",
        "id": "OSM-WAY-466632929-INNOVATION",
        "layer": "innovation",
        "name": "抖音 大钟寺广场1号楼",
        "office": "it",
        "osm_id": 466632929,
        "osm_type": "way"
      },
      "type": "Feature"
    },
    {
      "geometry": {
        "coordinates": [
          [
            [
              116.333742,
              39.964763
            ],
            [
              116.335277,
              39.96477
            ],
            [
              116.335284,
              39.964737
            ],
            [
              116.335409,
              39.964106
            ],
            [
              116.335333,
              39.964096
            ],
            [
              116.335347,
              39.964036
            ],
            [
              116.334085,
              39.963876
            ],
            [
              116.334075,
              39.963924
            ],
            [
              116.33393,
              39.963908
            ],
            [
              116.333742,
              39.964763
            ]
          ]
        ],
        "type": "Polygon"
      },
      "id": "OSM-WAY-466632930-INNOVATION",
      "properties": {
        "alt_name": "中坤广场A座",
        "building": "office",
        "evidence_status": "contextual",
        "id": "OSM-WAY-466632930-INNOVATION",
        "layer": "innovation",
        "name": "抖音 大钟寺广场1号楼",
        "office": "it",
        "osm_id": 466632930,
        "osm_type": "way"
      },
      "type": "Feature"
    },
    {
      "geometry": {
        "coordinates": [
          [
            [
              116.372485,
              40.002702
            ],
            [
              116.372582,
              40.001691
            ],
            [
              116.372684,
              40.00105
            ],
            [
              116.372734,
              40.000636
            ],
            [
              116.374091,
              40.000684
            ],
            [
              116.374184,
              40.000756
            ],
            [
              116.374314,
              40.002782
            ],
            [
              116.374349,
              40.003027
            ],
            [
              116.372622,
              40.002986
            ],
            [
              116.372224,
              40.002971
            ],
            [
              116.372152,
              40.002694
            ],
            [
              116.372485,
              40.002702
            ]
          ]
        ],
        "type": "Polygon"
      },
      "id": "OSM-WAY-467591980-INNOVATION",
      "properties": {
        "amenity": "university",
        "evidence_status": "contextual",
        "id": "OSM-WAY-467591980-INNOVATION",
        "layer": "innovation",
        "name": "中国科学院大学（奥运村校区）",
        "name:en": "University of Chinese Academy of Sciences (Olympic Village Campus)",
        "name:zh": "中国科学院大学（奥运村校区）",
        "operator": "University of Chinese Academy of Sciences",
        "osm_id": 467591980,
        "osm_type": "way"
      },
      "type": "Feature"
    },
    {
      "geometry": {
        "coordinates": [
          [
            [
              116.316475,
              40.029567
            ],
            [
              116.318299,
              40.029852
            ],
            [
              116.317933,
              40.031251
            ],
            [
              116.317859,
              40.031277
            ],
            [
              116.317049,
              40.031183
            ],
            [
              116.316685,
              40.031133
            ],
            [
              116.31626,
              40.031039
            ],
            [
              116.316432,
              40.030576
            ],
            [
              116.316125,
              40.030493
            ],
            [
              116.316475,
              40.029567
            ]
          ]
        ],
        "type": "Polygon"
      },
      "id": "OSM-WAY-475229886-INNOVATION",
      "properties": {
        "amenity": "university",
        "evidence_status": "contextual",
        "id": "OSM-WAY-475229886-INNOVATION",
        "layer": "innovation",
        "name": "中央财经大学清河校区",
        "name:zh": "中央财经大学清河校区",
        "osm_id": 475229886,
        "osm_type": "way"
      },
      "type": "Feature"
    },
    {
      "geometry": {
        "coordinates": [
          [
            [
              116.371916,
              39.989139
            ],
            [
              116.374179,
              39.989205
            ],
            [
              116.374116,
              39.991032
            ],
            [
              116.371305,
              39.990979
            ],
            [
              116.371174,
              39.9909
            ],
            [
              116.371431,
              39.99039
            ],
            [
              116.371614,
              39.989856
            ],
            [
              116.371916,
              39.989139
            ]
          ]
        ],
        "type": "Polygon"
      },
      "id": "OSM-WAY-48051017-INNOVATION",
      "properties": {
        "amenity": "college",
        "evidence_status": "contextual",
        "id": "OSM-WAY-48051017-INNOVATION",
        "layer": "innovation",
        "name": "中国音乐学院",
        "name:en": "China Music Academy",
        "osm_id": 48051017,
        "osm_type": "way"
      },
      "type": "Feature"
    },
    {
      "geometry": {
        "coordinates": [
          [
            [
              116.316352,
              39.985533
            ],
            [
              116.317531,
              39.9856
            ],
            [
              116.317443,
              39.98632
            ],
            [
              116.316267,
              39.986239
            ],
            [
              116.316352,
              39.985533
            ]
          ]
        ],
        "type": "Polygon"
      },
      "id": "OSM-WAY-481787828-INNOVATION",
      "properties": {
        "building": "yes",
        "evidence_status": "contextual",
        "id": "OSM-WAY-481787828-INNOVATION",
        "layer": "innovation",
        "name": "中国科学院文献情报中心",
        "name:en": "National Science Library, Chinese Academy of Sciences",
        "name:zh": "中国科学院文献情报中心",
        "office": "research",
        "osm_id": 481787828,
        "osm_type": "way"
      },
      "type": "Feature"
    },
    {
      "geometry": {
        "coordinates": [
          [
            [
              116.321898,
              39.984904
            ],
            [
              116.325839,
              39.984992
            ],
            [
              116.326823,
              39.985058
            ],
            [
              116.326649,
              39.98676
            ],
            [
              116.322805,
              39.986642
            ],
            [
              116.322867,
              39.986118
            ],
            [
              116.321886,
              39.985706
            ],
            [
              116.321898,
              39.984904
            ]
          ]
        ],
        "type": "Polygon"
      },
      "id": "OSM-WAY-489691058-INNOVATION",
      "properties": {
        "alt_name": "力学所",
        "amenity": "research_institute",
        "evidence_status": "contextual",
        "id": "OSM-WAY-489691058-INNOVATION",
        "landuse": "education",
        "layer": "innovation",
        "name": "中国科学院力学研究所",
        "name:en": "Institute of Mechanics, Chinese Academy of Sciences",
        "name:zh": "中国科学院力学研究所",
        "operator": "中国科学院",
        "osm_id": 489691058,
        "osm_type": "way"
      },
      "type": "Feature"
    },
    {
      "geometry": {
        "coordinates": [
          [
            [
              116.321999,
              39.985681
            ],
            [
              116.322198,
              39.985684
            ],
            [
              116.322201,
              39.985563
            ],
            [
              116.322264,
              39.985563
            ],
            [
              116.322261,
              39.985653
            ],
            [
              116.323141,
              39.985665
            ],
            [
              116.323143,
              39.985574
            ],
            [
              116.323215,
              39.985575
            ],
            [
              116.323212,
              39.985686
            ],
            [
              116.323396,
              39.985689
            ],
            [
              116.323402,
              39.985453
            ],
            [
              116.323229,
              39.985451
            ],
            [
              116.323228,
              39.98552
            ],
            [
              116.323144,
              39.985519
            ],
            [
              116.323146,
              39.98546
            ],
            [
              116.322272,
              39.985448
            ],
            [
              116.322271,
              39.985492
            ],
            [
              116.32218,
              39.98549
            ],
            [
              116.322181,
              39.985415
            ],
            [
              116.322005,
              39.985412
            ],
            [
              116.321999,
              39.985681
            ]
          ]
        ],
        "type": "Polygon"
      },
      "id": "OSM-WAY-489968703-INNOVATION",
      "properties": {
        "building": "yes",
        "evidence_status": "contextual",
        "id": "OSM-WAY-489968703-INNOVATION",
        "layer": "innovation",
        "name": "力学所主楼",
        "name:zh": "力学所主楼",
        "office": "research",
        "osm_id": 489968703,
        "osm_type": "way"
      },
      "type": "Feature"
    },
    {
      "geometry": {
        "coordinates": [
          [
            [
              116.344025,
              39.974905
            ],
            [
              116.34502,
              39.974913
            ],
            [
              116.345028,
              39.974232
            ],
            [
              116.344033,
              39.974224
            ],
            [
              116.344025,
              39.974905
            ]
          ]
        ],
        "type": "Polygon"
      },
      "id": "OSM-WAY-499424477-INNOVATION",
      "properties": {
        "building": "yes",
        "evidence_status": "contextual",
        "id": "OSM-WAY-499424477-INNOVATION",
        "layer": "innovation",
        "name": "中国标准化研究所",
        "office": "research",
        "osm_id": 499424477,
        "osm_type": "way"
      },
      "type": "Feature"
    },
    {
      "geometry": {
        "coordinates": [
          [
            [
              116.308823,
              39.96958
            ],
            [
              116.308819,
              39.969616
            ],
            [
              116.308931,
              39.969623
            ],
            [
              116.308948,
              39.969474
            ],
            [
              116.308836,
              39.969466
            ],
            [
              116.308823,
              39.96958
            ]
          ]
        ],
        "type": "Polygon"
      },
      "id": "OSM-WAY-513380874-INNOVATION",
      "properties": {
        "building": "yes",
        "evidence_status": "contextual",
        "id": "OSM-WAY-513380874-INNOVATION",
        "layer": "innovation",
        "name": "ITS",
        "name:en": "ITS",
        "office": "it",
        "osm_id": 513380874,
        "osm_type": "way"
      },
      "type": "Feature"
    },
    {
      "geometry": {
        "coordinates": [
          [
            [
              116.303669,
              39.97401
            ],
            [
              116.303674,
              39.973956
            ],
            [
              116.303767,
              39.97297
            ],
            [
              116.30378,
              39.972898
            ],
            [
              116.303963,
              39.971897
            ],
            [
              116.304274,
              39.971934
            ],
            [
              116.30517,
              39.972042
            ],
            [
              116.305861,
              39.972125
            ],
            [
              116.305577,
              39.974101
            ],
            [
              116.304632,
              39.974057
            ],
            [
              116.303851,
              39.974018
            ],
            [
              116.303669,
              39.97401
            ]
          ]
        ],
        "type": "Polygon"
      },
      "id": "OSM-WAY-515209524-INNOVATION",
      "properties": {
        "amenity": "university",
        "evidence_status": "contextual",
        "id": "OSM-WAY-515209524-INNOVATION",
        "layer": "innovation",
        "name": "中国人民大学北校区",
        "name:zh": "中国人民大学北校区",
        "osm_id": 515209524,
        "osm_type": "way"
      },
      "type": "Feature"
    },
    {
      "geometry": {
        "coordinates": [
          [
            [
              116.309101,
              39.974097
            ],
            [
              116.309147,
              39.973696
            ],
            [
              116.309717,
              39.973734
            ],
            [
              116.309695,
              39.973925
            ],
            [
              116.309384,
              39.973904
            ],
            [
              116.30936,
              39.974114
            ],
            [
              116.309101,
              39.974097
            ]
          ]
        ],
        "type": "Polygon"
      },
      "id": "OSM-WAY-518469017-INNOVATION",
      "properties": {
        "amenity": "library",
        "building": "yes",
        "evidence_status": "contextual",
        "id": "OSM-WAY-518469017-INNOVATION",
        "layer": "innovation",
        "name": "图书馆及计算机机房",
        "operator": "中国人民大学附属中学",
        "osm_id": 518469017,
        "osm_type": "way"
      },
      "type": "Feature"
    },
    {
      "geometry": {
        "coordinates": [
          [
            [
              116.350979,
              39.983199
            ],
            [
              116.350983,
              39.983052
            ],
            [
              116.351214,
              39.983056
            ],
            [
              116.351218,
              39.982925
            ],
            [
              116.35122,
              39.982845
            ],
            [
              116.351001,
              39.982841
            ],
            [
              116.351006,
              39.982661
            ],
            [
              116.351543,
              39.98267
            ],
            [
              116.351538,
              39.982863
            ],
            [
              116.351767,
              39.982867
            ],
            [
              116.351764,
              39.982991
            ],
            [
              116.351549,
              39.982988
            ],
            [
              116.351542,
              39.983209
            ],
            [
              116.350979,
              39.983199
            ]
          ]
        ],
        "type": "Polygon"
      },
      "id": "OSM-WAY-543824383-INNOVATION",
      "properties": {
        "amenity": "library",
        "building": "yes",
        "evidence_status": "contextual",
        "id": "OSM-WAY-543824383-INNOVATION",
        "layer": "innovation",
        "name": "医学图书馆",
        "name:zh": "医学图书馆",
        "opening_hours": "Mo-Su 08:00-22:00",
        "osm_id": 543824383,
        "osm_type": "way"
      },
      "type": "Feature"
    },
    {
      "geometry": {
        "coordinates": [
          [
            [
              116.355367,
              39.985395
            ],
            [
              116.355384,
              39.985103
            ],
            [
              116.355725,
              39.985115
            ],
            [
              116.355738,
              39.984825
            ],
            [
              116.356031,
              39.984832
            ],
            [
              116.356045,
              39.984505
            ],
            [
              116.356728,
              39.984523
            ],
            [
              116.356743,
              39.984186
            ],
            [
              116.355903,
              39.984165
            ],
            [
              116.355914,
              39.98391
            ],
            [
              116.355548,
              39.983898
            ],
            [
              116.355551,
              39.983854
            ],
            [
              116.355566,
              39.983425
            ],
            [
              116.355606,
              39.982319
            ],
            [
              116.355503,
              39.982319
            ],
            [
              116.355444,
              39.98232
            ],
            [
              116.354795,
              39.982329
            ],
            [
              116.354207,
              39.982317
            ],
            [
              116.353818,
              39.982268
            ],
            [
              116.353257,
              39.982259
            ],
            [
              116.352042,
              39.982232
            ],
            [
              116.352105,
              39.981528
            ],
            [
              116.352212,
              39.980397
            ],
            [
              116.352161,
              39.980394
            ],
            [
              116.352079,
              39.98039
            ],
            [
              116.352033,
              39.980387
            ],
            [
              116.351952,
              39.981473
            ],
            [
              116.350302,
              39.981414
            ],
            [
              116.350316,
              39.981188
            ],
            [
              116.35075,
              39.981203
            ],
            [
              116.350866,
              39.980351
            ],
            [
              116.349885,
              39.980321
            ],
            [
              116.349876,
              39.980418
            ],
            [
              116.349757,
              39.980414
            ],
            [
              116.349725,
              39.980936
            ],
            [
              116.347926,
              39.980889
            ],
            [
              116.34784,
              39.982815
            ],
            [
              116.34782,
              39.98324
            ],
            [
              116.348496,
              39.984605
            ],
            [
              116.350008,
              39.984641
            ],
            [
              116.349983,
              39.985218
            ],
            [
              116.351831,
              39.985282
            ],
            [
              116.355367,
              39.985395
            ]
          ]
        ],
        "type": "Polygon"
      },
      "id": "OSM-WAY-543831707-INNOVATION",
      "properties": {
        "amenity": "university",
        "evidence_status": "contextual",
        "id": "OSM-WAY-543831707-INNOVATION",
        "layer": "innovation",
        "name": "北京大学医学部",
        "osm_id": 543831707,
        "osm_type": "way",
        "wheelchair": "yes"
      },
      "type": "Feature"
    },
    {
      "geometry": {
        "coordinates": [
          [
            [
              116.314433,
              39.946992
            ],
            [
              116.314682,
              39.945107
            ],
            [
              116.311539,
              39.944843
            ],
            [
              116.311289,
              39.946731
            ],
            [
              116.314433,
              39.946992
            ]
          ]
        ],
        "type": "Polygon"
      },
      "id": "OSM-WAY-548810366-INNOVATION",
      "properties": {
        "amenity": "university",
        "evidence_status": "contextual",
        "id": "OSM-WAY-548810366-INNOVATION",
        "layer": "innovation",
        "name": "北京舞蹈学院",
        "name:zh": "北京舞蹈学院",
        "operator": "北京舞蹈学院",
        "osm_id": 548810366,
        "osm_type": "way"
      },
      "type": "Feature"
    },
    {
      "geometry": {
        "coordinates": [
          [
            [
              116.348382,
              40.001065
            ],
            [
              116.348408,
              39.999978
            ],
            [
              116.349848,
              40.000015
            ],
            [
              116.352034,
              40.000073
            ],
            [
              116.352176,
              40.000076
            ],
            [
              116.352346,
              40.000081
            ],
            [
              116.352958,
              40.0001
            ],
            [
              116.355229,
              40.000138
            ],
            [
              116.355096,
              40.001386
            ],
            [
              116.357035,
              40.001395
            ],
            [
              116.357091,
              40.001522
            ],
            [
              116.357157,
              40.00167
            ],
            [
              116.357021,
              40.001792
            ],
            [
              116.356203,
              40.002522
            ],
            [
              116.354674,
              40.003843
            ],
            [
              116.354024,
              40.004517
            ],
            [
              116.353358,
              40.005254
            ],
            [
              116.352871,
              40.005815
            ],
            [
              116.352249,
              40.006571
            ],
            [
              116.346626,
              40.006222
            ],
            [
              116.346856,
              40.002845
            ],
            [
              116.346862,
              40.002732
            ],
            [
              116.346767,
              40.002728
            ],
            [
              116.346777,
              40.002581
            ],
            [
              116.346793,
              40.002346
            ],
            [
              116.346913,
              40.002353
            ],
            [
              116.346965,
              40.001721
            ],
            [
              116.347031,
              40.001052
            ],
            [
              116.348382,
              40.001065
            ]
          ]
        ],
        "type": "Polygon"
      },
      "id": "OSM-WAY-55816439-INNOVATION",
      "properties": {
        "amenity": "university",
        "evidence_status": "contextual",
        "id": "OSM-WAY-55816439-INNOVATION",
        "layer": "innovation",
        "name": "中国农业大学东校区",
        "name:en": "China Agricultural University - East Campus",
        "name:zh": "中国农业大学东校区",
        "osm_id": 55816439,
        "osm_type": "way"
      },
      "type": "Feature"
    },
    {
      "geometry": {
        "coordinates": [
          [
            [
              116.367136,
              40.005529
            ],
            [
              116.363906,
              40.004091
            ],
            [
              116.361983,
              40.003223
            ],
            [
              116.363173,
              40.001687
            ],
            [
              116.364221,
              40.002111
            ],
            [
              116.365341,
              40.00043
            ],
            [
              116.368169,
              40.000507
            ],
            [
              116.368065,
              40.001471
            ],
            [
              116.369403,
              40.001555
            ],
            [
              116.369323,
              40.002336
            ],
            [
              116.367902,
              40.002262
            ],
            [
              116.366904,
              40.003576
            ],
            [
              116.367233,
              40.005082
            ],
            [
              116.367136,
              40.005529
            ]
          ]
        ],
        "type": "Polygon"
      },
      "id": "OSM-WAY-55819802-INNOVATION",
      "properties": {
        "amenity": "research_institute",
        "evidence_status": "contextual",
        "id": "OSM-WAY-55819802-INNOVATION",
        "landuse": "commercial",
        "layer": "innovation",
        "name": "中国农业机械化科学研究院",
        "name:en": "Chinese Academy of Agricultural Mechanization Sciences",
        "name:zh": "中国农业机械化科学研究院",
        "operator": "中国机械工业集团有限公司",
        "osm_id": 55819802,
        "osm_type": "way"
      },
      "type": "Feature"
    },
    {
      "geometry": {
        "coordinates": [
          [
            [
              116.348712,
              39.999343
            ],
            [
              116.348791,
              39.998278
            ],
            [
              116.349655,
              39.998288
            ],
            [
              116.350626,
              39.99832
            ],
            [
              116.352058,
              39.99834
            ],
            [
              116.352085,
              39.998053
            ],
            [
              116.352466,
              39.998053
            ],
            [
              116.352524,
              39.997842
            ],
            [
              116.355157,
              39.997911
            ],
            [
              116.355132,
              39.998776
            ],
            [
              116.355843,
              39.998773
            ],
            [
              116.35728,
              39.998766
            ],
            [
              116.357346,
              39.998456
            ],
            [
              116.358442,
              39.998459
            ],
            [
              116.358442,
              39.999483
            ],
            [
              116.358412,
              39.999576
            ],
            [
              116.354794,
              39.999396
            ],
            [
              116.353914,
              39.999364
            ],
            [
              116.353898,
              39.999528
            ],
            [
              116.351731,
              39.999425
            ],
            [
              116.348712,
              39.999343
            ]
          ]
        ],
        "type": "Polygon"
      },
      "id": "OSM-WAY-594899438-INNOVATION",
      "properties": {
        "evidence_status": "contextual",
        "id": "OSM-WAY-594899438-INNOVATION",
        "layer": "innovation",
        "name": "石油化工科学研究院",
        "office": "research",
        "osm_id": 594899438,
        "osm_type": "way"
      },
      "type": "Feature"
    },
    {
      "geometry": {
        "coordinates": [
          [
            [
              116.348839,
              39.99927
            ],
            [
              116.348842,
              39.999128
            ],
            [
              116.349444,
              39.999135
            ],
            [
              116.349456,
              39.998533
            ],
            [
              116.349614,
              39.998397
            ],
            [
              116.350118,
              39.998397
            ],
            [
              116.349997,
              39.998539
            ],
            [
              116.349737,
              39.998535
            ],
            [
              116.349654,
              39.998582
            ],
            [
              116.349641,
              39.998701
            ],
            [
              116.34971,
              39.998724
            ],
            [
              116.349692,
              39.999096
            ],
            [
              116.349641,
              39.999139
            ],
            [
              116.349595,
              39.999279
            ],
            [
              116.348839,
              39.99927
            ]
          ]
        ],
        "type": "Polygon"
      },
      "id": "OSM-WAY-595115150-INNOVATION",
      "properties": {
        "building": "yes",
        "evidence_status": "contextual",
        "id": "OSM-WAY-595115150-INNOVATION",
        "layer": "innovation",
        "name": "石化楼",
        "office": "research",
        "osm_id": 595115150,
        "osm_type": "way"
      },
      "type": "Feature"
    },
    {
      "geometry": {
        "coordinates": [
          [
            [
              116.348862,
              39.99878
            ],
            [
              116.349356,
              39.998806
            ],
            [
              116.349373,
              39.998628
            ],
            [
              116.349277,
              39.998623
            ],
            [
              116.349247,
              39.998551
            ],
            [
              116.349137,
              39.998473
            ],
            [
              116.349043,
              39.998444
            ],
            [
              116.349049,
              39.998382
            ],
            [
              116.348899,
              39.998374
            ],
            [
              116.348862,
              39.99878
            ]
          ]
        ],
        "type": "Polygon"
      },
      "id": "OSM-WAY-595115151-INNOVATION",
      "properties": {
        "building": "yes",
        "evidence_status": "contextual",
        "id": "OSM-WAY-595115151-INNOVATION",
        "layer": "innovation",
        "name": "培训楼",
        "office": "research",
        "osm_id": 595115151,
        "osm_type": "way"
      },
      "type": "Feature"
    },
    {
      "geometry": {
        "coordinates": [
          [
            [
              116.322059,
              39.983413
            ],
            [
              116.322109,
              39.982484
            ],
            [
              116.321274,
              39.982451
            ],
            [
              116.321291,
              39.982299
            ],
            [
              116.322134,
              39.982327
            ],
            [
              116.322807,
              39.982359
            ],
            [
              116.322829,
              39.982009
            ],
            [
              116.322891,
              39.982011
            ],
            [
              116.322905,
              39.981729
            ],
            [
              116.322647,
              39.981714
            ],
            [
              116.322649,
              39.981396
            ],
            [
              116.323323,
              39.981422
            ],
            [
              116.323333,
              39.981316
            ],
            [
              116.323616,
              39.981321
            ],
            [
              116.324508,
              39.981336
            ],
            [
              116.324673,
              39.98128
            ],
            [
              116.325424,
              39.981301
            ],
            [
              116.325789,
              39.98131
            ],
            [
              116.32621,
              39.981321
            ],
            [
              116.326331,
              39.981324
            ],
            [
              116.326285,
              39.982027
            ],
            [
              116.326994,
              39.982078
            ],
            [
              116.326943,
              39.983219
            ],
            [
              116.32686,
              39.9835
            ],
            [
              116.32683,
              39.984293
            ],
            [
              116.326686,
              39.984382
            ],
            [
              116.322442,
              39.984196
            ],
            [
              116.322558,
              39.983421
            ],
            [
              116.322059,
              39.983413
            ]
          ]
        ],
        "type": "Polygon"
      },
      "id": "OSM-WAY-601749301-INNOVATION",
      "properties": {
        "alt_name": "中科院物理所",
        "amenity": "research_institute",
        "evidence_status": "contextual",
        "id": "OSM-WAY-601749301-INNOVATION",
        "layer": "innovation",
        "name": "中国科学院物理研究所",
        "name:en": "Institute of Physics, Chinese Academy of Sciences",
        "name:zh": "中国科学院物理研究所",
        "operator": "中国科学院",
        "osm_id": 601749301,
        "osm_type": "way"
      },
      "type": "Feature"
    },
    {
      "geometry": {
        "coordinates": [
          [
            [
              116.325778,
              39.981591
            ],
            [
              116.325788,
              39.981325
            ],
            [
              116.325789,
              39.98131
            ],
            [
              116.32621,
              39.981321
            ],
            [
              116.326193,
              39.981603
            ],
            [
              116.325778,
              39.981591
            ]
          ]
        ],
        "type": "Polygon"
      },
      "id": "OSM-WAY-601751540-INNOVATION",
      "properties": {
        "building": "yes",
        "evidence_status": "contextual",
        "id": "OSM-WAY-601751540-INNOVATION",
        "layer": "innovation",
        "name": "中国科学院理论物理研究所（南楼）",
        "name:en": "South Building, Institute of Theoretical Physics, Chinese Academy of Sciences",
        "name:zh": "中国科学院理论物理研究所（南楼）",
        "office": "research",
        "osm_id": 601751540,
        "osm_type": "way"
      },
      "type": "Feature"
    },
    {
      "geometry": {
        "coordinates": [
          [
            [
              116.325513,
              39.980737
            ],
            [
              116.326521,
              39.980756
            ],
            [
              116.326502,
              39.981103
            ],
            [
              116.325494,
              39.981078
            ],
            [
              116.325513,
              39.980737
            ]
          ]
        ],
        "type": "Polygon"
      },
      "id": "OSM-WAY-601751541-INNOVATION",
      "properties": {
        "building": "yes",
        "evidence_status": "contextual",
        "id": "OSM-WAY-601751541-INNOVATION",
        "layer": "innovation",
        "name": "中国科学院数学与系统科学研究院",
        "name:en": "The Academy of Mathematics and Systems Science, Chinese Academy of Sciences",
        "name:zh": "中国科学院数学与系统科学研究院",
        "office": "research",
        "osm_id": 601751541,
        "osm_type": "way"
      },
      "type": "Feature"
    },
    {
      "geometry": {
        "coordinates": [
          [
            [
              116.352202,
              40.005125
            ],
            [
              116.353101,
              40.005154
            ],
            [
              116.353146,
              40.004337
            ],
            [
              116.352247,
              40.004308
            ],
            [
              116.352202,
              40.005125
            ]
          ]
        ],
        "type": "Polygon"
      },
      "id": "OSM-WAY-608650150-INNOVATION",
      "properties": {
        "amenity": "library",
        "building": "yes",
        "evidence_status": "contextual",
        "id": "OSM-WAY-608650150-INNOVATION",
        "layer": "innovation",
        "name": "中国农业大学新图书馆",
        "name:zh": "中国农业大学新图书馆",
        "osm_id": 608650150,
        "osm_type": "way"
      },
      "type": "Feature"
    },
    {
      "geometry": {
        "coordinates": [
          [
            [
              116.315351,
              39.944711
            ],
            [
              116.316255,
              39.94479
            ],
            [
              116.318328,
              39.944983
            ],
            [
              116.318508,
              39.943541
            ],
            [
              116.318728,
              39.941933
            ],
            [
              116.31886,
              39.940759
            ],
            [
              116.316118,
              39.9405
            ],
            [
              116.315351,
              39.944711
            ]
          ]
        ],
        "type": "Polygon"
      },
      "id": "OSM-WAY-625701993-INNOVATION",
      "properties": {
        "alt_name": "国家图书馆;中国国图;国图;中国图书馆",
        "amenity": "library",
        "evidence_status": "contextual",
        "id": "OSM-WAY-625701993-INNOVATION",
        "layer": "innovation",
        "name": "中国国家图书馆",
        "name:en": "National Library of China",
        "name:zh": "中国国家图书馆",
        "osm_id": 625701993,
        "osm_type": "way"
      },
      "type": "Feature"
    },
    {
      "geometry": {
        "coordinates": [
          [
            [
              116.349149,
              39.979856
            ],
            [
              116.349163,
              39.979602
            ],
            [
              116.349189,
              39.979139
            ],
            [
              116.348071,
              39.979095
            ],
            [
              116.34814,
              39.977831
            ],
            [
              116.351295,
              39.977932
            ],
            [
              116.351222,
              39.97925
            ],
            [
              116.350321,
              39.979221
            ],
            [
              116.350302,
              39.979568
            ],
            [
              116.350093,
              39.979561
            ],
            [
              116.350075,
              39.979886
            ],
            [
              116.349149,
              39.979856
            ]
          ]
        ],
        "type": "Polygon"
      },
      "id": "OSM-WAY-627207900-INNOVATION",
      "properties": {
        "amenity": "research_institute",
        "evidence_status": "contextual",
        "id": "OSM-WAY-627207900-INNOVATION",
        "layer": "innovation",
        "name": "中国信息通信研究院",
        "name:zh": "中国信息通信研究院",
        "osm_id": 627207900,
        "osm_type": "way"
      },
      "type": "Feature"
    },
    {
      "geometry": {
        "coordinates": [
          [
            [
              116.303039,
              39.991626
            ],
            [
              116.30305,
              39.991403
            ],
            [
              116.303369,
              39.991413
            ],
            [
              116.30372,
              39.991423
            ],
            [
              116.303709,
              39.991646
            ],
            [
              116.303039,
              39.991626
            ]
          ]
        ],
        "type": "Polygon"
      },
      "id": "OSM-WAY-628032101-INNOVATION",
      "properties": {
        "access": "private",
        "amenity": "library",
        "building": "yes",
        "evidence_status": "contextual",
        "id": "OSM-WAY-628032101-INNOVATION",
        "layer": "innovation",
        "name": "阿卜杜勒·阿齐兹国王公共图书馆北京大学分馆（古籍图书馆）",
        "name:en": "The King Abdul Aziz Public Library PKU Branch",
        "name:zh": "阿卜杜勒·阿齐兹国王公共图书馆北京大学分馆（古籍图书馆）",
        "operator": "北京大学",
        "osm_id": 628032101,
        "osm_type": "way",
        "wheelchair": "yes"
      },
      "type": "Feature"
    },
    {
      "geometry": {
        "coordinates": [
          [
            [
              116.315501,
              39.990103
            ],
            [
              116.317087,
              39.990195
            ],
            [
              116.317355,
              39.98807
            ],
            [
              116.315693,
              39.987952
            ],
            [
              116.31564,
              39.98849
            ],
            [
              116.315557,
              39.989277
            ],
            [
              116.315501,
              39.990103
            ]
          ]
        ],
        "type": "Polygon"
      },
      "id": "OSM-WAY-628048127-INNOVATION",
      "properties": {
        "amenity": "research_institute",
        "evidence_status": "contextual",
        "id": "OSM-WAY-628048127-INNOVATION",
        "layer": "innovation",
        "name": "中国科学院化学研究所",
        "name:en": "Institute of Chemistry, Chinese Academy of Sciences",
        "name:zh": "中国科学院化学研究所",
        "operator": "中国科学院",
        "osm_id": 628048127,
        "osm_type": "way"
      },
      "type": "Feature"
    },
    {
      "geometry": {
        "coordinates": [
          [
            [
              116.317539,
              39.986475
            ],
            [
              116.318686,
              39.986521
            ],
            [
              116.318733,
              39.986068
            ],
            [
              116.319245,
              39.986066
            ],
            [
              116.319298,
              39.984855
            ],
            [
              116.317773,
              39.984776
            ],
            [
              116.317539,
              39.986475
            ]
          ]
        ],
        "type": "Polygon"
      },
      "id": "OSM-WAY-628048134-INNOVATION",
      "properties": {
        "alt_name": "中科院声学所",
        "amenity": "research_institute",
        "evidence_status": "contextual",
        "id": "OSM-WAY-628048134-INNOVATION",
        "layer": "innovation",
        "name": "中国科学院声学研究所",
        "name:en": "Institute of Acoustics, Chinese Academy of Sciences",
        "name:zh": "中国科学院声学研究所",
        "operator": "中国科学院",
        "osm_id": 628048134,
        "osm_type": "way"
      },
      "type": "Feature"
    },
    {
      "geometry": {
        "coordinates": [
          [
            [
              116.319318,
              39.986528
            ],
            [
              116.320952,
              39.98659
            ],
            [
              116.320964,
              39.98609
            ],
            [
              116.321025,
              39.98515
            ],
            [
              116.321014,
              39.984893
            ],
            [
              116.320909,
              39.984835
            ],
            [
              116.319394,
              39.9848
            ],
            [
              116.319318,
              39.986528
            ]
          ]
        ],
        "type": "Polygon"
      },
      "id": "OSM-WAY-628048135-INNOVATION",
      "properties": {
        "amenity": "research_institute",
        "evidence_status": "contextual",
        "id": "OSM-WAY-628048135-INNOVATION",
        "layer": "innovation",
        "name": "中国科学院电子科学研究所",
        "name:zh": "中国科学院电子科学研究所",
        "operator": "中国科学院",
        "osm_id": 628048135,
        "osm_type": "way"
      },
      "type": "Feature"
    },
    {
      "geometry": {
        "coordinates": [
          [
            [
              116.319345,
              39.98905
            ],
            [
              116.319356,
              39.98897
            ],
            [
              116.319378,
              39.988816
            ],
            [
              116.319398,
              39.988818
            ],
            [
              116.320565,
              39.988903
            ],
            [
              116.320524,
              39.989131
            ],
            [
              116.319345,
              39.98905
            ]
          ]
        ],
        "type": "Polygon"
      },
      "id": "OSM-WAY-628048136-INNOVATION",
      "properties": {
        "building": "yes",
        "evidence_status": "contextual",
        "id": "OSM-WAY-628048136-INNOVATION",
        "layer": "innovation",
        "name": "北京大学技物楼",
        "name:zh": "北京大学技物楼",
        "office": "research",
        "osm_id": 628048136,
        "osm_type": "way"
      },
      "type": "Feature"
    },
    {
      "geometry": {
        "coordinates": [
          [
            [
              116.319059,
              39.989032
            ],
            [
              116.320756,
              39.989171
            ],
            [
              116.320732,
              39.98829
            ],
            [
              116.319153,
              39.988207
            ],
            [
              116.319059,
              39.989032
            ]
          ]
        ],
        "type": "Polygon"
      },
      "id": "OSM-WAY-628048137-INNOVATION",
      "properties": {
        "amenity": "research_institute",
        "evidence_status": "contextual",
        "id": "OSM-WAY-628048137-INNOVATION",
        "layer": "innovation",
        "name": "北京大学物理学院技术物理系技术物理研究所",
        "name:zh": "北京大学物理学院技术物理系技术物理研究所",
        "osm_id": 628048137,
        "osm_type": "way"
      },
      "type": "Feature"
    },
    {
      "geometry": {
        "coordinates": [
          [
            [
              116.319059,
              39.989032
            ],
            [
              116.320756,
              39.989171
            ],
            [
              116.320971,
              39.990193
            ],
            [
              116.320913,
              39.991029
            ],
            [
              116.31917,
              39.990977
            ],
            [
              116.319183,
              39.990685
            ],
            [
              116.318866,
              39.990598
            ],
            [
              116.318979,
              39.989546
            ],
            [
              116.319059,
              39.989032
            ]
          ]
        ],
        "type": "Polygon"
      },
      "id": "OSM-WAY-628048139-INNOVATION",
      "properties": {
        "amenity": "research_institute",
        "evidence_status": "contextual",
        "id": "OSM-WAY-628048139-INNOVATION",
        "layer": "innovation",
        "name": "中国科学院过程工程研究所（西区）",
        "name:en": "Institute of Process Engineering, Chinese Academy of Sciences",
        "name:zh": "中国科学院过程工程研究所（西区）",
        "operator": "中国科学院",
        "osm_id": 628048139,
        "osm_type": "way"
      },
      "type": "Feature"
    },
    {
      "geometry": {
        "coordinates": [
          [
            [
              116.321703,
              39.988704
            ],
            [
              116.321748,
              39.988265
            ],
            [
              116.321736,
              39.988131
            ],
            [
              116.321055,
              39.988108
            ],
            [
              116.321097,
              39.986781
            ],
            [
              116.321198,
              39.986719
            ],
            [
              116.321314,
              39.986723
            ],
            [
              116.322354,
              39.986764
            ],
            [
              116.322317,
              39.987035
            ],
            [
              116.322207,
              39.987128
            ],
            [
              116.322211,
              39.987357
            ],
            [
              116.322778,
              39.987371
            ],
            [
              116.322764,
              39.987542
            ],
            [
              116.322703,
              39.988287
            ],
            [
              116.323285,
              39.988293
            ],
            [
              116.323256,
              39.988726
            ],
            [
              116.321703,
              39.988704
            ]
          ]
        ],
        "type": "Polygon"
      },
      "id": "OSM-WAY-628048140-INNOVATION",
      "properties": {
        "amenity": "research_institute",
        "evidence_status": "contextual",
        "id": "OSM-WAY-628048140-INNOVATION",
        "layer": "innovation",
        "name": "中国科学院电工研究所",
        "name:en": "Institute of Electrical Engineering, Chinese Academy of Sciences",
        "name:zh": "中国科学院电工研究所",
        "operator": "中国科学院",
        "osm_id": 628048140,
        "osm_type": "way"
      },
      "type": "Feature"
    },
    {
      "geometry": {
        "coordinates": [
          [
            [
              116.323256,
              39.988726
            ],
            [
              116.32387,
              39.988729
            ],
            [
              116.323887,
              39.988442
            ],
            [
              116.323557,
              39.98829
            ],
            [
              116.323285,
              39.988293
            ],
            [
              116.323256,
              39.988726
            ]
          ]
        ],
        "type": "Polygon"
      },
      "id": "OSM-WAY-628048141-INNOVATION",
      "properties": {
        "amenity": "research_institute",
        "evidence_status": "contextual",
        "id": "OSM-WAY-628048141-INNOVATION",
        "layer": "innovation",
        "name": "中国科学院过程工程研究所（东区）",
        "name:en": "Institute of Process Engineering, Chinese Academy of Sciences",
        "name:zh": "中国科学院过程工程研究所（东区）",
        "operator": "中国科学院",
        "osm_id": 628048141,
        "osm_type": "way"
      },
      "type": "Feature"
    },
    {
      "geometry": {
        "coordinates": [
          [
            [
              116.328894,
              39.992661
            ],
            [
              116.328951,
              39.991704
            ],
            [
              116.329202,
              39.991712
            ],
            [
              116.330148,
              39.991721
            ],
            [
              116.330122,
              39.992683
            ],
            [
              116.328894,
              39.992661
            ]
          ]
        ],
        "type": "Polygon"
      },
      "id": "OSM-WAY-638127847-INNOVATION",
      "properties": {
        "alt_name": "中国人民银行研究生部",
        "amenity": "university",
        "evidence_status": "contextual",
        "id": "OSM-WAY-638127847-INNOVATION",
        "layer": "innovation",
        "name": "清华大学五道口金融学院",
        "name:en": "PBC School of Finance, Tsinghua University",
        "name:zh": "清华大学五道口金融学院",
        "operator": "Tsinghua University",
        "osm_id": 638127847,
        "osm_type": "way",
        "wheelchair": "yes"
      },
      "type": "Feature"
    },
    {
      "geometry": {
        "coordinates": [
          [
            [
              116.312794,
              40.048453
            ],
            [
              116.317855,
              40.050799
            ],
            [
              116.319703,
              40.051599
            ],
            [
              116.31874,
              40.052918
            ],
            [
              116.318516,
              40.052819
            ],
            [
              116.318455,
              40.052904
            ],
            [
              116.318386,
              40.052999
            ],
            [
              116.317971,
              40.052794
            ],
            [
              116.317451,
              40.053506
            ],
            [
              116.318394,
              40.053955
            ],
            [
              116.318654,
              40.053665
            ],
            [
              116.319219,
              40.053939
            ],
            [
              116.318236,
              40.055022
            ],
            [
              116.317703,
              40.055565
            ],
            [
              116.31736,
              40.055914
            ],
            [
              116.316918,
              40.056363
            ],
            [
              116.314103,
              40.054982
            ],
            [
              116.314093,
              40.054935
            ],
            [
              116.314159,
              40.054868
            ],
            [
              116.314106,
              40.054847
            ],
            [
              116.313933,
              40.054779
            ],
            [
              116.313862,
              40.054872
            ],
            [
              116.313015,
              40.054484
            ],
            [
              116.311509,
              40.053794
            ],
            [
              116.311353,
              40.053721
            ],
            [
              116.311481,
              40.053557
            ],
            [
              116.311507,
              40.053428
            ],
            [
              116.309956,
              40.05272
            ],
            [
              116.30993,
              40.052627
            ],
            [
              116.310022,
              40.052494
            ],
            [
              116.309803,
              40.052397
            ],
            [
              116.310418,
              40.051533
            ],
            [
              116.311475,
              40.050149
            ],
            [
              116.312431,
              40.048898
            ],
            [
              116.312794,
              40.048453
            ]
          ]
        ],
        "type": "Polygon"
      },
      "id": "OSM-WAY-652095457-INNOVATION",
      "properties": {
        "amenity": "research_institute",
        "evidence_status": "contextual",
        "id": "OSM-WAY-652095457-INNOVATION",
        "landuse": "military",
        "layer": "innovation",
        "name": "中国人民解放军空军研究院",
        "osm_id": 652095457,
        "osm_type": "way"
      },
      "type": "Feature"
    },
    {
      "geometry": {
        "coordinates": [
          [
            [
              116.322831,
              40.034371
            ],
            [
              116.324534,
              40.034465
            ],
            [
              116.324737,
              40.033227
            ],
            [
              116.324555,
              40.032603
            ],
            [
              116.32411,
              40.031076
            ],
            [
              116.323509,
              40.031069
            ],
            [
              116.323189,
              40.031357
            ],
            [
              116.322538,
              40.031378
            ],
            [
              116.32253,
              40.031235
            ],
            [
              116.32178,
              40.031243
            ],
            [
              116.32171,
              40.031251
            ],
            [
              116.320887,
              40.031673
            ],
            [
              116.320798,
              40.031834
            ],
            [
              116.320659,
              40.032645
            ],
            [
              116.320517,
              40.032883
            ],
            [
              116.318992,
              40.03345
            ],
            [
              116.318767,
              40.033648
            ],
            [
              116.31857,
              40.034124
            ],
            [
              116.322831,
              40.034371
            ]
          ]
        ],
        "type": "Polygon"
      },
      "id": "OSM-WAY-655138190-INNOVATION",
      "properties": {
        "amenity": "research_institute",
        "evidence_status": "contextual",
        "id": "OSM-WAY-655138190-INNOVATION",
        "landuse": "military",
        "layer": "innovation",
        "name": "中国人民解放军火箭军研究院",
        "osm_id": 655138190,
        "osm_type": "way"
      },
      "type": "Feature"
    },
    {
      "geometry": {
        "coordinates": [
          [
            [
              116.379977,
              40.005198
            ],
            [
              116.379112,
              40.005187
            ],
            [
              116.378734,
              40.005212
            ],
            [
              116.37818,
              40.005212
            ],
            [
              116.378065,
              40.005212
            ],
            [
              116.378051,
              40.005212
            ],
            [
              116.37804,
              40.005212
            ],
            [
              116.378031,
              40.005212
            ],
            [
              116.378017,
              40.005212
            ],
            [
              116.377985,
              40.005212
            ],
            [
              116.377947,
              40.005212
            ],
            [
              116.377381,
              40.005212
            ],
            [
              116.375048,
              40.005212
            ],
            [
              116.374816,
              40.005058
            ],
            [
              116.374724,
              40.003588
            ],
            [
              116.374731,
              40.003385
            ],
            [
              116.37473,
              40.003325
            ],
            [
              116.374544,
              40.000849
            ],
            [
              116.374556,
              40.000716
            ],
            [
              116.375704,
              40.000752
            ],
            [
              116.375946,
              40.000793
            ],
            [
              116.376127,
              40.000802
            ],
            [
              116.378353,
              40.000864
            ],
            [
              116.379947,
              40.000913
            ],
            [
              116.380188,
              40.001092
            ],
            [
              116.380189,
              40.001122
            ],
            [
              116.380191,
              40.001767
            ],
            [
              116.380145,
              40.003205
            ],
            [
              116.380051,
              40.003256
            ],
            [
              116.380037,
              40.003729
            ],
            [
              116.380115,
              40.003778
            ],
            [
              116.380044,
              40.005119
            ],
            [
              116.380042,
              40.005163
            ],
            [
              116.379977,
              40.005198
            ]
          ]
        ],
        "type": "Polygon"
      },
      "id": "OSM-WAY-655162624-INNOVATION",
      "properties": {
        "alt_name": "中国科学院天地科学园区",
        "amenity": "research_institute",
        "evidence_status": "contextual",
        "id": "OSM-WAY-655162624-INNOVATION",
        "landuse": "commercial",
        "layer": "innovation",
        "name": "中国科学院奥运村科技园",
        "name:en": "Olympic Village Science Park, CAS",
        "name:zh": "中国科学院奥运村科技园",
        "operator": "Chinese Academy of Sciences",
        "osm_id": 655162624,
        "osm_type": "way"
      },
      "type": "Feature"
    },
    {
      "geometry": {
        "coordinates": [
          [
            [
              116.348193,
              39.977437
            ],
            [
              116.349169,
              39.977454
            ],
            [
              116.349183,
              39.976954
            ],
            [
              116.350239,
              39.976972
            ],
            [
              116.350229,
              39.977306
            ],
            [
              116.350321,
              39.977386
            ],
            [
              116.350307,
              39.977861
            ],
            [
              116.348182,
              39.977824
            ],
            [
              116.348193,
              39.977437
            ]
          ]
        ],
        "type": "Polygon"
      },
      "id": "OSM-WAY-658253372-INNOVATION",
      "properties": {
        "evidence_status": "contextual",
        "id": "OSM-WAY-658253372-INNOVATION",
        "layer": "innovation",
        "name": "数据通信科学院技术研究所",
        "name:zh": "数据通信科学院技术研究所",
        "office": "research",
        "osm_id": 658253372,
        "osm_type": "way"
      },
      "type": "Feature"
    },
    {
      "geometry": {
        "coordinates": [
          [
            [
              116.370043,
              40.000647
            ],
            [
              116.370146,
              40.00054
            ],
            [
              116.370904,
              40.000562
            ],
            [
              116.371228,
              40.000606
            ],
            [
              116.37185,
              40.000619
            ],
            [
              116.372734,
              40.000636
            ],
            [
              116.372684,
              40.00105
            ],
            [
              116.372582,
              40.001691
            ],
            [
              116.372485,
              40.002702
            ],
            [
              116.372152,
              40.002694
            ],
            [
              116.371666,
              40.003118
            ],
            [
              116.37138,
              40.00399
            ],
            [
              116.370574,
              40.003934
            ],
            [
              116.370625,
              40.003488
            ],
            [
              116.36976,
              40.003429
            ],
            [
              116.369934,
              40.001716
            ],
            [
              116.36998,
              40.001262
            ],
            [
              116.370043,
              40.000647
            ]
          ]
        ],
        "type": "Polygon"
      },
      "id": "OSM-WAY-673858595-INNOVATION",
      "properties": {
        "amenity": "research_institute",
        "evidence_status": "contextual",
        "id": "OSM-WAY-673858595-INNOVATION",
        "landuse": "commercial",
        "layer": "innovation",
        "name": "中国科学院生物物理研究所",
        "name:zh": "中国科学院生物物理研究所",
        "operator": "中国科学院",
        "osm_id": 673858595,
        "osm_type": "way"
      },
      "type": "Feature"
    },
    {
      "geometry": {
        "coordinates": [
          [
            [
              116.369751,
              40.004827
            ],
            [
              116.369602,
              40.004742
            ],
            [
              116.369661,
              40.004255
            ],
            [
              116.36976,
              40.003429
            ],
            [
              116.370625,
              40.003488
            ],
            [
              116.370574,
              40.003934
            ],
            [
              116.37138,
              40.00399
            ],
            [
              116.371258,
              40.00493
            ],
            [
              116.369751,
              40.004827
            ]
          ]
        ],
        "type": "Polygon"
      },
      "id": "OSM-WAY-673858596-INNOVATION",
      "properties": {
        "amenity": "research_institute",
        "evidence_status": "contextual",
        "id": "OSM-WAY-673858596-INNOVATION",
        "landuse": "commercial",
        "layer": "innovation",
        "name": "中国科学院心理研究所",
        "name:en": "Institute of Psychology, Chinese Academy of Sciences",
        "name:zh": "中国科学院心理研究所",
        "osm_id": 673858596,
        "osm_type": "way"
      },
      "type": "Feature"
    },
    {
      "geometry": {
        "coordinates": [
          [
            [
              116.37568,
              39.976684
            ],
            [
              116.375636,
              39.976587
            ],
            [
              116.375406,
              39.976527
            ],
            [
              116.375531,
              39.975665
            ],
            [
              116.375667,
              39.975587
            ],
            [
              116.377295,
              39.9756
            ],
            [
              116.377286,
              39.976069
            ],
            [
              116.376582,
              39.976067
            ],
            [
              116.376577,
              39.976404
            ],
            [
              116.376282,
              39.976698
            ],
            [
              116.37568,
              39.976684
            ]
          ]
        ],
        "type": "Polygon"
      },
      "id": "OSM-WAY-673865195-INNOVATION",
      "properties": {
        "amenity": "research_institute",
        "evidence_status": "contextual",
        "id": "OSM-WAY-673865195-INNOVATION",
        "landuse": "commercial",
        "layer": "innovation",
        "name": "中国科学院地震研究所",
        "osm_id": 673865195,
        "osm_type": "way"
      },
      "type": "Feature"
    },
    {
      "geometry": {
        "coordinates": [
          [
            [
              116.376577,
              39.976404
            ],
            [
              116.376582,
              39.976067
            ],
            [
              116.377286,
              39.976069
            ],
            [
              116.377295,
              39.9756
            ],
            [
              116.377692,
              39.975615
            ],
            [
              116.377669,
              39.976027
            ],
            [
              116.378404,
              39.97605
            ],
            [
              116.37839,
              39.976474
            ],
            [
              116.37803,
              39.976459
            ],
            [
              116.376577,
              39.976404
            ]
          ]
        ],
        "type": "Polygon"
      },
      "id": "OSM-WAY-673865196-INNOVATION",
      "properties": {
        "amenity": "research_institute",
        "evidence_status": "contextual",
        "id": "OSM-WAY-673865196-INNOVATION",
        "landuse": "commercial",
        "layer": "innovation",
        "name": "中国科学院地质与地球物理研究所",
        "osm_id": 673865196,
        "osm_type": "way"
      },
      "type": "Feature"
    },
    {
      "geometry": {
        "coordinates": [
          [
            [
              116.381995,
              39.977497
            ],
            [
              116.382063,
              39.975697
            ],
            [
              116.384429,
              39.975707
            ],
            [
              116.384361,
              39.97744
            ],
            [
              116.383747,
              39.977455
            ],
            [
              116.381995,
              39.977497
            ]
          ]
        ],
        "type": "Polygon"
      },
      "id": "OSM-WAY-673865197-INNOVATION",
      "properties": {
        "amenity": "research_institute",
        "evidence_status": "contextual",
        "id": "OSM-WAY-673865197-INNOVATION",
        "landuse": "commercial",
        "layer": "innovation",
        "name": "中国科学院微电子研究所",
        "osm_id": 673865197,
        "osm_type": "way"
      },
      "type": "Feature"
    },
    {
      "geometry": {
        "coordinates": [
          [
            [
              116.334288,
              40.043114
            ],
            [
              116.334529,
              40.042362
            ],
            [
              116.335258,
              40.042484
            ],
            [
              116.335593,
              40.041548
            ],
            [
              116.336515,
              40.041804
            ],
            [
              116.337236,
              40.042012
            ],
            [
              116.33694,
              40.042625
            ],
            [
              116.337498,
              40.042713
            ],
            [
              116.337396,
              40.043066
            ],
            [
              116.337229,
              40.043476
            ],
            [
              116.337002,
              40.043951
            ],
            [
              116.336301,
              40.043909
            ],
            [
              116.336078,
              40.043923
            ],
            [
              116.335443,
              40.043636
            ],
            [
              116.334288,
              40.043114
            ]
          ]
        ],
        "type": "Polygon"
      },
      "id": "OSM-WAY-673999804-INNOVATION",
      "properties": {
        "amenity": "university",
        "evidence_status": "contextual",
        "id": "OSM-WAY-673999804-INNOVATION",
        "layer": "innovation",
        "name": "北京信息科技大学清河校区",
        "osm_id": 673999804,
        "osm_type": "way"
      },
      "type": "Feature"
    },
    {
      "geometry": {
        "coordinates": [
          [
            [
              116.380217,
              39.977226
            ],
            [
              116.380249,
              39.976063
            ],
            [
              116.381526,
              39.976055
            ],
            [
              116.381483,
              39.977272
            ],
            [
              116.380217,
              39.977226
            ]
          ]
        ],
        "type": "Polygon"
      },
      "id": "OSM-WAY-690857098-INNOVATION",
      "properties": {
        "amenity": "research_institute",
        "evidence_status": "contextual",
        "id": "OSM-WAY-690857098-INNOVATION",
        "landuse": "commercial",
        "layer": "innovation",
        "name": "中国科学院大气物理研究所",
        "name:en": "Institute of Atmospheric Physics (IAP)",
        "osm_id": 690857098,
        "osm_type": "way"
      },
      "type": "Feature"
    },
    {
      "geometry": {
        "coordinates": [
          [
            [
              116.339663,
              40.019787
            ],
            [
              116.339689,
              40.020066
            ],
            [
              116.340111,
              40.020043
            ],
            [
              116.340085,
              40.019765
            ],
            [
              116.339663,
              40.019787
            ]
          ]
        ],
        "type": "Polygon"
      },
      "id": "OSM-WAY-772630335-INNOVATION",
      "properties": {
        "amenity": "library",
        "building": "yes",
        "evidence_status": "contextual",
        "id": "OSM-WAY-772630335-INNOVATION",
        "layer": "innovation",
        "osm_id": 772630335,
        "osm_type": "way"
      },
      "type": "Feature"
    },
    {
      "geometry": {
        "coordinates": [
          [
            [
              116.316367,
              39.944615
            ],
            [
              116.3165,
              39.943583
            ],
            [
              116.317727,
              39.943676
            ],
            [
              116.317716,
              39.943763
            ],
            [
              116.318039,
              39.943787
            ],
            [
              116.317932,
              39.944624
            ],
            [
              116.317617,
              39.9446
            ],
            [
              116.317603,
              39.944708
            ],
            [
              116.316367,
              39.944615
            ]
          ]
        ],
        "type": "Polygon"
      },
      "id": "OSM-WAY-78051436-INNOVATION",
      "properties": {
        "amenity": "library",
        "building": "yes",
        "evidence_status": "contextual",
        "id": "OSM-WAY-78051436-INNOVATION",
        "layer": "innovation",
        "name": "国家图书馆总馆北区",
        "osm_id": 78051436,
        "osm_type": "way"
      },
      "type": "Feature"
    },
    {
      "geometry": {
        "coordinates": [
          [
            [
              116.322458,
              39.998181
            ],
            [
              116.322476,
              39.997752
            ],
            [
              116.323099,
              39.997767
            ],
            [
              116.323081,
              39.998196
            ],
            [
              116.322458,
              39.998181
            ]
          ]
        ],
        "type": "Polygon"
      },
      "id": "OSM-WAY-817157928-INNOVATION",
      "properties": {
        "amenity": "library",
        "building": "yes",
        "evidence_status": "contextual",
        "id": "OSM-WAY-817157928-INNOVATION",
        "layer": "innovation",
        "name": "法律图书馆",
        "name:en": "Law Library",
        "osm_id": 817157928,
        "osm_type": "way",
        "wheelchair": "yes"
      },
      "type": "Feature"
    },
    {
      "geometry": {
        "coordinates": [
          [
            [
              116.319377,
              39.961372
            ],
            [
              116.319415,
              39.96102
            ],
            [
              116.320272,
              39.961075
            ],
            [
              116.320258,
              39.961207
            ],
            [
              116.319628,
              39.961167
            ],
            [
              116.319604,
              39.961386
            ],
            [
              116.319377,
              39.961372
            ]
          ]
        ],
        "type": "Polygon"
      },
      "id": "OSM-WAY-849088027-INNOVATION",
      "properties": {
        "building": "yes",
        "evidence_status": "contextual",
        "id": "OSM-WAY-849088027-INNOVATION",
        "layer": "innovation",
        "name": "饲料研究所",
        "name:en": "Feed Research Institute",
        "office": "research",
        "osm_id": 849088027,
        "osm_type": "way"
      },
      "type": "Feature"
    },
    {
      "geometry": {
        "coordinates": [
          [
            [
              116.319546,
              39.960104
            ],
            [
              116.319596,
              39.959683
            ],
            [
              116.320553,
              39.95975
            ],
            [
              116.32053,
              39.959948
            ],
            [
              116.319822,
              39.959899
            ],
            [
              116.319796,
              39.960122
            ],
            [
              116.319546,
              39.960104
            ]
          ]
        ],
        "type": "Polygon"
      },
      "id": "OSM-WAY-849088035-INNOVATION",
      "properties": {
        "building": "yes",
        "evidence_status": "contextual",
        "id": "OSM-WAY-849088035-INNOVATION",
        "layer": "innovation",
        "name": "中国农业科学院农业环境与可持续发展研究所",
        "name:en": "Institute of Environment and Sustainable Development in Agriculture, CAAS",
        "office": "research",
        "osm_id": 849088035,
        "osm_type": "way"
      },
      "type": "Feature"
    },
    {
      "geometry": {
        "coordinates": [
          [
            [
              116.320593,
              39.959923
            ],
            [
              116.32111,
              39.959953
            ],
            [
              116.321122,
              39.959836
            ],
            [
              116.320848,
              39.95982
            ],
            [
              116.320892,
              39.959369
            ],
            [
              116.321179,
              39.959386
            ],
            [
              116.321194,
              39.95923
            ],
            [
              116.320656,
              39.959199
            ],
            [
              116.320641,
              39.959354
            ],
            [
              116.320745,
              39.95936
            ],
            [
              116.320704,
              39.959786
            ],
            [
              116.320607,
              39.959781
            ],
            [
              116.320593,
              39.959923
            ]
          ]
        ],
        "type": "Polygon"
      },
      "id": "OSM-WAY-849088047-INNOVATION",
      "properties": {
        "building": "yes",
        "evidence_status": "contextual",
        "id": "OSM-WAY-849088047-INNOVATION",
        "layer": "innovation",
        "name": "中国农业科学院农业质量标准与检测技术研究所",
        "name:en": "Institute of Quality Standard and Testing Technology for Agro-Products, CAAS",
        "office": "research",
        "osm_id": 849088047,
        "osm_type": "way"
      },
      "type": "Feature"
    },
    {
      "geometry": {
        "coordinates": [
          [
            [
              116.327484,
              39.956379
            ],
            [
              116.327364,
              39.957639
            ],
            [
              116.327286,
              39.958571
            ],
            [
              116.328022,
              39.95861
            ],
            [
              116.327851,
              39.960759
            ],
            [
              116.328344,
              39.960792
            ],
            [
              116.328158,
              39.962984
            ],
            [
              116.329829,
              39.963069
            ],
            [
              116.329858,
              39.962747
            ],
            [
              116.331784,
              39.962897
            ],
            [
              116.331298,
              39.965895
            ],
            [
              116.325934,
              39.965885
            ],
            [
              116.326141,
              39.964404
            ],
            [
              116.326503,
              39.963768
            ],
            [
              116.325109,
              39.963235
            ],
            [
              116.32514,
              39.962913
            ],
            [
              116.325276,
              39.961767
            ],
            [
              116.321141,
              39.961389
            ],
            [
              116.318494,
              39.961234
            ],
            [
              116.31856,
              39.960485
            ],
            [
              116.317215,
              39.960358
            ],
            [
              116.317331,
              39.958963
            ],
            [
              116.317342,
              39.958867
            ],
            [
              116.317548,
              39.955781
            ],
            [
              116.327484,
              39.956379
            ]
          ]
        ],
        "type": "Polygon"
      },
      "id": "OSM-WAY-849088061-INNOVATION",
      "properties": {
        "alt_name": "中国农科院",
        "amenity": "research_institute",
        "evidence_status": "contextual",
        "id": "OSM-WAY-849088061-INNOVATION",
        "landuse": "commercial",
        "layer": "innovation",
        "name": "中国农业科学院",
        "name:en": "Chinese Academy of Agricultural Sciences",
        "name:zh": "中国农业科学院",
        "osm_id": 849088061,
        "osm_type": "way"
      },
      "type": "Feature"
    },
    {
      "geometry": {
        "coordinates": [
          [
            [
              116.318201,
              40.004033
            ],
            [
              116.318175,
              40.004389
            ],
            [
              116.318061,
              40.004474
            ],
            [
              116.31783,
              40.004464
            ],
            [
              116.31748,
              40.004448
            ],
            [
              116.317498,
              40.004209
            ],
            [
              116.317222,
              40.004197
            ],
            [
              116.317221,
              40.004222
            ],
            [
              116.317031,
              40.004213
            ],
            [
              116.317049,
              40.003972
            ],
            [
              116.317246,
              40.003981
            ],
            [
              116.317239,
              40.004068
            ],
            [
              116.317565,
              40.004082
            ],
            [
              116.31757,
              40.004014
            ],
            [
              116.317677,
              40.004019
            ],
            [
              116.317669,
              40.004109
            ],
            [
              116.318047,
              40.004126
            ],
            [
              116.318055,
              40.004027
            ],
            [
              116.318201,
              40.004033
            ]
          ]
        ],
        "type": "Polygon"
      },
      "id": "OSM-WAY-852646108-INNOVATION",
      "properties": {
        "access": "private",
        "amenity": "library",
        "building": "yes",
        "evidence_status": "contextual",
        "id": "OSM-WAY-852646108-INNOVATION",
        "layer": "innovation",
        "name": "李文正馆",
        "name:en": "Mochtar Riady Library",
        "name:zh": "李文正馆",
        "osm_id": 852646108,
        "osm_type": "way",
        "wheelchair": "yes"
      },
      "type": "Feature"
    },
    {
      "geometry": {
        "coordinates": [
          [
            [
              116.337125,
              40.008957
            ],
            [
              116.338335,
              40.008969
            ],
            [
              116.338355,
              40.006965
            ],
            [
              116.336716,
              40.006949
            ],
            [
              116.33672,
              40.006395
            ],
            [
              116.335871,
              40.006392
            ],
            [
              116.335699,
              40.006397
            ],
            [
              116.335761,
              40.006531
            ],
            [
              116.336343,
              40.007742
            ],
            [
              116.336492,
              40.007744
            ],
            [
              116.336557,
              40.007795
            ],
            [
              116.337125,
              40.008957
            ]
          ]
        ],
        "type": "Polygon"
      },
      "id": "OSM-WAY-853328372-INNOVATION",
      "properties": {
        "amenity": "research_institute",
        "evidence_status": "contextual",
        "id": "OSM-WAY-853328372-INNOVATION",
        "landuse": "commercial",
        "layer": "innovation",
        "name": "中国科学院生态环境研究中心",
        "name:zh": "中国科学院生态环境研究中心",
        "osm_id": 853328372,
        "osm_type": "way"
      },
      "type": "Feature"
    },
    {
      "geometry": {
        "coordinates": [
          [
            [
              116.33315,
              40.001435
            ],
            [
              116.332777,
              40.000563
            ],
            [
              116.333294,
              40.000574
            ],
            [
              116.333293,
              40.000701
            ],
            [
              116.333647,
              40.00071
            ],
            [
              116.333605,
              40.001319
            ],
            [
              116.33315,
              40.001435
            ]
          ]
        ],
        "type": "Polygon"
      },
      "id": "OSM-WAY-861086566-INNOVATION",
      "properties": {
        "amenity": "research_institute",
        "evidence_status": "contextual",
        "id": "OSM-WAY-861086566-INNOVATION",
        "layer": "innovation",
        "name": "海淀区特种设备检测所",
        "name:zh": "海淀区特种设备检测所",
        "osm_id": 861086566,
        "osm_type": "way"
      },
      "type": "Feature"
    },
    {
      "geometry": {
        "coordinates": [
          [
            [
              116.311957,
              39.993556
            ],
            [
              116.312891,
              39.993588
            ],
            [
              116.312911,
              39.993302
            ],
            [
              116.312933,
              39.992926
            ],
            [
              116.312254,
              39.992912
            ],
            [
              116.312259,
              39.992693
            ],
            [
              116.31226,
              39.992621
            ],
            [
              116.312044,
              39.992618
            ],
            [
              116.311229,
              39.992592
            ],
            [
              116.311213,
              39.992903
            ],
            [
              116.312011,
              39.99292
            ],
            [
              116.311957,
              39.993556
            ]
          ]
        ],
        "type": "Polygon"
      },
      "id": "OSM-WAY-866277614-INNOVATION",
      "properties": {
        "amenity": "university",
        "evidence_status": "contextual",
        "id": "OSM-WAY-866277614-INNOVATION",
        "layer": "innovation",
        "name": "北京大学工学院",
        "name:en": "College of Engineering, Peking University",
        "name:zh": "北京大学工学院",
        "operator": "北京大学",
        "osm_id": 866277614,
        "osm_type": "way"
      },
      "type": "Feature"
    },
    {
      "geometry": {
        "coordinates": [
          [
            [
              116.338014,
              39.986159
            ],
            [
              116.338051,
              39.985626
            ],
            [
              116.338415,
              39.985646
            ],
            [
              116.338904,
              39.985637
            ],
            [
              116.338891,
              39.986182
            ],
            [
              116.338833,
              39.98618
            ],
            [
              116.338014,
              39.986159
            ]
          ]
        ],
        "type": "Polygon"
      },
      "id": "OSM-WAY-868296013-INNOVATION",
      "properties": {
        "amenity": "college",
        "evidence_status": "contextual",
        "id": "OSM-WAY-868296013-INNOVATION",
        "layer": "innovation",
        "name": "海淀区职业技校东校区",
        "name:zh": "海淀区职业技校东校区",
        "osm_id": 868296013,
        "osm_type": "way"
      },
      "type": "Feature"
    },
    {
      "geometry": {
        "coordinates": [
          [
            [
              116.338891,
              39.986182
            ],
            [
              116.339753,
              39.986204
            ],
            [
              116.339783,
              39.98565
            ],
            [
              116.339325,
              39.985637
            ],
            [
              116.338904,
              39.985637
            ],
            [
              116.338891,
              39.986182
            ]
          ]
        ],
        "type": "Polygon"
      },
      "id": "OSM-WAY-868296014-INNOVATION",
      "properties": {
        "amenity": "college",
        "evidence_status": "contextual",
        "id": "OSM-WAY-868296014-INNOVATION",
        "layer": "innovation",
        "name": "中关村学院",
        "name:zh": "中关村学院",
        "osm_id": 868296014,
        "osm_type": "way"
      },
      "type": "Feature"
    },
    {
      "geometry": {
        "coordinates": [
          [
            [
              116.339753,
              39.986204
            ],
            [
              116.339783,
              39.98565
            ],
            [
              116.339846,
              39.985652
            ],
            [
              116.340667,
              39.985682
            ],
            [
              116.341832,
              39.985725
            ],
            [
              116.342285,
              39.985742
            ],
            [
              116.342266,
              39.986294
            ],
            [
              116.341315,
              39.986275
            ],
            [
              116.341306,
              39.987105
            ],
            [
              116.339714,
              39.987079
            ],
            [
              116.339753,
              39.986204
            ]
          ]
        ],
        "type": "Polygon"
      },
      "id": "OSM-WAY-868296015-INNOVATION",
      "properties": {
        "alt_name": "海跑,北城,海大,城院",
        "amenity": "college",
        "evidence_status": "contextual",
        "id": "OSM-WAY-868296015-INNOVATION",
        "layer": "innovation",
        "name": "北京城市学院",
        "name:en": "Beijing City University",
        "name:zh": "北京城市学院",
        "operator": "北京市教委",
        "osm_id": 868296015,
        "osm_type": "way"
      },
      "type": "Feature"
    },
    {
      "geometry": {
        "coordinates": [
          [
            [
              116.304222,
              39.997906
            ],
            [
              116.304276,
              39.997751
            ],
            [
              116.304839,
              39.997867
            ],
            [
              116.304826,
              39.997903
            ],
            [
              116.304944,
              39.997927
            ],
            [
              116.304955,
              39.997895
            ],
            [
              116.305183,
              39.997942
            ],
            [
              116.305131,
              39.998092
            ],
            [
              116.304222,
              39.997906
            ]
          ]
        ],
        "type": "Polygon"
      },
      "id": "OSM-WAY-876428136-INNOVATION",
      "properties": {
        "building": "yes",
        "evidence_status": "contextual",
        "id": "OSM-WAY-876428136-INNOVATION",
        "layer": "innovation",
        "name": "科维理天文与天体物理研究所",
        "name:en": "Kavli Institute for Astronomy and Astrophysics",
        "name:zh": "科维理天文与天体物理研究所",
        "office": "research",
        "operator": "北京大学",
        "osm_id": 876428136,
        "osm_type": "way",
        "wheelchair": "yes"
      },
      "type": "Feature"
    },
    {
      "geometry": {
        "coordinates": [
          [
            [
              116.308289,
              39.987942
            ],
            [
              116.308315,
              39.987551
            ],
            [
              116.308618,
              39.987562
            ],
            [
              116.308593,
              39.987954
            ],
            [
              116.308289,
              39.987942
            ]
          ]
        ],
        "type": "Polygon"
      },
      "id": "OSM-WAY-880624098-INNOVATION",
      "properties": {
        "amenity": "research_institute",
        "evidence_status": "contextual",
        "id": "OSM-WAY-880624098-INNOVATION",
        "landuse": "commercial",
        "layer": "innovation",
        "name": "治贝子园",
        "name:zh": "治贝子园",
        "osm_id": 880624098,
        "osm_type": "way",
        "wheelchair": "yes"
      },
      "type": "Feature"
    },
    {
      "geometry": {
        "coordinates": [
          [
            [
              116.34193,
              39.982769
            ],
            [
              116.341948,
              39.982246
            ],
            [
              116.342065,
              39.982248
            ],
            [
              116.342067,
              39.982196
            ],
            [
              116.342634,
              39.982208
            ],
            [
              116.343166,
              39.982219
            ],
            [
              116.343158,
              39.982291
            ],
            [
              116.34316,
              39.982384
            ],
            [
              116.343002,
              39.982382
            ],
            [
              116.342978,
              39.982801
            ],
            [
              116.342975,
              39.982883
            ],
            [
              116.342152,
              39.982866
            ],
            [
              116.342158,
              39.982687
            ],
            [
              116.342108,
              39.982686
            ],
            [
              116.342105,
              39.982773
            ],
            [
              116.34193,
              39.982769
            ]
          ]
        ],
        "type": "Polygon"
      },
      "id": "OSM-WAY-88777864-INNOVATION",
      "properties": {
        "amenity": "library",
        "building": "yes",
        "evidence_status": "contextual",
        "id": "OSM-WAY-88777864-INNOVATION",
        "layer": "innovation",
        "name": "北航图书馆",
        "name:en": "Library Of Beihang University",
        "name:zh": "北航图书馆",
        "osm_id": 88777864,
        "osm_type": "way"
      },
      "type": "Feature"
    },
    {
      "geometry": {
        "coordinates": [
          [
            [
              116.328366,
              40.00152
            ],
            [
              116.328676,
              40.001535
            ],
            [
              116.32867,
              40.001609
            ],
            [
              116.328509,
              40.001601
            ],
            [
              116.328497,
              40.001754
            ],
            [
              116.329051,
              40.00178
            ],
            [
              116.329089,
              40.001319
            ],
            [
              116.328812,
              40.001306
            ],
            [
              116.328803,
              40.001415
            ],
            [
              116.328376,
              40.001395
            ],
            [
              116.328366,
              40.00152
            ]
          ]
        ],
        "type": "Polygon"
      },
      "id": "OSM-WAY-915703015-INNOVATION",
      "properties": {
        "building": "yes",
        "evidence_status": "contextual",
        "id": "OSM-WAY-915703015-INNOVATION",
        "layer": "innovation",
        "name": "加速器实验室",
        "name:zh": "加速器实验室",
        "office": "research",
        "operator": "清华大学",
        "osm_id": 915703015,
        "osm_type": "way",
        "wheelchair": "yes"
      },
      "type": "Feature"
    },
    {
      "geometry": {
        "coordinates": [
          [
            [
              116.329385,
              39.95607
            ],
            [
              116.329962,
              39.952478
            ],
            [
              116.330793,
              39.952557
            ],
            [
              116.330883,
              39.951822
            ],
            [
              116.333512,
              39.952254
            ],
            [
              116.333471,
              39.952398
            ],
            [
              116.333215,
              39.953298
            ],
            [
              116.334867,
              39.953591
            ],
            [
              116.334686,
              39.955086
            ],
            [
              116.332809,
              39.95499
            ],
            [
              116.332683,
              39.956279
            ],
            [
              116.329385,
              39.95607
            ]
          ]
        ],
        "type": "Polygon"
      },
      "id": "OSM-WAY-917379041-INNOVATION",
      "properties": {
        "amenity": "research_institute",
        "evidence_status": "contextual",
        "id": "OSM-WAY-917379041-INNOVATION",
        "landuse": "industrial",
        "layer": "innovation",
        "name": "中国铁道科学研究院",
        "name:zh": "中国铁道科学研究院",
        "osm_id": 917379041,
        "osm_type": "way"
      },
      "type": "Feature"
    },
    {
      "geometry": {
        "coordinates": [
          [
            [
              116.335702,
              39.952975
            ],
            [
              116.33596,
              39.952122
            ],
            [
              116.336543,
              39.952228
            ],
            [
              116.336545,
              39.952344
            ],
            [
              116.336509,
              39.952477
            ],
            [
              116.336473,
              39.952598
            ],
            [
              116.33643,
              39.952677
            ],
            [
              116.3362,
              39.953042
            ],
            [
              116.335702,
              39.952975
            ]
          ]
        ],
        "type": "Polygon"
      },
      "id": "OSM-WAY-917379043-INNOVATION",
      "properties": {
        "amenity": "university",
        "evidence_status": "contextual",
        "id": "OSM-WAY-917379043-INNOVATION",
        "layer": "innovation",
        "name": "北京交通大学-向阳办公区",
        "operator": "北京交通大学",
        "osm_id": 917379043,
        "osm_type": "way"
      },
      "type": "Feature"
    },
    {
      "geometry": {
        "coordinates": [
          [
            [
              116.318414,
              39.954399
            ],
            [
              116.319305,
              39.954423
            ],
            [
              116.319299,
              39.953985
            ],
            [
              116.319763,
              39.954006
            ],
            [
              116.319793,
              39.953384
            ],
            [
              116.320219,
              39.953395
            ],
            [
              116.320234,
              39.953018
            ],
            [
              116.319407,
              39.953013
            ],
            [
              116.319377,
              39.953325
            ],
            [
              116.318568,
              39.953309
            ],
            [
              116.318576,
              39.953177
            ],
            [
              116.318133,
              39.953163
            ],
            [
              116.318111,
              39.953387
            ],
            [
              116.317865,
              39.953378
            ],
            [
              116.317717,
              39.954712
            ],
            [
              116.318381,
              39.954745
            ],
            [
              116.318414,
              39.954399
            ]
          ]
        ],
        "type": "Polygon"
      },
      "id": "OSM-WAY-917379046-INNOVATION",
      "properties": {
        "amenity": "university",
        "evidence_status": "contextual",
        "id": "OSM-WAY-917379046-INNOVATION",
        "landuse": "military",
        "layer": "innovation",
        "name": "国防大学军事文化学院",
        "name:zh": "国防大学军事文化学院",
        "osm_id": 917379046,
        "osm_type": "way"
      },
      "type": "Feature"
    },
    {
      "geometry": {
        "coordinates": [
          [
            [
              116.321848,
              39.955466
            ],
            [
              116.322534,
              39.955497
            ],
            [
              116.322698,
              39.953487
            ],
            [
              116.321766,
              39.953451
            ],
            [
              116.321766,
              39.953824
            ],
            [
              116.321754,
              39.954062
            ],
            [
              116.321883,
              39.954157
            ],
            [
              116.321942,
              39.954233
            ],
            [
              116.321848,
              39.955466
            ]
          ]
        ],
        "type": "Polygon"
      },
      "id": "OSM-WAY-917379047-INNOVATION",
      "properties": {
        "amenity": "research_institute",
        "evidence_status": "contextual",
        "id": "OSM-WAY-917379047-INNOVATION",
        "layer": "innovation",
        "name": "中国农业科学院作物科学研究所",
        "name:zh": "中国农业科学院作物科学研究所",
        "osm_id": 917379047,
        "osm_type": "way"
      },
      "type": "Feature"
    },
    {
      "geometry": {
        "coordinates": [
          [
            [
              116.378493,
              39.988149
            ],
            [
              116.379803,
              39.988224
            ],
            [
              116.379833,
              39.986815
            ],
            [
              116.378569,
              39.986769
            ],
            [
              116.378493,
              39.988149
            ]
          ]
        ],
        "type": "Polygon"
      },
      "id": "OSM-WAY-919969640-INNOVATION",
      "properties": {
        "amenity": "research_institute",
        "evidence_status": "contextual",
        "id": "OSM-WAY-919969640-INNOVATION",
        "layer": "innovation",
        "name": "北京市社会科学院",
        "operator": "北京市人民政府",
        "osm_id": 919969640,
        "osm_type": "way"
      },
      "type": "Feature"
    },
    {
      "geometry": {
        "coordinates": [
          [
            [
              116.374309,
              39.98903
            ],
            [
              116.37695,
              39.989123
            ],
            [
              116.376942,
              39.988067
            ],
            [
              116.378357,
              39.988131
            ],
            [
              116.378456,
              39.986745
            ],
            [
              116.374528,
              39.986664
            ],
            [
              116.374377,
              39.986786
            ],
            [
              116.374392,
              39.988021
            ],
            [
              116.374309,
              39.98903
            ]
          ]
        ],
        "type": "Polygon"
      },
      "id": "OSM-WAY-919969641-INNOVATION",
      "properties": {
        "amenity": "university",
        "evidence_status": "contextual",
        "id": "OSM-WAY-919969641-INNOVATION",
        "layer": "innovation",
        "name": "北京信息科技大学(健翔桥校区)",
        "osm_id": 919969641,
        "osm_type": "way"
      },
      "type": "Feature"
    },
    {
      "geometry": {
        "coordinates": [
          [
            [
              116.305976,
              39.995338
            ],
            [
              116.305994,
              39.995252
            ],
            [
              116.30602,
              39.99508
            ],
            [
              116.306267,
              39.995105
            ],
            [
              116.306223,
              39.995363
            ],
            [
              116.305976,
              39.995338
            ]
          ]
        ],
        "type": "Polygon"
      },
      "id": "OSM-WAY-939378517-INNOVATION",
      "properties": {
        "building": "yes",
        "evidence_status": "contextual",
        "id": "OSM-WAY-939378517-INNOVATION",
        "layer": "innovation",
        "name": "哲学系（宗教学系）",
        "office": "research",
        "osm_id": 939378517,
        "osm_type": "way"
      },
      "type": "Feature"
    },
    {
      "geometry": {
        "coordinates": [
          [
            [
              116.305805,
              39.996272
            ],
            [
              116.305819,
              39.996179
            ],
            [
              116.305843,
              39.996015
            ],
            [
              116.306079,
              39.996035
            ],
            [
              116.306042,
              39.996292
            ],
            [
              116.305805,
              39.996272
            ]
          ]
        ],
        "type": "Polygon"
      },
      "id": "OSM-WAY-939378519-INNOVATION",
      "properties": {
        "building": "yes",
        "evidence_status": "contextual",
        "id": "OSM-WAY-939378519-INNOVATION",
        "layer": "innovation",
        "name": "中国语言文学系",
        "office": "research",
        "osm_id": 939378519,
        "osm_type": "way"
      },
      "type": "Feature"
    },
    {
      "geometry": {
        "coordinates": [
          [
            [
              116.31595,
              39.987135
            ],
            [
              116.315964,
              39.986991
            ],
            [
              116.317091,
              39.987054
            ],
            [
              116.317077,
              39.987198
            ],
            [
              116.31595,
              39.987135
            ]
          ]
        ],
        "type": "Polygon"
      },
      "id": "OSM-WAY-945068560-INNOVATION",
      "properties": {
        "building": "yes",
        "evidence_status": "contextual",
        "id": "OSM-WAY-945068560-INNOVATION",
        "layer": "innovation",
        "name": "中国科学院科技政策与管理科学研究所",
        "name:zh": "中国科学院科技政策与管理科学研究所",
        "office": "research",
        "osm_id": 945068560,
        "osm_type": "way"
      },
      "type": "Feature"
    },
    {
      "geometry": {
        "coordinates": [
          [
            [
              116.304537,
              39.93735
            ],
            [
              116.304536,
              39.936611
            ],
            [
              116.30617,
              39.936609
            ],
            [
              116.306172,
              39.937348
            ],
            [
              116.304537,
              39.93735
            ]
          ]
        ],
        "type": "Polygon"
      },
      "id": "OSM-WAY-951690600-INNOVATION",
      "properties": {
        "amenity": "research_institute",
        "evidence_status": "contextual",
        "id": "OSM-WAY-951690600-INNOVATION",
        "landuse": "commercial",
        "layer": "innovation",
        "name": "中国国家画院",
        "name:en": "China National Academy of Painting",
        "osm_id": 951690600,
        "osm_type": "way"
      },
      "type": "Feature"
    },
    {
      "geometry": {
        "coordinates": [
          [
            [
              116.347054,
              39.960694
            ],
            [
              116.347095,
              39.958853
            ],
            [
              116.347115,
              39.958547
            ],
            [
              116.344638,
              39.95852
            ],
            [
              116.344023,
              39.960079
            ],
            [
              116.3439,
              39.960098
            ],
            [
              116.343878,
              39.96026
            ],
            [
              116.343409,
              39.960259
            ],
            [
              116.343243,
              39.960603
            ],
            [
              116.34316,
              39.961107
            ],
            [
              116.344441,
              39.961163
            ],
            [
              116.344461,
              39.960593
            ],
            [
              116.347054,
              39.960694
            ]
          ]
        ],
        "type": "Polygon"
      },
      "id": "OSM-WAY-953938441-INNOVATION",
      "properties": {
        "amenity": "research_institute",
        "evidence_status": "contextual",
        "id": "OSM-WAY-953938441-INNOVATION",
        "landuse": "commercial",
        "layer": "innovation",
        "name": "中冶集团建筑研究总院",
        "name:zh": "中冶集团建筑研究总院",
        "osm_id": 953938441,
        "osm_type": "way"
      },
      "type": "Feature"
    },
    {
      "geometry": {
        "coordinates": [
          [
            [
              116.392551,
              39.962864
            ],
            [
              116.392584,
              39.962011
            ],
            [
              116.39466,
              39.962097
            ],
            [
              116.394618,
              39.962688
            ],
            [
              116.394013,
              39.962663
            ],
            [
              116.393995,
              39.962922
            ],
            [
              116.392551,
              39.962864
            ]
          ]
        ],
        "type": "Polygon"
      },
      "id": "OSM-WAY-956330721-INNOVATION",
      "properties": {
        "amenity": "university",
        "evidence_status": "contextual",
        "id": "OSM-WAY-956330721-INNOVATION",
        "layer": "innovation",
        "name": "北京联合大学外馆斜街校区",
        "osm_id": 956330721,
        "osm_type": "way"
      },
      "type": "Feature"
    },
    {
      "geometry": {
        "coordinates": [
          [
            [
              116.37501,
              40.005056
            ],
            [
              116.374925,
              40.004954
            ],
            [
              116.374901,
              40.004318
            ],
            [
              116.376344,
              40.004346
            ],
            [
              116.376737,
              40.004507
            ],
            [
              116.377132,
              40.00467
            ],
            [
              116.377313,
              40.004717
            ],
            [
              116.377314,
              40.005114
            ],
            [
              116.375096,
              40.005111
            ],
            [
              116.37501,
              40.005056
            ]
          ]
        ],
        "type": "Polygon"
      },
      "id": "OSM-WAY-960940768-INNOVATION",
      "properties": {
        "amenity": "research_institute",
        "evidence_status": "contextual",
        "id": "OSM-WAY-960940768-INNOVATION",
        "layer": "innovation",
        "osm_id": 960940768,
        "osm_type": "way"
      },
      "type": "Feature"
    },
    {
      "geometry": {
        "coordinates": [
          [
            [
              116.32588,
              39.96286
            ],
            [
              116.325896,
              39.962727
            ],
            [
              116.325429,
              39.962693
            ],
            [
              116.325411,
              39.962838
            ],
            [
              116.32521,
              39.962823
            ],
            [
              116.325246,
              39.962532
            ],
            [
              116.326105,
              39.962594
            ],
            [
              116.326071,
              39.962873
            ],
            [
              116.32588,
              39.96286
            ]
          ]
        ],
        "type": "Polygon"
      },
      "id": "OSM-WAY-973219082-INNOVATION",
      "properties": {
        "building": "yes",
        "evidence_status": "contextual",
        "id": "OSM-WAY-973219082-INNOVATION",
        "layer": "innovation",
        "name": "中国农业科学院蔬菜花卉研究所",
        "name:en": "Institute of Vegetables and Flowers, CAAS",
        "office": "research",
        "osm_id": 973219082,
        "osm_type": "way"
      },
      "type": "Feature"
    },
    {
      "geometry": {
        "coordinates": [
          [
            [
              116.305051,
              39.996369
            ],
            [
              116.305346,
              39.996401
            ],
            [
              116.305369,
              39.996278
            ],
            [
              116.305199,
              39.996259
            ],
            [
              116.305204,
              39.996237
            ],
            [
              116.305237,
              39.99624
            ],
            [
              116.305253,
              39.996157
            ],
            [
              116.305285,
              39.995985
            ],
            [
              116.305368,
              39.995994
            ],
            [
              116.305391,
              39.995872
            ],
            [
              116.305016,
              39.995831
            ],
            [
              116.304993,
              39.995956
            ],
            [
              116.305044,
              39.995962
            ],
            [
              116.304993,
              39.996235
            ],
            [
              116.305075,
              39.996244
            ],
            [
              116.305051,
              39.996369
            ]
          ]
        ],
        "type": "Polygon"
      },
      "id": "OSM-WAY-986745062-INNOVATION",
      "properties": {
        "building": "house",
        "evidence_status": "contextual",
        "id": "OSM-WAY-986745062-INNOVATION",
        "layer": "innovation",
        "name": "历史学系",
        "office": "research",
        "osm_id": 986745062,
        "osm_type": "way"
      },
      "type": "Feature"
    },
    {
      "geometry": {
        "coordinates": [
          [
            [
              116.359228,
              40.007625
            ],
            [
              116.359708,
              40.007798
            ],
            [
              116.361263,
              40.007897
            ],
            [
              116.361281,
              40.007872
            ],
            [
              116.36143,
              40.007682
            ],
            [
              116.361537,
              40.007543
            ],
            [
              116.359809,
              40.006822
            ],
            [
              116.359228,
              40.007625
            ]
          ]
        ],
        "type": "Polygon"
      },
      "id": "OSM-WAY-993241536-INNOVATION",
      "properties": {
        "amenity": "research_institute",
        "evidence_status": "contextual",
        "id": "OSM-WAY-993241536-INNOVATION",
        "layer": "innovation",
        "name": "中国舰船研究院",
        "name:en": "China Ship Research and Development Academy",
        "name:zh": "中国舰船研究院",
        "operator": "中国船舶重工集团公司",
        "osm_id": 993241536,
        "osm_type": "way"
      },
      "type": "Feature"
    }
  ],
  "metadata": {
    "evidence_status": "contextual",
    "known_limitations": "Not official planning, ownership, population, service-capacity, hours, accessibility, or engineering evidence.",
    "license": "© OpenStreetMap contributors, ODbL 1.0",
    "retrieval_date": "2026-08-12",
    "role": "innovation",
    "source": "OpenStreetMap"
  },
  "name": "innovation",
  "type": "FeatureCollection"
}
